------------------------------------------------------------------------
r792 | donghao | 2025-05-19 00:52:06 -0600 (Mon, 19 May 2025) | 36 lines

M       3D_MT/FWD_SP2/EMsolve3D.f90
M       3D_MT/FWD_SP2/cudaFortMap.f90
M       3D_MT/FWD_SP2/hipFortMap.f90
M       3D_MT/FWD_SP2/kernel_c.cu
M       3D_MT/FWD_SP2/solver.f90
M       3D_MT/ForwardSolver.f90
M       MPI/Declaration_MPI.f90
M       MPI/Main_MPI.f90

Another (major) update that may break things - please use with caution! 

Updated the CUDA (for both fg and cg) kernels to attach to user defined 
stream instead of the default stream. Also try to initialize the NCCL lib 
before calling the solvers- which saves the hassle to initialize/finalize each
time we calculate a transmitter. This makes the fine grained GPU code (almost)
useful for production. Well, despite the fact I simply don't have the 
resources to fully make use of this feature... need about 6x nTx GPUs for MT,
or 3x nTx GPUs for CSEM, which translates into about 600,000 GPUs for CSEM. I 
guess there's still hope, as the Huang Complex will open the next year in OSU.
Hopefully they will grant some free GPU hours for CEOAS people?

Also tried to fiddle around the preprocess flags to make the different SP2 
versions working. Now the GPU versions will fall back to CPU versions (for 
both FG and CG), if not enough GPUs can be found. This *should* also fix the 
serial version for SP2. Not sure who is still using the serial version, 
should be useful for unit testing, at least.  

TODO:
1.   need to get rid of the mpi handles in the interfaces to keep the
code tidy. Yes, we can do that by using the mpi_declaration module (where 
all the MPI and NCCL interfaces are stored) in the EMsolve3D module with 
something like "use, only:" statement
2.   need to merge the HIP and CUDA interfaces. They are mostly identical,
we may just swap between the two fortran mapping modules (cudaFortMap and
HipFortMap) to call the underlying lib routines. 

------------------------------------------------------------------------
r791 | akelbert | 2025-05-07 14:27:50 -0600 (Wed, 07 May 2025) | 1 line

fix a major inefficiency that resulted in weird insufficient virtual memory errors on reading very large data files; the fix involves pre-allocating the receiver dictionary for 200,000 receivers, then truncating after the data are read. If you need more receivers, it should catch that and exit with a warning to change that maximum in the code. Should be good enough for most purposes.
------------------------------------------------------------------------
r790 | donghao | 2025-05-07 05:05:27 -0600 (Wed, 07 May 2025) | 27 lines

M       3D_MT/FWD_SP2/EMsolve3D.f90
M       3D_MT/FWD_SP2/cudaFortMap.f90
M       3D_MT/FWD_SP2/kernel_c.cu
M       3D_MT/FWD_SP2/solver.f90
M       MPI/Declaration_MPI.f90
M       MPI/Main_MPI.f90

Another major update to merge the multi-GPU branch to stable-. Updated the 
cudaFortMap and kernel_c part to incorperate the NCCL library for multi-
card communications. Note this only works for NVIDIA cards, for now, as I 
have not yet included the RCCL from HIP libs (which is a mess, as the HIP 
code is quite several versions behinde the CUDA version. I need to collect 
myself to find courage to merge the HIP branch... Probably won't be doing 
that before I finish the multi-gpu manuscript...

To make the four types of solvers (CG,CG+GPU,FG,FG+GPU) compatible, I also
revised the interface of FWDsolve3D (again) - now we have a "FWDsolve3D"
interface for coarse grain CPU and GPU solvers, and a "FWDsolve3Dfg" interface
for fine-grain CPU and GPU solvers. Have not yet tested if this breaks the
serial code. 

Please refrain to update to this version for production - I have not yet 
fully tested this - might break a few things (e.g. the normal fg). I have seen
instances of lock or freezing of ncclComm apis on some machines - not sure if
that's a problem of the lib or the code. 


------------------------------------------------------------------------
r789 | donghao | 2025-04-07 09:06:01 -0600 (Mon, 07 Apr 2025) | 15 lines

 INV/DCG.f90
 INV/LBFGS.f90
 INV/NLCG.f90

 New feature: 
 add a new parameter "nskip" in the inversion configuration struct
 this is used to only output the model and response files at every 
 "nskipth" iteration to save some storage. 
 useful for the GPU and fine-grain GPU versions as they iterate too
 fast and generates too many files. 
 NOTE the default is 1 (output everything and don't skip at all). 
 use 2 to output every second iteration, 3 for every third, etc.
 feel free to try any values you want (I am using 5 for my students'
 tasks). 

------------------------------------------------------------------------
r788 | donghao | 2025-03-14 03:51:22 -0600 (Fri, 14 Mar 2025) | 5 lines

M       MPI/Main_MPI.f90
a quick patch to deal with a MPI deadlock bug when using MPICH
the problem seems to come from an illegal negative comm identifier, which caused the to fall back to use the comm_world, leaving the workers waiting for comm_leader and hang...
not sure where the negative value came from, yet. 

------------------------------------------------------------------------
r787 | akelbert | 2025-03-12 14:16:13 -0600 (Wed, 12 Mar 2025) | 1 line

fixed a misprint in a configuration file
------------------------------------------------------------------------
r786 | akelbert | 2025-03-08 13:16:49 -0700 (Sat, 08 Mar 2025) | 1 line

Added three configure scripts for the new Intel OneAPI Fortran setup under Ubuntu
------------------------------------------------------------------------
r785 | cmiles | 2025-02-27 10:18:31 -0700 (Thu, 27 Feb 2025) | 20 lines

Update UserGuide with a clickable table of contents 

This commit adds a table of contents with clickable links to the ModEM user
guide. Which now allows sidebars of many PDF readers to contain the document
structure. This should make it easier for new-users to easily jump between
sections. This also updates references to sections throughout ModEM to also be
clickable.

This commit also does a little bit of cleanup to the user guide:

1. Remove commented out `selectlanauge` calls. 

This was probably a previous attempt to make the user guide bilingual in both
German and English. This is probably a good thing to have, but another commit
can do that work in the future. The references to German were causing the
auto-generated table of contents section to be titled 'Inhaltsverzeichnis'.

2. Fix some `verbatim` run-ons.


------------------------------------------------------------------------
r784 | cmiles | 2025-02-14 17:21:23 -0700 (Fri, 14 Feb 2025) | 37 lines

Update errStop to call MPI_Abort rather than just stop

This revision updates errStop to call a new subroutine, ModEM_abort. ModEM_abort
is similar to the previous version of errStop in that it stops the model, but
ModEM_abort calls MPI_Abort and calls stop with a non-zero argument.

Previous to this commit, errStop would just call `stop` without any stop codes.
Calling `stop` alone causes 'normal' termination of a program and returns an
exit code of zero.

This causes problems when running the model with MPI and with a job scheduler,
such as PBS or SLURM, as the job scheduler will not cancel the HPC allocation
after a call to `errStop`. Such an event can waste valuable core hours as the
model could fail early on.

So far, I have mostly seen this happen when the incorrect amount of arguments,
or an incorrect job flag (e.g. -f rather than -F), but there might be other
places where such an event occurs.

Thus, this revision updates `errStop` to call `ModEM_abort()` to then call
`stop` with a non-zero argument to signify success or failure to the calling
program.  Likewise, if compiled and running with MPI, `ModEM_abort()` calls
`MPI_Abort(MPI_COMM_WORLD, ...)` to ensure that all MPI tasks will be
terminated. While this will prevent a batch job from exiting quickly on error,
it will also help prevent hanging MPI tasks on non-HPC systems.

Finally, this revision replaces calls to `stop` UserCtrl.f90 with either
`errStop` or `ModEM_abort()`. There are other places in ModEM where stop is
being used. A future commit should replace such calls with either a call to
`errStop` on failure or to a subroutine, which is yet to be created, that
stops the model successfully.

Properly returning a non-zero exit code on failure will also help with future
work for continuous integration. 



------------------------------------------------------------------------
r783 | cmiles | 2025-02-14 14:06:41 -0700 (Fri, 14 Feb 2025) | 11 lines

Update Update_Freq in FWD_SP to match SP2 UpdateFreq's interface.

Similar to revision 778, this commit updates UpdateFreq in
FWD_SP/modelOperator3D.f90 to match the new interface that was introduced in
SP2. See revision 778 for more details.

Again, there is probably a better way to preform this operation, but for now,
this makes the compiler happy.



------------------------------------------------------------------------
r782 | cmiles | 2025-01-23 14:24:09 -0700 (Thu, 23 Jan 2025) | 12 lines

ModEM_Timers - Add in unit testing and C timer information

This commit adds in a file to be used for Unit testing the ModEM_timers module.
To use it, you will need to compile the ModEM_timers.f90 and
ModEM_machine_timers.c files seperatly from ModEM and link with
ModEM_timing_tests.f90. The unit tests should be ran whenever changes to the
ModEM_timers module are made.

This commit also includes information on how to compile and use the C timers
with ModEM_timers.f90


------------------------------------------------------------------------
r781 | cmiles | 2025-01-23 13:58:30 -0700 (Thu, 23 Jan 2025) | 10 lines

Fix Intel compiler error in ModEM_timers

This tiny revision changes kind=16 to a use the Fortran standard kind=int64 in
ModEM_timers. Using kind=16 allows for compilation with GFortran, but not
intel.

The iso_fortran_env is a 2003 intrinsic module that provides standardize types
and should be accesible to all Fortran compilers that support 2003. 


------------------------------------------------------------------------
r780 | cmiles | 2025-01-23 13:08:40 -0700 (Thu, 23 Jan 2025) | 10 lines

Actually add in ModEM_timers files

Mistakenly, revision 779 did not actually add the files of the ModEM_timers,
thus, this commit adds in those files.

As well, this commit destroys the 'NLCG Iteration' timer at the end of the NLCG
inverse operation so that the 'NLCG Iteration' timer is not included in the
final timer report.


------------------------------------------------------------------------
r779 | cmiles | 2025-01-08 12:24:59 -0700 (Wed, 08 Jan 2025) | 31 lines

Add ModEM_timers module to provide higher resolution timers to ModEM

This commit adds a new Module to ModEM that provides high resolution, named timers to ModEM
developers.

Previously, ModEM used the `date_and_time` intrinsic for timing operations. This works
for basic timing; however, the clock provided by `date_and_time` is not monotonic and can
speed up and slow down, mostly from NTP (for more details see:
https://blog.habets.se/2010/09/gettimeofday-should-never-be-used-to-measure-time.html).

Thus, this new module uses monotonic clocks. By default, it will use Fortran's
`system_clock` routine, but has the ability to use C timers. In order to use the C timers
however one will need to use the `-DUSE_C_TIMERS` compiler flag, and follow the directions
in `ModEM_machine_timers.c` to add it to your Makefile.

With the monotonic clock, the ModEM_timers module easily allows the ability to create,
start, stop, and destroy a new timer by a given name. It also has routines to generate a
report of all timers, or to print out the value of a timer at a specific time.

This will provide ModEM developers a way to easily add high resolution timers to sections
of the code, without having to worry about the details of timer types or low level timers.

Lastly, this commit adds new timers in a few places in ModEM. In this commit, that is:

* Total Time - Total time of running modem
* Forward - Total time of forward operation
* Inversion -  Total time of inversion
* NLCG Iteration - Time of each NLCG iteration



------------------------------------------------------------------------
r778 | cmiles | 2025-01-08 12:00:08 -0700 (Wed, 08 Jan 2025) | 21 lines

Update UpdateFreq subroutine interface to match new SP2 UpdateFreq

In a pervious revision, a change was made to the subroutine `UpdateFreq` in the
`3D_MT/FWD_SP2/modelOperator3D.f90` file. This change added a new argument to
`UpdateFreq`, `nproc`. However, this change was not mirrored in the `UpdateFreq`
subroutine of the `3D_MT/FWD/modelOperator3D.f90` version of the code.

This caused a compilation error when building the `FWD` directory, as calls to
`updateFreq` had too many arguments.

Thus, this commit adds that new, optional argument to the `UpdateFreq`
subroutine in `FWD/modelOperator3D.f90` to avoid that compilation issue. The
new argument performs no operation, and, because it is unused, will cause an
unused dummy argument warning to appear if compiling with relevant compiler
warning flags.

There is probably a better way to resolve this issue. Mainly, the `UpdateFreq`
in `FWD_SP2` could, perhaps, call MPI (or an MPI wrapper library) to 
inquire about the number of 
tasks (e.g. `call MPI_Comm_size(MPI_COMM_WORLD, ntasks, ierr)`.

------------------------------------------------------------------------
r777 | donghao | 2024-12-02 01:25:33 -0700 (Mon, 02 Dec 2024) | 11 lines

M       Makefile.sp2fg
M       Makefile.cuda
M       MPI/Declaratio_MPI.f90
M       MPI/Main_MPI.f90
M       3D_MT/FWD_SP2/solver.f90

A quick bug fix on the MPI declaration - for c_pointer to get gpu device
indices - removed a couple of illegal initializations between c-fortran 
Also exploited the "or" opera6tion to simplify the macro structure a 
little bit... 

------------------------------------------------------------------------
r776 | donghao | 2024-11-12 20:24:09 -0700 (Tue, 12 Nov 2024) | 13 lines

 MPI/Main_MPI.f90
 
 A flash update, following the previous update on CPU fine-grain 
 parallel scheme. I fiddled a little on the two-layered MPI structure
 to allow the fine grain scheme to fall back to the conventional freq-wise
 parallelization when not enough cpus are provided.

 One can (hopefully) use the fine-grain version for all CPU tasks - just
 add more CPUs to your taks, it should automatically decide which scheme
 to use.
 
 Hao

------------------------------------------------------------------------
r775 | donghao | 2024-11-11 00:03:44 -0700 (Mon, 11 Nov 2024) | 55 lines

3D_MT/FWD_SP2/EMsolve3D.f90
3D_MT/FWD_SP2/modelOperator3D.f90
3D_MT/FWD_SP2/solver.f90
MPI/Main_MPI.f90
MPI/Declaration_MPI.f90

A major update to prepare the code to merge with my multi-GPU branch.
Essentially this is a new fine-grain parallel framework, currently for 
CPUs only. It uses the similar two-layered parallelization conception 
I used in the SPETSc2 branch - albeit without any PETSc libaries 
(it's completely native in Fortran now). 

Here we split the system and preconditioner matrices into row blocks and 
diagonal blocks, before letting different CPU processes to deal with each sub-
matrix - the corresponding MPI scheme is also changed, with the same idea 
used in the multi-GPU branch.

I implemented this for fine-grained parallel methods for both CPU and GPU. 
I guess at some stage we may dump the PETSc version, which is already kind 
of obsolete - but it may still be helpful if people wants to test some 
interesting new solvers/preconditioners without writing their own routines

Currently it should be useful in practical for people who have a lot of CPU
clusters at disposal, but don't have decent GPUs... I will use this for 
the direct comparison between fine-grained CPU and GPU routines. 

For those who wants to test - please use the -DFG macro to enable this with
SP2 version. See Makefile.sp2fg for a configuration example.

The code has been tested with open-mpi 4.1.2 and gcc 9/11 on my 16-node
cluster (and my MBP). 
So far the best cost-effective scheme is still using 3 procs
per period/polarization (roughly the same as I figured out with the NCAR
system, for the old SPETSc2 version). This allows you to use nTx * 3 
cpu processes for each FWD/ADJ task, or 150 CPU cores for 25 periods and 
2 polarizations.

Please note that you really need to spread your processes out to more nodes
to get good speed-ups, e.g: distribute 6 processes on each of 10 nodes, 
instead of 30 processes on two nodes each. 

Or, as I pointed out in the original GPU paper, more processes on a single
node would simply saturate the memory bandwidth, with little efficiency 
boost. In other words, do not use the FG version if you don't have a lot of 
cluster nodes. 

I would not give more than 6 procs to a Tx task, as the block diagonal
preconditioner detoriorates very quickly with the number of sub-blocks. 

TODO: one possible idea, to improve the efficiency of the block ILU
decomposation scheme, is to distribute the "local" decomposation tasks 
to workers -
However, it may break a thing or two to implement this - so I kept it 
simple to let the group leader do all the works (as in the previous version) 

------------------------------------------------------------------------
r774 | donghao | 2024-10-07 20:53:54 -0600 (Mon, 07 Oct 2024) | 10 lines

M       2D_MT/Main.f90
M       2D_MT/DataIO.f90
M       3D_MT/DataIO.f90
M       3D_MT/Main.f90
M       3D_MT/SP_Topology/spOpTools.f90

Some purely cosmetic update to output basic information (like read/write data)
to std output, instead of std err. Well, I guess I am somehow compulsive to 
think that those information should not stay in the error output.  

------------------------------------------------------------------------
r773 | donghao | 2024-09-19 03:55:56 -0600 (Thu, 19 Sep 2024) | 38 lines

3D_MT/FWD_SP2/solver.f90
3D_MT/FWD_SP2/hipFortMap.f90
3D_MT/FWD_SP2/kernel_c.hip
MPI/Main_MPI.f90
MPI/Declaration_MPI.f90

A major update to support the non-Nvidia GPUs through HIP interface,
which is developed mainly by AMD (and a bunch of "fan" workers). 
HIP is essentially a mimic of the CUDA interface that utilizes almost
identical (can be quite different in some ways) grammar and keywords.
The idea is use HIP as a bridge to use AMD and Intel (plus some 
Chinese brands') GPUs, not everyone has a Nvidia GPU, anyway.

Still, porting from CUDA to HIP can lead to potentially strange 
behaviors, as these are indeed built on different architectures. 
I had to add (yet) another two files: the "kernel_c.hip" for custom
kernels and the "hipFortMap.f90" for c-fortran interfaces for HIP.

tested the program with GCC+HIP 6.1.0 on ubuntu 20.04. So far it is 
getting identical results and a decent speed-up with AMD and Chinese 
Hygon GPUs (not as great as Nvidia cards, though). Please see the 
Makefile.hip and Makefile.cuda for examples to setup the compiling 
environment.

Although I haven't changed too much on the Nvidia side, this update
could still break the already working CUDA parts (I made some changes
in the CUDA part to get consistent behavior between the two). 

Please use this with caution, and roll back to the previous one, if 
needed. 

Let me know if you encounter anything bizarre with CUDA or HIP.

Hao

TODO: guess I need to design a uniform driver bicg solver for both cuda 
and hip

------------------------------------------------------------------------
r772 | swilbur | 2024-07-16 13:42:12 -0600 (Tue, 16 Jul 2024) | 1 line

Removed some unnecessary code from io_hdf5.f90
------------------------------------------------------------------------
r771 | swilbur | 2024-07-16 13:25:55 -0600 (Tue, 16 Jul 2024) | 1 line

Added chagnes to ioHDF5.f90 to Efile_read subroutines so that subgroups are determined and read iteratively without using the specific group names. Added a functiont o helpoc acheive this in hdf5_io.f90.
------------------------------------------------------------------------
r770 | swilbur | 2024-07-03 13:59:25 -0600 (Wed, 03 Jul 2024) | 1 line

Recent changes to hdf5 repo. Data module should be wroking correctly but the electric field module, ioHDF5.f90, still needs to be cleaned up/finished.
------------------------------------------------------------------------
r769 | akelbert | 2024-06-04 21:59:10 -0600 (Tue, 04 Jun 2024) | 1 line

Committing a bunch of edits from 2018, then 2022 that I used locally but seemingly never pushed out to the repository.
------------------------------------------------------------------------
r768 | donghao | 2024-05-30 02:17:26 -0600 (Thu, 30 May 2024) | 34 lines

3D_MT/ForwardSolver.f90
2D_MT/ForwardSolver.f90
MPI/Main_MPI.f90

A fix for a strange problem regarding the parallel TRN calculation in 
inversions. This affects all versions with MPI calculation (even for 
2D, I assume). I found that problem when I was testing my new 8-card GPU 
platform. There is a strange lag when the master distributes tasks to 
all the workers and send the corresponding background fields in a loop.
I believe this is a problem we overlooked for years.  

It turns out the initSolver operation excuted by each worker takes too
long (mainly because of the decomposition for the preconditioner) - 
so that the MPI_SEND transfer of the field e0 cannot start until the 
initSolver finishes. As this happens, the loop for each worker will get
stuck at each initSolver call. This can easily leads to a lag of >
100s if you have a large system, and many transmitters/periods

the solution is also simple - just transfer the e0 before the initSolver
routine. In that case the master will just turn to the next worker and 
leave the previous worker doing the initialization. no further lags in 
this case. To do this I had to add a new "initSolverWithoutE0" routine
(for both the 3D and 2D!) to do the preparison without tampering the e0 
transfered from the master.


I didn't realized this as previously the TRN calculation on CPUs are 
slow enough so that the lags were not that pronouced. However, for now
the TRN is solved in <10s with GPU. This can lead to a inferior 
performance as the lag can take even longer time than the actual solver!


TODO: also need to look through the FWD works 

------------------------------------------------------------------------
r767 | swilbur | 2024-03-01 14:16:07 -0700 (Fri, 01 Mar 2024) | 1 line

Found a few bugs when dealing with data files that contain multiple data types. I fixed this and cleaned up the remaining subroutines that had any hard coded variables. The next step is to write unit test to ensure program is beahving properly.
------------------------------------------------------------------------
r766 | swilbur | 2024-02-27 15:33:23 -0700 (Tue, 27 Feb 2024) | 1 line

Added op_func, which_file, and which_transmitter function/subroutines to the hdf5_io.f90 file. These are used in determining which type of file was read and determines the type of transmitter from the data file. I have also began the proccess of removing all hard coded variable names in the dataIO_hdf5.f90 file. Previous code was not robust and only supported MT transmitter and T and Z data types. I am still working on removing all peices of hardcoded variable names and hdf5 group/subgroup names but this will work in the interim as I continue to make progress.
------------------------------------------------------------------------
r765 | donghao | 2023-12-10 02:25:25 -0700 (Sun, 10 Dec 2023) | 61 lines

3D_MT/SP_Topology/spOpTools.f90
3D_MT/SP_Topology/vecTranslate.f90
3D_MT/FWD_SP2/EMsolve3D.f90
3D_MT/FWD_SP2/modelOperator3D.f90
3D_MT/FWD_SP2/solver.f90


A fix for a long-standing problem regarding the SP2 segmentation fault
errors - or maybe I should say an attempt to fix, as I am not sure if 
it really works yet - it seems to work on my side, though. 

I guess the problem dates back to the days when Benjamin was still in OSU. 
This is almost a myth now as there are various reports about how 
the segmentation problem would emerge, on different situations. I wasn't 
even sure this is a bug, as I was never able to replicate his problem. Ben 
and Anna's test cases seemed to (somehow) run just fine on my machine.

Now that Anna brings it up again with the spherical coordinate, I spent some 
time to dig into the issue. As I never encountered that problem with 
Gfortran, my intuition is that the problem has something to do with the 
Intel compiler, which both Anna and Ben use. 

With the help of Valgrind I found that we can get an out of boundary error, 
related to the G -> T transpose when deciding the air and earth edge/nodes,
but only with intel fortran.  

Note this (the air/earth term seperation) is only used in the CCGD (SP2) 
version, for the node-based regularization term. So there is a possibility 
that the earlier versions based on edge-based regularization are not affected 
by this - I have not tested this, though. One may try to test it, with the
GradDivSetup1 subroutine. Simply replace the default GradDivSetup with 
GradDivSetup1 - and see what happens!   

Anyway, it turns out that we can trace the problem back to the original 
gridIndex subroutine in the vecTranslate module. That subroutine does a job 
to convert the i,j,k indices (from the original mf version) from an 1D index 
to used in sparse matrices. 

And that's where we have a problem with intel fortran, as Gary designed the 
subroutine to use float variables to determine the indices. For example, if we have Nx by Ny by Nz nodes - and the 1d index is ii

we can use mod(ceil(float(ii)/float(Nx)),Ny) to find the Y indices.

normally this should be totally fine - but the round-up error seems to 
be a prolem when we have very large meshes, and when the intel fortran 
tries to use vectorization to calculate the index. 

so, we tend to get the "out of bound" problem, when we have a value like 
38.0000...002, which will be interpreted as 39, with the ceil function.

to deal with this I resort to the integer calculations...
using  mod((ii+Nx-1)/Nx,Ny) instead...

So far the fix seems to work fine, with both Intel and Gfortran, but I am not 
sure if there are other places like this - which we overlooked for years.  

Anna - please let me know if this solves your problem, thanks!

TODO: also need to look for memory leaks - don't know if they lurk 
somewhere... 

------------------------------------------------------------------------
r764 | donghao | 2023-11-22 01:47:57 -0700 (Wed, 22 Nov 2023) | 32 lines

3D_MT/FWD_SP2/cudaFortMap.f90
3D_MT/FWD_SP2/solver.f90
3D_MT/FWD_SP2/EMsolve3D.f90

A very quick fix for the GPU code for gcc versions > 11
which will give you a (not very helpful) error of 

"(null):0: confused by earlier errors, bailing out"

without telling you where the error is really from. 

this is actually a gcc bug introduced not long ago, which involves
a reference to a property with duplicated name

please see: 
https://gcc.gnu.org/bugzilla/show_bug.cgi?id=110081
for details 

to deal with this, I just removed the cuda-c reference of getDevNum 
in cudaFortMap.f90, as we already defined that at Declarition_MPI.f90
because currently the GPU version is bind to MPI -

we may need to bring it back at some stage when I find the time to
peel the GPU code from MPI...

I also did some cosmetic changes in EMsolve3D.f90 to remind the user 
if they launched the wrong solver (other than BiCG) for GPU. 

Also - Anna, I think outputing the initial relative reference is 
not useful before calling the solver in EMsolve3D, as the relres array 
is not yet initialized at that time, at least for SP2 version

------------------------------------------------------------------------
r763 | swilbur | 2023-11-16 08:23:31 -0700 (Thu, 16 Nov 2023) | 1 line

uploaded the HDF5 configuration script for 3D_MT HDF5 files to be used on Denali HPC. I also uploaded the corresponding Makefile called Makefile_3D_MT_HDF5_Denali.
------------------------------------------------------------------------
r762 | akelbert | 2023-11-14 17:46:30 -0700 (Tue, 14 Nov 2023) | 1 line

This is an updated write routine for the HDF5 Efields. It is a result of a full afternoon of me and Spencer tinkering with the code together and the latest code writes a file that looks self-consistent in HDFView. However, the dimensions that we write are not consistent with the data that we write, which makes it impossible (or difficult) to read this back into Matlab or something else in the correct order. Leaving it at that for now. Might have to get back to the default (incorrect) writing to ensure that reading is consistent with what was written. The files would then not be directly interpretable. The default writing can be read into Matlab if a simple reshape command is applied.
------------------------------------------------------------------------
r761 | swilbur | 2023-10-05 14:32:37 -0600 (Thu, 05 Oct 2023) | 1 line

Added attributes to grid and subgrid. Also added statement to explain the dimension issue when using hdf5 subroutines to read and write datasets.
------------------------------------------------------------------------
r760 | swilbur | 2023-09-25 16:41:59 -0600 (Mon, 25 Sep 2023) | 1 line

Efield dataset dimensionality issue remains. The dimensions appear to be transposed upon being read by the hdf5 interface.
------------------------------------------------------------------------
r759 | swilbur | 2023-09-25 12:22:01 -0600 (Mon, 25 Sep 2023) | 1 line

Most recent runnable version of ioHDF5.f90.
------------------------------------------------------------------------
r758 | swilbur | 2023-09-25 10:55:45 -0600 (Mon, 25 Sep 2023) | 1 line

Added modes and periods datasets to the Efield subroutines contained in script ioHDF5.f90. The dataset for the efield is still not being read correctly when read from an existing hdf5 file.
------------------------------------------------------------------------
r757 | swilbur | 2023-09-20 07:25:38 -0600 (Wed, 20 Sep 2023) | 1 line

Modified the electric field file structure. Added an initial hdf5 group titled Efield which contains the transmitter type, modes, and data.
------------------------------------------------------------------------
r756 | akelbert | 2023-09-19 13:11:45 -0600 (Tue, 19 Sep 2023) | 1 line

Includes a substantial rewrite of the grid elements initialization and deallocation tactic, and includes also a number of bug fixes and other possibly substantial changes, even solver edits (the latter - from the GitLab ON joint version). Also includes new defaults as in the latest stable, specifically, BICG is now default for SP/SP2. However, this version is substantially different both from the current stable, and the current stable-. Not tested. Committing these now to create a snapshot to work from.
------------------------------------------------------------------------
r755 | akelbert | 2023-09-19 10:38:46 -0600 (Tue, 19 Sep 2023) | 1 line

And of course, the latest fix introduce a stupid MPI bug, which is no longer as of this commit. The forward modeling is tested to run efficiently in parallel (FWD and SP2).
------------------------------------------------------------------------
r754 | akelbert | 2023-09-18 16:34:39 -0600 (Mon, 18 Sep 2023) | 1 line

I promised the new defaults (BICG for SP/SP2) but I only changed these in one place, so that if the fwd config file is there but the solver is not specified, it still went back to QMR. This is now fixed so that the new default solver for SP/SP2 is really BICG.
------------------------------------------------------------------------
r753 | akelbert | 2023-09-18 16:03:09 -0600 (Mon, 18 Sep 2023) | 1 line

Reverting back the worker_job_task%solver_residual_vec diagnostics which, without proper initialization, can cause MPI segmentation faults depending on compiler specifics. Will add this back later with proper treatment in all the EMsolve3D.f90 modules and with precautions in Main_MPI.f90 even if this is not used.
------------------------------------------------------------------------
r752 | akelbert | 2023-09-18 15:47:45 -0600 (Mon, 18 Sep 2023) | 6 lines

The previous commits have caused some issues with the MPI and have not been thoroughly tested. As a result, the last commit exhibits some segmentation faults in parallel. To try to get to the bottom of this, I am reverting all the latest conceptual changes to do with the initialization, storage and deallocation of grid metric elements. This version rolls back to -r 717, then on top of that I’m adding back all improvements and bug fixes from -r 737, -r 737, -r 745, including a new one:

3D_MT/ForwardSolver.f90 - bug fix that caused the SFF to produce incorrect answers in the MPI

Will test this version thoroughly in various configurations. From here, will proceed to slowly introduce these changes back while testing at each stage that nothing is broken.

------------------------------------------------------------------------
r751 | akelbert | 2023-09-16 13:54:55 -0600 (Sat, 16 Sep 2023) | 1 line

Another rethink of the metric elements storage and initialization. Turns out that the use of the metric elements before & after they are initialized/deleted in modelOperator3D causes segmentation faults in MPI spherical (and possibly Cartesian as well - not tested). Trying a different approach where these are initialized in setGrid, which is logical, and not deallocated until cleanUp is called. The vector representations in SP/SP2 are still initialized and deallocated in modelOperator3D.
------------------------------------------------------------------------
r750 | swilbur | 2023-09-15 12:19:23 -0600 (Fri, 15 Sep 2023) | 1 line

reverted DataIO_hdf5.f90 back to older version that works. The subroutine I had written called get_transmitter was not working porperly and preventing the data file to be read and written.
------------------------------------------------------------------------
r749 | akelbert | 2023-09-14 18:56:00 -0600 (Thu, 14 Sep 2023) | 1 line

Added: spherical coordinates, joint modeling functionality, secondary field formulation (SFF), data from E field computation, and lots of other details and fixes - everything from the current stable- except for CUDA, PetSc, and HDF5, which are all experimental for now. This branch will be used to fix and further develop SFF, then spherical coordinates MT.
------------------------------------------------------------------------
r748 | akelbert | 2023-09-14 18:07:48 -0600 (Thu, 14 Sep 2023) | 1 line

NEW DEFAULT - BICG solver is now default for SP/SP2. Also some other minor fixes as committed to stable branch. This is now identical to stable, will use this as a base to include new features: initially, SFF and spherical coords.
------------------------------------------------------------------------
r747 | akelbert | 2023-09-14 18:02:06 -0600 (Thu, 14 Sep 2023) | 71 lines

This version is based on the latest stable code but includes IMPORTANT technical changes
relative to stable -rev 710, namely:

FWD,FWD_SP,FWD_SP2/EMsolve3D.f90 - NEW DEFAULTS; unless the solver is specified in the
forward solver configuration file, BICG is now the default for sparse-matrix formulations
SP & SP2. QMR is still the default for the traditional matrix-free formulation.

MPI/Main_MPI.f90 - incorporated all the deallocate statements from Naser's version 
of the code to, hopefully, eliminate the memory leaks; also cleaned up the formatting
in some obvious places. Note that this version does not include the initialization
of grid elements l_E and S_F. This is by design - this is now correctly done in
modelOperator3D.f90 for all flavors of the code (FWD, FWD_SP, FWD_SP2, FWD_SPETSc2).

MPI/Declaration_MPI.f90 - added subroutine gather_runtime and Naser's solver_name,
period and solver_residual_vec variables.

3D_MT/Sub_MPI.f90 - added rFile_Model1D variable to allow for secondary field formulation
in the near future (this version is not fully equipped with it).

FWD,FWD_SP,FWD_SP2,FWD_SPETSc2/modelOperator3D.f90 - added initialization and deallocation
of metric elements (rvectors & cvectors in addition to arrays used previously by SP*).
These are used repeatedly in EMfieldInterp.f90 and ModelMap.f90 for all, and for other
things in FWD as well. Note that this duplicates the storage of 5 metric element arrays.
Currently unavoidable (to support spherical coords) unless the code is rewritten.
Previous versions used these arrays as well but they were allocated in the wrong places.

SP_Topology/MetricElements*.f90 - added Vcell variable to support modelOperator3D.f90
metric element initialization (needed for ModelMap.f90 in SP* variants of the code).

FWD/modelParam/modelMap.inc - removed metric elements (V_C and V_E) initialization, now
correctly done in modelOperator3D.f90; incorporated Gary's changes that remove the ghost
nodes which I no longer remember anything about and which messed up Jmult for Gary.

UTILS/elements.f90 - added the logic for boundary elements and, importantly, replaced
integral approximations with finite differences for the area and volume elements. 
This has NOT been carefully verified to be better. Needs to be carefully tested.
This module is not used by the traditional 3D MT but it will be needed for the spherical coords 
modeling, which is not yet part of this distribution since it requires additional development 
before it can be released to the public.

--

Technical notes:

This version at present does NOT pass the symmetry tests, specifically Jmult. Matrix-free
is broken relative to how well it passed the test on 2022-11-17 and SP2 is substantially
broken just like it used to be. All versions compile and run, tested both in serial and
in parallel. Additional length, area and volume elements storage adds just below 7% memory 
usage to matrix-free and 10% to sparse matrix formulations, based on a typical realistic
parallel forward modeling example, because they are currently stored both in matrix form
and as vectors, for different purposes - can be improved upon with code rewrite.
A much more substantial memory reduction has been achieved by removing some of the memory
leaks from the MPI code, based on Naser Meqbel's and Paulo Werdt's analysis.

SP2 BICG formulation is be far the most efficient at present. For a realistic MPI example
with an optimized Intel-compiled code, forward modeling completes in 14.46min with SP2 BiCG
compared to 1h 49min with matrix-free QMR. However, matrix-free code requires approx 
2.5 times less operational memory than SP2.
SP2 QMR runs 3.5 - 10 times SLOWER than SP2 BICG.
The matrix-free QMR works while the matrix-free BICG never converges and is truly broken.

All these observations equally apply to stable -rev 710 that this is based upon, so I'm
committing to the svn with the intention of figuring out what has broken the symmetry
in a separate release sometime later - not the first priority right now.

Both the current stable version and this version pass the symmetry test perfectly using
the old (broken!) model and air layers, -rev 666 of stable-/unit_testing. It will take
some time to understand why the new, corrected, model and air layers - deeper lower boundary
and better resolution in the air - does not pass the Jmult symmetry test as perfectly.
After wasting a couple of days on this again, will postpone for now.

------------------------------------------------------------------------
r746 | swilbur | 2023-09-14 15:03:59 -0600 (Thu, 14 Sep 2023) | 1 line

updated ioHDF5.f90 script but am still trying to sort out the bugs in the efield_hdf5_read subroutine. The dataset being read in is not the being written in the same format as the input.
------------------------------------------------------------------------
r745 | akelbert | 2023-09-13 10:50:01 -0600 (Wed, 13 Sep 2023) | 1 line

Updated fmkmf.pl to skip over modules like hdf5 and mpi that are sourced from a library.
------------------------------------------------------------------------
r744 | swilbur | 2023-09-12 14:55:30 -0600 (Tue, 12 Sep 2023) | 1 line

The code used for writing the electric field is able to write using an ascii file as input. The read routines for hdf5 still need to be debugged. Currently working on this reading from hdf5 and writing the correct electric field values for both real and complex values.
------------------------------------------------------------------------
r743 | akelbert | 2023-09-08 16:56:35 -0600 (Fri, 08 Sep 2023) | 1 line

Switched versioning in Makefile.local to the SVN revision count, which is what we actually use.
------------------------------------------------------------------------
r742 | swilbur | 2023-08-17 13:58:11 -0600 (Thu, 17 Aug 2023) | 1 line

Updated a few subroutines that hard coded the transmitter so that they now determine the transmitter based on the input file.
------------------------------------------------------------------------
r741 | swilbur | 2023-08-07 15:31:07 -0600 (Mon, 07 Aug 2023) | 1 line

Added to the get_transmitters subroutine so that the transmitter is retrived from both ascii data file formats and hdf5.
------------------------------------------------------------------------
r740 | swilbur | 2023-08-03 10:42:41 -0600 (Thu, 03 Aug 2023) | 1 line

Added subroutine in hdf5_io.f90 that determines which transmitter is being read from hdf5 files. Need to replicate this for writing routines when input file is not hdf5. 
------------------------------------------------------------------------
r739 | akelbert | 2023-07-19 18:13:34 -0600 (Wed, 19 Jul 2023) | 1 line

Substantial changes to reorganize code in such a way that it can be compiled with or without HDF5. Among the other things, ioAscii.f90 and ioHDF5.f90 are now two versions of the ioEMsoln module, and only one of these is chosen for the Makefile; the same is true for DataIO. The relevant settings are included in the configure scripts.
------------------------------------------------------------------------
r738 | swilbur | 2023-07-19 11:35:36 -0600 (Wed, 19 Jul 2023) | 1 line

added subroutines to hdf5_io script and cleaned up the code in dataIO_hdf5. Still need to make the code usable for other trasmitter cases besides MT.
------------------------------------------------------------------------
r737 | akelbert | 2023-07-12 15:57:32 -0600 (Wed, 12 Jul 2023) | 1 line

Bug fix (nTx_Pol -> nTx_nPol); this was only a problem when compiled with MPI
------------------------------------------------------------------------
r736 | swilbur | 2023-07-12 15:04:33 -0600 (Wed, 12 Jul 2023) | 1 line

Recent changes to the write_sparseMAtrix_hdf5 subrotuine.
------------------------------------------------------------------------
r735 | akelbert | 2023-07-11 18:55:47 -0600 (Tue, 11 Jul 2023) | 1 line

Important clean up in two areas: 1) HDF5 modules are no longer causing issues when they are not used, and 2) unit elements initialization and removal cleaned up throughout to match what was done in stable-prerelease. Codes compile but have not been run (yet). Hope that nothing is broken... will be tested.
------------------------------------------------------------------------
r734 | swilbur | 2023-07-06 14:26:13 -0600 (Thu, 06 Jul 2023) | 1 line

Added subroutine write_spareMatrix_hdf5 to filter sensitivities by a given threshold value.
------------------------------------------------------------------------
r733 | swilbur | 2023-06-26 16:05:34 -0600 (Mon, 26 Jun 2023) | 1 line

 Updated the write_sensMatrixMTX subroutine to also keepo track of the receiver index.
------------------------------------------------------------------------
r732 | akelbert | 2023-06-23 18:05:34 -0600 (Fri, 23 Jun 2023) | 1 line

Fixed an issue with writing out of sensitivity matrix components sorted by component names
------------------------------------------------------------------------
r731 | swilbur | 2023-06-23 14:41:15 -0600 (Fri, 23 Jun 2023) | 3 lines

The sensitivity matrix is being written and stored as an hdf5 file. The real components for the datatype Full_Impedance are being written by the subroutine writeVec_modelParam_hdf5 but the complex values are not being written as the group names. There is also an issue in either the writeVec subroutine or write_sensMatrixMTX, because all the components and their data are repeated in the 8th subgroup, which represents the last component stored for the Full_Impedance data type. I think this has something to do with the complex components but I'm not certian. 


------------------------------------------------------------------------
r730 | swilbur | 2023-06-15 17:25:06 -0600 (Thu, 15 Jun 2023) | 1 line

most recent additions to hdf5 subroutines including writing routines for sensitivity matrix. The sensitivity matrix writing routines for hdf5 are not yet complete. The sensitivities and grid spacing need to be written to each datablock.
------------------------------------------------------------------------
r729 | akelbert | 2023-05-24 18:57:10 -0600 (Wed, 24 May 2023) | 53 lines

This version is based on the latest stable code but includes IMPORTANT technical changes
relative to stable -rev 710, namely:

MPI/Main_MPI.f90 - incorporated all the deallocate statements from Naser's version 
of the code to, hopefully, eliminate the memory leaks; also cleaned up the formatting
in some obvious places. Note that this version does not include the initialization
of grid elements l_E and S_F. This is by design - this is now correctly done in
modelOperator3D.f90 for all flavors of the code (FWD, FWD_SP, FWD_SP2, FWD_SPETSc2).

MPI/Declaration_MPI.f90 - added subroutine gather_runtime and Naser's solver_name,
period and solver_residual_vec variables.

3D_MT/Sub_MPI.f90 - added rFile_Model1D variable to allow for secondary field formulation
in the near future (this version is not fully equipped with it).

FWD,FWD_SP,FWD_SP2,FWD_SPETSc2/modelOperator3D.f90 - added initialization and deallocation
of metric elements (rvectors & cvectors in addition to arrays used previously by SP*).
These are used repeatedly in EMfieldInterp.f90 and ModelMap.f90 for all, and for other
things in FWD as well. Note that this duplicates the storage of 5 metric element arrays.
Currently unavoidable (to support spherical coords) unless the code is rewritten.
Previous versions used these arrays as well but they were allocated in the wrong places.

SP_Topology/MetricElements*.f90 - added Vcell variable to support modelOperator3D.f90
metric element initialization (needed for ModelMap.f90 in SP* variants of the code).

FWD/modelParam/modelMap.inc - removed metric elements (V_C and V_E) initialization, now
correctly done in modelOperator3D.f90; incorporated Gary's changes that remove the ghost
nodes which I no longer remember anything about and which messed up Jmult for Gary.

UTILS/elements.f90 - added the logic for boundary elements and, importantly, replaced
integral approximations with finite differences for the area and volume elements. 
This has NOT been carefully verified to be better. Needs to be carefully tested.

3D_MT/GridCalcS.f90 - added.

--

This version at present does NOT pass the symmetry tests, specifically Jmult. Matrix-free
is broken relative to how well it passed the test on 2022-11-17 and SP2 is substantially
broken just like it used to be. All version compile and run, tested in serial for now.
SP2 QMR runs 3.5 - 10 times SLOWER than SP2 BICG while the matrix-free QMR is fast.
The matrix-free BICG never converges and is truly broken.

All these observations equally apply to stable -rev 710 that this is based upon, so I'm
committing to the svn with the intention of figuring out what has broken the symmetry
in a separate release sometime later - not the first priority right now.

Both the current stable version and this version pass the symmetry test perfectly using
the old (broken!) model and air layers, -rev 666 of stable-/unit_testing. It will take
some time to understand why the new, corrected, model and air layers - deeper lower boundary
and better resolution in the air - does not pass the Jmult symmetry test as perfectly.
After wasting a couple of days on this again, will postpone for now.

------------------------------------------------------------------------
r728 | swilbur | 2023-05-19 16:58:02 -0600 (Fri, 19 May 2023) | 1 line

Uncommeneted necessary lines in the SensComp.f90 script
------------------------------------------------------------------------
r727 | swilbur | 2023-05-19 16:37:48 -0600 (Fri, 19 May 2023) | 1 line

Added new hdf5_io.f90 file to the Utilities folder. This allows for generic calls to open, close, and write hdf5 files and their attributes. This version also fixed the recent issue with the resistivity dataset dimensions. The resistivity data is now being read and writtend correctly by the hdf5 subroutines in the file HDF5.inc.
------------------------------------------------------------------------
r726 | akelbert | 2023-05-16 15:22:34 -0600 (Tue, 16 May 2023) | 1 line

Updated stable-prerelease branch to an exact copy of the most recent version of stable, -r 717. Note that the spherical coords are not tested and possibly not yet fully supported in stable yet. This is done to incorporate and test the memory fixes made externally by Naser, and any others, in Main_MPI.f90 without breaking the stable branch. Once this work is complete, will import these back into stable. Note that we cannot work on this as easily in stable- branch because that already includes the two-layer MPI by Hao and it is easier to start with the old version of MPI for this since this is what Naser works with. Summing up, complicated and technical but valid reasoning, so go ahead and trust me on this.
------------------------------------------------------------------------
r725 | swilbur | 2023-05-10 10:18:46 -0600 (Wed, 10 May 2023) | 1 line

added a derived type variable custom_att to dataIO_hdf5 as well as HDF5.inc. Along with the derived type there are new subroutines that read and write hdf5 attributes based on the type of attribute, string, dbl, or integer, and the dataset id i.e. group_id, dset_id, ect., 
------------------------------------------------------------------------
r724 | marcosbanik | 2023-04-25 17:08:27 -0600 (Tue, 25 Apr 2023) | 1 line

Update EfileWrite_hdf5
------------------------------------------------------------------------
r723 | marcosbanik | 2023-04-25 17:06:35 -0600 (Tue, 25 Apr 2023) | 1 line

Turns the read_dataVectorMTX interface into a function
------------------------------------------------------------------------
r722 | marcosbanik | 2023-04-25 17:05:28 -0600 (Tue, 25 Apr 2023) | 1 line

Turns the read_modelParam interface into a function
------------------------------------------------------------------------
r721 | marcosbanik | 2023-04-25 15:15:05 -0600 (Tue, 25 Apr 2023) | 1 line

fix variable name (nTx_Pol -> nTx_nPol)
------------------------------------------------------------------------
r720 | marcosbanik | 2023-04-25 15:09:20 -0600 (Tue, 25 Apr 2023) | 1 line

Add makefile for ubuntu-22.04 with hdf5 and mpi
------------------------------------------------------------------------
r719 | swilbur | 2023-03-30 11:32:37 -0600 (Thu, 30 Mar 2023) | 1 line

This update contain most recent changes into the HDF5 directory. These changes support functionality for -R, -f, and -d and will read and write all files from hdf5/netcdf4 to hdf5. The HDF5.inc file is not reading the the dimensions for the resistivity data correctly at this time and seems to be transposing the data. The electric field data needs to be reviewed to ensure the correct data is being written after being read.
------------------------------------------------------------------------
r718 | akelbert | 2023-03-30 10:01:16 -0600 (Thu, 30 Mar 2023) | 1 line

Exact copy of stable- branch (no PetSc but includes spherical etc) now in hdf5 branch to make it easier to complete hdf5 functionality development.
------------------------------------------------------------------------
r717 | akelbert | 2023-03-16 13:08:33 -0600 (Thu, 16 Mar 2023) | 1 line

Two more fixes for the HDF5.
------------------------------------------------------------------------
r716 | akelbert | 2023-03-16 10:00:43 -0600 (Thu, 16 Mar 2023) | 1 line

Fixed a bug that prevented the E field from being read in correctly for the DATA_FROM_E special case.
------------------------------------------------------------------------
r715 | akelbert | 2023-03-15 13:19:39 -0600 (Wed, 15 Mar 2023) | 1 line

Sorry!!! Undoing an accidental commit that we do not want
------------------------------------------------------------------------
r714 | akelbert | 2023-03-15 13:18:03 -0600 (Wed, 15 Mar 2023) | 1 line

Fixed the reading of binary E fields - was broken due to quick generalization fixes of the last commit. It works now.
------------------------------------------------------------------------
r713 | akelbert | 2023-03-15 12:34:16 -0600 (Wed, 15 Mar 2023) | 1 line

Fixed the reading of binary E fields - was broken due to quick generalization fixes of the last commit. It works now.
------------------------------------------------------------------------
r712 | akelbert | 2023-03-14 13:50:28 -0600 (Tue, 14 Mar 2023) | 1 line

Fixed a bug that prevented compiling without HDF5 and added the generalization for a flexible number of modes for binary E field reading.
------------------------------------------------------------------------
r711 | akelbert | 2023-03-14 13:19:42 -0600 (Tue, 14 Mar 2023) | 1 line

Added HDF5 option of the code that Spencer Wilbur at USGS is working with. Still a work in progress.
------------------------------------------------------------------------
r710 | akelbert | 2023-03-10 17:11:58 -0700 (Fri, 10 Mar 2023) | 1 line

A few updates to the dictionaries; added -heap-arrays to the Intel SP/SP2 release configuration to deal with the recent segmentation faults due to memory limitations on USGS supercomputer.
------------------------------------------------------------------------
r709 | swilbur | 2023-03-10 14:57:08 -0700 (Fri, 10 Mar 2023) | 1 line

the efield is being written but not read yet. Within Mod3DMT.f90 the writeSolnVector_MTX subroutine call was changed to writesolnVector_MTX_hdf5. the grid is now contained in its own group with the origins for x, y,and z stored as attributes.
------------------------------------------------------------------------
r708 | akelbert | 2023-03-01 09:04:45 -0700 (Wed, 01 Mar 2023) | 1 line

Synced with the latest version of stable-. Multiple changes, but what matters for the hdf5 development is the new -d code option to produce data from an electric field file (and output that electric field back for testing).
------------------------------------------------------------------------
r707 | akelbert | 2023-03-01 09:00:56 -0700 (Wed, 01 Mar 2023) | 1 line

This is an important commit. Gary hacked out the ghost edges mappings in ModelMap.inc because apparently this messes up Jmult, or symmetry, or both. Since I do not remember why these were needed, I have included these fixes here. They are directly transferred from the latest working branch in ModEM-ON except that I left out the VTI anisotropy which does not seem like it is needed at present.
------------------------------------------------------------------------
r706 | akelbert | 2023-03-01 08:54:30 -0700 (Wed, 01 Mar 2023) | 1 line

Simply fix: renamed the new subroutine dataFunc in SensComp.f90 to dataOnly to avoid conflict with the dataFunc module that gfortran was not happy about. Should solve the problem - Hao, please let me know!
------------------------------------------------------------------------
r705 | akelbert | 2023-02-28 09:19:25 -0700 (Tue, 28 Feb 2023) | 1 line

AIR LAYERS: NEW DEFAULT of -- fixed height 12 1000 -- as was long recommended but never updated in the hardcoded defaults. THIS UPDATE IS NOT INTENDED TO BE BACKWARDS COMPATIBLE. To compare with old defaults, use -- mirror 10 3. 30. -- in the forward solver control file.
------------------------------------------------------------------------
r704 | akelbert | 2023-02-28 09:14:31 -0700 (Tue, 28 Feb 2023) | 1 line

Extensions to the data type dictionary that allow user-friendly abbreviations for the data types and will in the future enable I/O using HDF5 data file or other direct dictionary input. This update is not disruptive.
------------------------------------------------------------------------
r703 | donghao | 2023-02-28 01:49:46 -0700 (Tue, 28 Feb 2023) | 5 lines

a quick update to setup the default GPU solver to be using  
deterministic (but slightly slower) algorithm
MT3D/FWD_SP2/solver.f90
use CUSPARSE_SPMV_CSR_ALG2 to replace ALG1

------------------------------------------------------------------------
r702 | akelbert | 2023-02-27 15:29:06 -0700 (Mon, 27 Feb 2023) | 1 line

The option -d is debugged and working (i.e., can compute the data functionals and extract the BCs directly from an E-file now). The output E-file that we can produce for testing contains exactly the same values - upon loading into Matlab and comparing - even though the diff commands tells me that the binary files differ.
------------------------------------------------------------------------
r701 | akelbert | 2023-02-24 17:42:48 -0700 (Fri, 24 Feb 2023) | 1 line

Major changes to the way boundary conditions are handled in ModEM; completely rewrote all options except for when they are computed internally. Code compiles but probably does not run correctly! - I have not tested. Hopefully does not break anything that used to work, though. In principle, this should work to correctly set up BCs from a nested EM solution file, regular EM solution file or BC file, MPI message these to the workers and back. If it breaks anything, that would probably be nested. Will test and debug next week.
------------------------------------------------------------------------
r700 | swilbur | 2023-02-21 15:13:07 -0700 (Tue, 21 Feb 2023) | 1 line

The DataIO.f90 script is now reading and writing but the attributes are not being saved correctly in the read_typelist subroutine. The components for T and Z are not read correctly if the attributes are used to update the typedictionary.The lines causing issues are currently commented out in the code and they are lines 1099-1109 and 1148-1161
------------------------------------------------------------------------
r699 | donghao | 2023-02-13 00:43:31 -0700 (Mon, 13 Feb 2023) | 7 lines

3D_MT/FWD_SP2/EMsolve3D.f90 solver.f90
fixed a bug when using solvers other than BiCG with GPU - as there wasn't any other GPU solvers at all (TFQMR should not be very hard to implement, as we already have the cpu version)... 
The code now gives a warning if selecting QMR or TFQMR - and fall back to CPU solvers. Also fixed a silly typo that caused the fortran-c interoperability to fail.  

TODO: 
there is still no means to configure the GPU version with fmkmf.perl, as the code now involves a CUDA cpp compiler (NVCC) - need to do it by hand for now - i.e. $CC and $C_FLAG thingy. See Makefile.gpu for an example.   

------------------------------------------------------------------------
r698 | swilbur | 2023-02-10 14:46:18 -0700 (Fri, 10 Feb 2023) | 1 line

The resistivity is being read correctly in the WS.inc file as well as the x,y,and z centers. I'm in the process of writing a few remaining attributes for datasets but apart from that the code should be usable.
------------------------------------------------------------------------
r697 | swilbur | 2023-02-08 16:19:35 -0700 (Wed, 08 Feb 2023) | 1 line

The WS.inc script is reading and writing the xcenter and ycenters correctly but the zcenters being populated with airlayers for the first 12 rows and I believe this is contributing to the issue with the resitivity values. I added a derived data type for attributes called custom_att. This along with a new subroutine called write_hdf5_att allows for writing attributes of type integer, real, and string.
------------------------------------------------------------------------
r696 | swilbur | 2023-02-03 15:27:59 -0700 (Fri, 03 Feb 2023) | 1 line

The WS.inc file is reading the .netcdf but when writing to a new hdf5 file I am recieving different values for xcenter, ycenter, and zcenter along with the resistivity values. The netcdf contains 32bit data types where as the hdf5 write subroutines are creating 64 bit type data. I tried adjusting this so that 32 bit data was being written but the data still did not match between the two files.The dataIO.f90 read routines need more attention because the data is not being read correclty, most likely in the read_datablocks subroutine.
------------------------------------------------------------------------
r695 | akelbert | 2023-01-31 16:22:41 -0700 (Tue, 31 Jan 2023) | 1 line

Fixed a bunch of bugs that made it impossible to run the SFF with the MPI. There may be more there to do!
------------------------------------------------------------------------
r694 | swilbur | 2023-01-31 15:18:35 -0700 (Tue, 31 Jan 2023) | 1 line

latest WS.inc, reads and writes hdf5. Take a look at the groups and datasets in the output file because you may want to discuss a different structure or names for clarity.
------------------------------------------------------------------------
r693 | swilbur | 2023-01-30 16:24:07 -0700 (Mon, 30 Jan 2023) | 1 line

corrected the ccond values by changing the index order in Sigma variable.
------------------------------------------------------------------------
r692 | swilbur | 2023-01-30 13:42:50 -0700 (Mon, 30 Jan 2023) | 1 line

This latest update reads the Sigma values from USA-Cartesian-netcdf4.nc to the rho rscalar datatype to be read by create_modelParam
------------------------------------------------------------------------
r691 | swilbur | 2023-01-30 09:35:10 -0700 (Mon, 30 Jan 2023) | 1 line

The WS.inc file is reading the resitivity values and creating the model parameters. The issue reading logical values in DataIO.f90 in the read_typelist subroutine has also been fixed.
------------------------------------------------------------------------
r690 | akelbert | 2023-01-27 17:22:39 -0700 (Fri, 27 Jan 2023) | 1 line

Setting up some basic framework for HDF5 file format I/O - no functionality yet, just the functional configure scripts. This option will be supported through separate configure scripts and an HDF5 global variable defined in the makefile, similar to the way the MPI option is currently implemented. This is the best choice since HDF5 requires libraries that are sometimes non-trivial to install.
------------------------------------------------------------------------
r689 | swilbur | 2023-01-27 15:43:33 -0700 (Fri, 27 Jan 2023) | 1 line

cleaned up the read_hdf5_typelist subroutine. I cannot convert the att_T(1) attribute from string to integer. The code I wrote that attempted to do this is on line 1248. Everything else seems to be working. I need to write an attribute to write the number of components for each datatype because that does not currently exist.
------------------------------------------------------------------------
r688 | akelbert | 2023-01-25 22:05:16 -0700 (Wed, 25 Jan 2023) | 1 line

Significant updates to dataTypes.f90 to allow reading/writing components of the dictionary directly from/to HDF5 using user-friendly abbreviations. Also some fixes to DataIO.f90 in the reading of typelist and datablocks
------------------------------------------------------------------------
r687 | swilbur | 2023-01-25 14:05:08 -0700 (Wed, 25 Jan 2023) | 1 line

The create_dataBlock subroutine, called in read_hdf5_datablocks, is throwing an error that states: datavector is already allocated
------------------------------------------------------------------------
r686 | akelbert | 2023-01-20 14:58:11 -0700 (Fri, 20 Jan 2023) | 1 line

Debugged some issues in read_hdf5_data; some additional edits needed to make this fully functional
------------------------------------------------------------------------
r685 | akelbert | 2023-01-20 12:21:30 -0700 (Fri, 20 Jan 2023) | 1 line

Unfortunately there was a strange conflict between my version and that of Spencer. Everything got removed, putting it back now with his changes.
------------------------------------------------------------------------
r684 | akelbert | 2023-01-20 12:07:41 -0700 (Fri, 20 Jan 2023) | 1 line

Cleaning up the svn from the old directories on my end
------------------------------------------------------------------------
r683 | swilbur | 2023-01-18 08:40:00 -0700 (Wed, 18 Jan 2023) | 1 line

Updated the rho variable in WS.inc to wirte the correct resistivity to hdf5
------------------------------------------------------------------------
r682 | swilbur | 2023-01-13 13:34:19 -0700 (Fri, 13 Jan 2023) | 3 lines

The most recent changes consist of updating the read_rxdict, read_txdict, read_typelist, and read_datablocks subroutines for hdf5. The read_rxdict, read_txdict, and read_typelist appear to read the dataset.h5 file when placed within the write_hdf_data subroutine but not when called using the read_hdf5_data subroutine. The read_hdf5_datablocks subroutine will not work in either case, the issue here I belive lies in the h5lexists_f subroutine from the hdf5 library. The subroutine returns that no groups exists in the dataset.
The code will compile but prduces a segmentation fault when trying to link, as well as a list of HDF5 errors that say the file, groups, and datasets do not exists. 

------------------------------------------------------------------------
r681 | akelbert | 2022-12-29 12:16:56 -0700 (Thu, 29 Dec 2022) | 1 line

unit_testing_setup.m and the corresponding model files updated to extend to 1000km depth. Otherwise, at the longer periods we were hitting the bottom boundary conditions and the impedances were wildly wrong. Need to be careful with that!!!
------------------------------------------------------------------------
r680 | akelbert | 2022-12-29 11:33:32 -0700 (Thu, 29 Dec 2022) | 1 line

Secondary field formulation (SFF) functionality added. At present, requires an external primary field; is run with the -E option; requires that + SFF is specified in the data file. Reminder: spherical coords in this version only work for SP/SP2 and NOT for the matrix-free formulation which is not modified from its original Cartesian setup.
------------------------------------------------------------------------
r679 | swilbur | 2022-12-28 11:58:36 -0700 (Wed, 28 Dec 2022) | 1 line

dataIO is being updated to contain hdf5 subroutines
------------------------------------------------------------------------
r678 | akelbert | 2022-12-28 11:43:22 -0700 (Wed, 28 Dec 2022) | 1 line

Creating a fresh hdf5 branch for the code version for Spencer Wilbur at USGS.
------------------------------------------------------------------------
r677 | akelbert | 2022-12-28 11:41:04 -0700 (Wed, 28 Dec 2022) | 1 line

Removing the obsolete hdf5 branch to replace it with a fresh stable copy.
------------------------------------------------------------------------
r676 | ml0749276 | 2022-12-10 02:19:07 -0700 (Sat, 10 Dec 2022) | 2 lines

Upload Python scripts rotating coordinates of the sites.
"python RotateCoord.py datatype datafile_Input datafile_Output rotation_angle(deg)"
------------------------------------------------------------------------
r675 | donghao | 2022-11-29 06:58:57 -0700 (Tue, 29 Nov 2022) | 14 lines

A couple of important updates on the two-layered parallel structure (as discussed in the GPU paper). 

MPI/Declaration_MPI.f90, Main_MPI.f90: 
The most important feature is a topology-based parallel paradigm. We can now get to know the number of GPU devices on a physical node, which allows an easier multiple GPU usage on multiple machines. 
The other feature is a node-based parallel method, controlled by a master switch (para_method) in Declaration_MPI.f90. The basic idea is to use the bandwidth of one entire server node to, well, accelerate one single FWD/ADJ task. It allows one to utilize tens of computational servers at once (with the PETSc routines, of course). That’s probably the best way to get maximum throughput if one doesn’t have any GPUs at hand. 
That can, of course, singlehandedly dry out your CPU-hour deposit - but I guess it worth it if you can get a total bandwidth with tens of Terabytes and get the job done faster. But note that this is turned off on default (set para_method = 1 and re-compile to try it). 

3D_MT/FWD_SPETSc2/ EMsolve3D.f90, modelOperator3D.f90: 
I also tried to make the PETSc version compatible with the new configuration format. Not sure if it works correctly, though. 

Makefiles: 
updated the tempelate makefiles (probably only used by myself for quick switch of branches). 


------------------------------------------------------------------------
r674 | akelbert | 2022-11-28 12:02:31 -0700 (Mon, 28 Nov 2022) | 1 line

IMPORTANT BUG FIX: corrects the reading of data files with multiple data types. Propagated from stable.
------------------------------------------------------------------------
r673 | akelbert | 2022-11-25 11:01:41 -0700 (Fri, 25 Nov 2022) | 1 line

Creating a branch from the current stable version to accommodate the code that has a galvanic distortion correction.
------------------------------------------------------------------------
r672 | egbert | 2022-11-23 15:28:18 -0700 (Wed, 23 Nov 2022) | 1 line

anisotropic inversion source code uploaded -- as received
------------------------------------------------------------------------
r671 | akelbert | 2022-11-23 10:31:23 -0700 (Wed, 23 Nov 2022) | 1 line

IMPORTANT BUG FIX: a subtle issue introduced by the flexible data rotation I/O (Liu Zhongyin) which resulted in errors reading multiple data types. No longer a problem.
------------------------------------------------------------------------
r670 | akelbert | 2022-11-17 12:55:57 -0700 (Thu, 17 Nov 2022) | 33 lines

Pushing many of the substantial new features to ModEM stable:

1. SP/SP2 compile time optional solvers added [Hao Dong]

In addition to the default matrix-free solution (MF), the two sparse-matrix solver schemes have been added for CC-DC (SP) and CCGD (SP2) 
methods. These typically require more memory but are also more efficient. SP2 is generally more efficient than SP.

Traditional curl-curl formulation with divergence correction (CC-DC) compared to curl-curl formulation with grad-div regularization (CCGD; 
Dong & Egbert, 2019) implemented in the sparse-matrix solver framework (SP2). CCGD is 85% faster than CC-DC approach for shorter periods, 
while the advantage increases to 200% for longer periods. Run times for the inversion test are also reduced by almost a factor of three, 
making 3D FD inversion significantly more practical.

2. Flexible air layers added [Anna Kelbert]

Historically, these were computed internally in the code. Now, specify options in the FWD control file. New default: fixed height, 12 
layers.

3. General boundary conditions added [Anna Kelbert]

A boundary conditions file can now be externally supplied on command line. The format is sparse matrix ascii.

4. Choice of the forward solver added [Hao Dong and Anna Kelbert]

Specify in the FWD control file. New default: BiCG. This is generally more efficient than QMR.

5. Choice of inversion algorithm added [Hao Dong and Gary Egbert]

Select on command line: NLCG, DCG, LBFGS.

Everything compiles and runs with ifort and gfortran. Matrix-free version passes the symmetry tests; SP2 doesn't (to fix).

DEAR USERS: please run and test the various combinations and provide feedback to the developers. Thank you!

------------------------------------------------------------------------
r669 | akelbert | 2022-11-17 12:37:40 -0700 (Thu, 17 Nov 2022) | 1 line

Removed the annoying *raise the stacksize limit* warning from vecTranslate.f90. Hopefully I had already fixed this issue by working around the Intel compiler bug. So should not really be a problem anymore.
------------------------------------------------------------------------
r668 | akelbert | 2022-11-17 12:08:54 -0700 (Thu, 17 Nov 2022) | 10 lines

Pushed significant updates from stable to stable-:

1) BUG FIX for correct treatment of apparent resistivities and phases in the inversion (Liu Zhongyin);
2) FEATURE RELEASE to allow for completely flexible data azimuths in the inversion (Liu Zhongyin);
3) Structural update of all dictionaries and data I/O to allow joint EM inversion - functionality NOT there yet.

Also, fixed a bug that caused incorrect MPI transfer of UserDef control package in Sub_MPI.f90.

Tested on symmetry (all tests passed at least with the mirror air layers) and runs in parallel with gfortran.

------------------------------------------------------------------------
r667 | akelbert | 2022-11-16 16:28:34 -0700 (Wed, 16 Nov 2022) | 14 lines

1) BUG FIX. Most embarassing, but I missed one little but important location for the apparent resistivity and phase fixes (two releases ago). Corrected now.

2) NEW FUNCTIONALITY. This version include ModEM ADORA (with Arbitrary Data Orientation Angles) implemented by Liu Zhongyin as part of his Ph.D. project.

ModEM ADORA allows the user to specify data orientations both in bulk (through the corresponding line in the header) and line-by-line, allowing for complete
generality. At the end of each line, can add the azimuths, optionally, either for Hx, or for Hx,Hy,Ex,Ey. This allows for site-by-site orientation,
as well as (primarily for compatibility with historical data) for frequency-by-frequency orientation.
Internally, the predicted responses are rotated to correspond to the desired azimuths angles. This functionality has been tested to work in synthetic
and real inversion settings (i.e., all sensitivies are implemented for all flavors of MT responses, including the impedances, tippers, apparent resistivity
and phase, and the interstation TFs). Tilts are not currently supported, but the internal code structure supports complete generality - would be easy
to implement. Need to run this specific version in all combinations again to ensure that no bugs have been introduced.



------------------------------------------------------------------------
r666 | akelbert | 2022-11-16 16:27:47 -0700 (Wed, 16 Nov 2022) | 14 lines

1) BUG FIX. Most embarassing, but I missed one little but important location for the apparent resistivity and phase fixes (two releases ago). Corrected now.

2) NEW FUNCTIONALITY. This version include ModEM ADORA (with Arbitrary Data Orientation Angles) implemented by Liu Zhongyin as part of his Ph.D. project.

ModEM ADORA allows the user to specify data orientations both in bulk (through the corresponding line in the header) and line-by-line, allowing for complete
generality. At the end of each line, can add the azimuths, optionally, either for Hx, or for Hx,Hy,Ex,Ey. This allows for site-by-site orientation,
as well as (primarily for compatibility with historical data) for frequency-by-frequency orientation.
Internally, the predicted responses are rotated to correspond to the desired azimuths angles. This functionality has been tested to work in synthetic
and real inversion settings (i.e., all sensitivies are implemented for all flavors of MT responses, including the impedances, tippers, apparent resistivity
and phase, and the interstation TFs). Tilts are not currently supported, but the internal code structure supports complete generality - would be easy
to implement. Need to run this specific version in all combinations again to ensure that no bugs have been introduced.



------------------------------------------------------------------------
r665 | akelbert | 2022-11-16 16:13:47 -0700 (Wed, 16 Nov 2022) | 1 line

Formatting changes only. No change in functionality whatsoever.
------------------------------------------------------------------------
r664 | akelbert | 2022-11-16 15:15:14 -0700 (Wed, 16 Nov 2022) | 1 line

Data I/O updated for joint EM modeling. Not tested, but should exactly mimic what Naser has for CSEM in Gitlab, generalized to allow also for tides, global modeling, etc. Internal functionality for joint EM *not there yet*. Read and write only.
------------------------------------------------------------------------
r663 | akelbert | 2022-11-16 14:12:07 -0700 (Wed, 16 Nov 2022) | 1 line

Transmitter dictionary and sensitivity matrix updated pushed to gridelements from stable.
------------------------------------------------------------------------
r662 | akelbert | 2022-11-16 14:02:10 -0700 (Wed, 16 Nov 2022) | 23 lines

Several very substantial updates that should not affect functionality but have to do with internal structure and the I/O.

1) The internal dictionaries (transmitter type, transmitter, receiver and data type) are now fully up-to-date
   to allow for joint EM modeling and inversion. This only creates the background structure; the rest of the joint
   functionality has not been added yet.

2) The data file has now been updated to the "new" (as of 2018) format. Specifically, there is now an optional additional
   third line in the header (directly following the two "#" data block header lines) that starts with a "+" sign
   and is used to specify that transmitter type. For traditional MT purposes, it will look like "+ MT".
   The data I/O is fully backwards compatible: if the additional line is not found, it assumes MT and writes old style.

3) The output for the data sensitivity matrix is substantially updated for usability, as in Gary's comment below.

I did just make changes to SensitivityMatrix because I am trying to use sensitivity matrix computed by ModEM in ModEMMinv matlab codes, for work with Williams. There were a few 
issues with what was implemented, that you should add to your version:  (1) Not enough metadata was in sensitivity file for the J that was output to be actually usable -- tx, rx 
are written, but no TxDict and RxDict, which are needed to actually interpret/use!   This is fixed now.   Dependencies change (SensMatrix needs to use the dictionary modules).   
(2)  the sensitivity matrix multiplication did not know about dataType -- this is in the data vector, which is output, but not input.   So data type was left set to 0, and then 
nothing was written to the output file for J*dm.   I added iDt property to SensVector (might not be remembering correct dataType names), so that this is available when doing the 
multiply, and hence set correctly in the D*dm output file.   Those fixes are in the gitlab working version.  

Because the dependencies have changed again, makefiles will need to be remade. But no hurry - the upcoming update will
require them to be updated again. So might as well wait a little.

------------------------------------------------------------------------
r661 | akelbert | 2022-11-16 11:59:20 -0700 (Wed, 16 Nov 2022) | 1 line

Pushed the bug fix from stable that corrects the apparent resistivity and phase inversion.
------------------------------------------------------------------------
r660 | akelbert | 2022-11-16 11:43:29 -0700 (Wed, 16 Nov 2022) | 1 line

Updating the dictionaries. Copying everything to stable except for DC - not maintained and I have no plans to work on it anytime soon. But keeping it in this version just in case.
------------------------------------------------------------------------
r659 | akelbert | 2022-11-16 10:54:56 -0700 (Wed, 16 Nov 2022) | 1 line

Only one but significant change. Updated the order of the azimuths in the input and output data files. New order: Hx Hy Ex Ey.
------------------------------------------------------------------------
r658 | akelbert | 2022-11-15 21:59:59 -0700 (Tue, 15 Nov 2022) | 1 line

Resolved all differences between ModEM ADORA and ModEM stable except those that are meaningful. Fixed details like the reorganization of MPI modules. Liu, - please make any additional changes starting from this version.
------------------------------------------------------------------------
r657 | akelbert | 2022-11-15 21:33:50 -0700 (Tue, 15 Nov 2022) | 1 line

Some minor but detailed logical and organizational edits. Created a general structure orient_t that now includes both azimuth and tilt for all fields components. Tilt is not yet being used in the code. Code compiles and runs both in serial and in parallel. Functionality should be intact but needs checking.
------------------------------------------------------------------------
r656 | akelbert | 2022-11-15 15:00:10 -0700 (Tue, 15 Nov 2022) | 1 line

Fixed a couple of bugs: 1) weird writing of header files with Intel compiler, and 2) recently introduced bug where orientations were not correctly written out to data files. Only other changes were minor and technical and updated the dictionaries to the latest stable version.
------------------------------------------------------------------------
r655 | akelbert | 2022-11-15 14:00:30 -0700 (Tue, 15 Nov 2022) | 1 line

Bug fix: apparent resistivity and phase inversion substantially improved by correct interpretation of errors in apparent resistivity and the use of radians for phases. Both changes are internal to the inversion algorithm. No changes in the data files should be required. Bug fix implemented by Liu Zhongyin in 2017.
------------------------------------------------------------------------
r654 | akelbert | 2022-11-15 12:16:50 -0700 (Tue, 15 Nov 2022) | 1 line

Creating an SVN branch for anisotropic version of the code based on the most current version of stable.
------------------------------------------------------------------------
r653 | akelbert | 2022-11-15 12:06:29 -0700 (Tue, 15 Nov 2022) | 12 lines

Starting a series of major updates of ModEM stable. Initially, pushing out the bug fixes. This version includes a new, complete set of configure scripts 
for all the other extensions that are coming up.
Some minor but annoying bugs are fixed:

1) Workaround for the type mismatch errors in MPI_declaration.f90 (MPI_pack and MPI_unpack) with the newer versions of GCC. The reason for these is that 
calling include 'mpif.h' does not allow for flexible type passing into subroutines. Instead, we should be using an MPI module. However, that will require 
more substantial compatibility changes. For now, included an -fallow-argument-mismatch argument in the configures files & makefiles to turn these errors 
into warnings. Everything still works.

2) Workaround for an annoying issue with the Intel compiler where it wraps output lines in the data file to 80 chars, making the output data file headers 
unreadable and unusable. This is now fixed (primarily by opening the file with recl=4096 argument). Works in Intel and GFortran without issues. 

------------------------------------------------------------------------
r652 | donghao | 2022-10-18 00:10:27 -0600 (Tue, 18 Oct 2022) | 1 line

another quick fix for the GPU solvers in 3D_MT/FWD_SP2/solver.f90, fixed the relative error index problem when the first guess is good enough
------------------------------------------------------------------------
r651 | donghao | 2022-10-12 20:05:50 -0600 (Wed, 12 Oct 2022) | 1 line

quick fix of a typo regarding the Jmult operation in MPI/Main_MPI.f90
------------------------------------------------------------------------
r650 | ml0749276 | 2022-10-07 21:14:21 -0600 (Fri, 07 Oct 2022) | 1 line

Add support of 6 angles (Hx,Hy,Ex,Ey,Hx_ref,Hy_ref) for each frequency, replace the Azimuth property from MTrx to dataBlock_t
------------------------------------------------------------------------
r649 | donghao | 2022-09-29 04:20:12 -0600 (Thu, 29 Sep 2022) | 1 line

INV/NLCG.f90 -- oops, forgot to change the NLCG linesearch flavor back to default (cubic)
------------------------------------------------------------------------
r648 | donghao | 2022-09-29 04:09:21 -0600 (Thu, 29 Sep 2022) | 20 lines

INV/NLCG.f90 INV/LBFGS.f90
a clean-up of the debug and stub codes during my experiments for the
linesearch schemes and LBFGS solver. also removed the LBFGSsolver2 for inversions in smooth model space

Note the default linesearch routine is "cubic" for NLCG and "wolfe2" for 
LBFGS, the wolfe2 uses only one forward and one adjoint calculations per 
iteration. So it should be 1/3 faster than the "wolfe" one (2 fwds and 1trn) 

One problem for wolfe2 is the in-exact line search (not enough descend) 
may cause an early iteration finish (or an early update of lambda) 

if you are interested, you can also try the PR+ restart criteria
for NLCG (comment the two PR lines and uncomment the PR+ ones)
From my personal experiences, they are slightly faster than the 
default "PR" criteria for NLCG

Mod3DMT.f90/Mod2DMT.f90
updated the corresponding interfaces (from LBFGSsolver2 to LBFGSsolver)


------------------------------------------------------------------------
r647 | ml0749276 | 2022-09-09 01:46:09 -0600 (Fri, 09 Sep 2022) | 1 line

add example data for ModEM ADORA, including synthetic data and real data
------------------------------------------------------------------------
r646 | ml0749276 | 2022-09-09 01:43:48 -0600 (Fri, 09 Sep 2022) | 1 line

Correct Tipper Rotation in Lrows
------------------------------------------------------------------------
r645 | ml0749276 | 2022-09-09 01:42:20 -0600 (Fri, 09 Sep 2022) | 1 line

Add support of 6 angles (Hx,Hy,Ex,Ey,Hx_ref,Hy_ref)
------------------------------------------------------------------------
r644 | akelbert | 2022-09-08 02:16:07 -0600 (Thu, 08 Sep 2022) | 1 line

New feature: added a line to the control file to choose the flavor for the forward solver. Another optional line to choose how to set up 1D model in secondary field formulation - currently unused. Note that the structure for the forward solver control file is not changed and we still read it the same way (distinct from the version that Naser has). Otherwise the changes are consistent with what Naser added. Implemented carefully so that the CUDA options are not broken.
------------------------------------------------------------------------
r643 | akelbert | 2022-09-08 02:15:19 -0600 (Thu, 08 Sep 2022) | 1 line

New feature: added a line to the control file to choose the flavor for the forward solver. Another optional line to choose how to set up 1D model in secondary field formulation - currently unused. Note that the structure for the forward solver control file is not changed and we still read it the same way (distinct from the version that Naser has). Otherwise the changes are consistent with what Naser added. NB: Jmult broken with BICG but works with QMR at present.
------------------------------------------------------------------------
r642 | akelbert | 2022-09-08 00:33:49 -0600 (Thu, 08 Sep 2022) | 1 line

As in the gridelements version, minor fix to ensure that 2D MT is no longer broken. Also, added a little more output to BICG (now deactivated anyway).
------------------------------------------------------------------------
r641 | akelbert | 2022-09-08 00:27:57 -0600 (Thu, 08 Sep 2022) | 1 line

Minor fix to ensure that 2D MT is no longer broken.
------------------------------------------------------------------------
r640 | akelbert | 2022-09-07 23:24:23 -0600 (Wed, 07 Sep 2022) | 1 line

More edits from stable-. Included all the major edits to BICG (which is now deactivated for QMR). Did not include CUDA, PetSc or the double layer parallelization. These require a separate commit once we know that they are planned for the stable release.
------------------------------------------------------------------------
r639 | akelbert | 2022-09-07 23:20:26 -0600 (Wed, 07 Sep 2022) | 1 line

A couple more updates from the gridelements version. A compiler issue warning in SP_Topology, and the edits to Mod3DMT.f90 to allow for secondary field formulation - currently only implemented in serial.
------------------------------------------------------------------------
r638 | akelbert | 2022-09-07 22:52:27 -0600 (Wed, 07 Sep 2022) | 1 line

Some updates from the gridelements version to support the secondary field formulation. Not tested yet in this version, but the symmetry test still passes so not totally broken.
------------------------------------------------------------------------
r637 | akelbert | 2022-09-07 22:32:04 -0600 (Wed, 07 Sep 2022) | 1 line

Additional major bug fix: the J symmetry test now passes with flying colors for the basic matrix-free 3D MT code version and produces results that are identical to stable-, except that all calculations take 1.5-2 times longer. The timing will need to be systematically evaluated of course. Also, some updates from stable- added. Most importantly, replaced BICG with QMR by default. Looks like BICG was possibly broken for Jmult (but not JmultT). To be tested.
------------------------------------------------------------------------
r636 | akelbert | 2022-09-07 21:45:33 -0600 (Wed, 07 Sep 2022) | 1 line

This is primarily a bug fix to correct the symmetry test for Jmult. The test currently passes up to the 7th significant digit in stable-, but it fails miserably in gridelements. Jmult is definitely wrong, and possibly other details are also inaccurate. Will work to fix this first, then will try to address the obvious problem with the divergence correction convergence - still figuring out when that shows up and when it runs appropriately, but we know that mode 2 in spherical matrix-free is definitely broken in this sense.
------------------------------------------------------------------------
r635 | akelbert | 2022-09-03 16:49:19 -0600 (Sat, 03 Sep 2022) | 1 line

Added a fwd control file to symmetry testing and working with old, mirror air layers by default now
------------------------------------------------------------------------
r634 | akelbert | 2022-09-03 15:35:51 -0600 (Sat, 03 Sep 2022) | 1 line

Bug fix. J symmetry test failed because the air layers still were not fully consistently set up. Now they are, and the J symmetry test passes to 7th significant digit but only with the old, mirror style, air layers. These are still the default. Once we change the air layers, the accuracy of the J symmetry test degrades. Also, it seems to depend on the data file. Will work on it further to track these issues down.
------------------------------------------------------------------------
r633 | ml0749276 | 2022-08-31 20:03:05 -0600 (Wed, 31 Aug 2022) | 1 line


------------------------------------------------------------------------
r632 | akelbert | 2022-08-08 16:02:12 -0600 (Mon, 08 Aug 2022) | 1 line

spaceweather branch removed - not yet used for anything
------------------------------------------------------------------------
r631 | akelbert | 2022-07-19 15:14:39 -0600 (Tue, 19 Jul 2022) | 1 line

Creating a private branch from stable- for Spencer Wilbur at USGS to work, initially, on HDF5 I/O.
------------------------------------------------------------------------
r630 | donghao | 2022-07-07 02:33:03 -0600 (Thu, 07 Jul 2022) | 43 lines

introducing the new GPU solvers - 
this (hopefully) will not affect the behavior of CPU solvers. for now I only 
implemented the GPU solver in the SP2 version - which is the most efficient CPU
version so far. 

Depending on your hardware, the GPU vs CPU speed-up can be anywhere between a 
few times (for old/weak GPUs) to tens of times for professional ones. 
The code has been tested on various computers from my old laptop (bought in
2016) to a brand-new multi-GPU workstation, with GCC+Gfortran 7/9 and CUDA 10/11

Also note that this apparently only works for NVIDIA cards, as the
implementation is through CUDA. Other "universal" interfaces like Kokkos or
OpenCL may be prefered for other GPUs - however, those interfaces do not
provide the ability to implement kernel-level improvements, yet. 

Those who want to use the code are welcomed to try - although one should bear
in mind that the GPU libs and CUDA are rather user-hostile to set-up. See
Makefile.gpu file for some basic example on how to compile the code. You have
been warned...

3D_MT/FWD_SP2/solver.f90: 

see cuBiCG/cuBiCGmix subroutines for the details of the new solvers
GPU version of the BiCG solver (should) yield consistent results as the CPU
BiCG. the default GPU solver is now the double precision version. 

3D_MT/FWD_SP2/EMsolve3D.f90: 

added a method to enable using multiple CPUs with one GPU - to mitigate the
impact of the overheads from the CPU side. This is important for an efficient
hybrid CPU-GPU parallel infrastructure. 

3D_MT/FWD_SP2/cudaFortMap.f90: 

added this file for the translation of CUDA-C interfaces to Fortran. As we can
only write kernels in C, this is kind of inevitable. 

3D_MT/FWD_SP2/kernel_c.cu:

added all custom CUDA-C kernel codes here. I never imagined myself writing C
again after all these years, hmmmmm.  


------------------------------------------------------------------------
r629 | donghao | 2022-07-06 00:06:46 -0600 (Wed, 06 Jul 2022) | 50 lines

A few updates for the solver/MPI modules prior to the major update for GPU
solvers, people who are using CPU-only calculations can (hopefully) cling to 
this version for some time, in case my GPU update leads to some turmoil in
other part of the code.   

3D_MT/FWD/solver.f90 
3D_MT/FWD_SP/solver.f90 
3D_MT/FWD_SP2/solver.f90 
3D_MT/FWD_SPETSc2/solver.f90 

added a long overdue "working" TFQMR solver for all SP methods - 
this is mainly for the SP2/SPETSc2 version as the system matrix in CCGD is
no longer symmetric - the old QMR method will need the transpose of CCGD,
which is not saved in current set-up to reduce the memory consumption. 
This leads to two extra transpose operations in a QMR iteration, which slows
down the calculation.  
also omits an unnecessary SPMV operation in the BiCG code (for all FWD
methods). Should save some time for BiCG iterations, also. 

3D_MT/FWD/EMsolve3D.f90 
3D_MT/FWD_SP/EMsolve3D.f90 
3D_MT/FWD_SP2/EMsolve3D.f90 
3D_MT/FWD_SPETSc2/EMsolve3D.f90 

updated the interfaces for various fwdsolve3d subroutines to include the
device_id variable to allow for the CUDA device manipulation

3D_MT/ForwardSolver.f90
2D_MT/ForwardSolver.f90

updated the interfaces for fwdsolve and sensolve subroutines to include the
device_id variable to allow for the CUDA device manipulation
note the 2D_MT part is merely for compatibility, there is no GPU support for
2D yet (it is useful to introduce GPU based direct solvers, though)

MPI/Main_MPI.f90
MPI/Declarition_MPI.f90

added a couple of methods to determine the number of devices on local nodes -
and a few fixes regarding using multiple CPUs to feed the tasks for a single
GPU. It also works for multiple GPUs on a node, as well.  

TODO: add a method to work with multiple GPUs one multiple nodes (need to 
find the money to buy some, though)

3D_MT/Sub_MPI.f90
2D_MT/Sub_MPI.f90

corrected a typo of "count_number_of_meaasges_to_recv", well...

------------------------------------------------------------------------
r628 | akelbert | 2022-06-28 15:57:11 -0600 (Tue, 28 Jun 2022) | 6 lines

Updating the OSU code on the new ModEM server with the edits completed while the server was down...

r628 | akelbert | 2022-02-03 15:09:36 -0700 (Thu, 03 Feb 2022) | 1 line

After battling a mysterious segmentation fault in Dec 2021 before the AGU Fall Meeting (at the point of array reshape in SP_Topology/vecTranslate.f90), added some output lines to remind the user of the -heap-arrays Intel compiler option, or ulimit -u unlimited. Everything worked when these were set. Changed the Intel config files correspondingly.

------------------------------------------------------------------------
r627 | akelbert | 2022-06-28 15:52:40 -0600 (Tue, 28 Jun 2022) | 7 lines

Updating the OSU code on the new ModEM server with the edits completed while the server was down...


r627 | akelbert | 2021-12-05 22:44:43 -0700 (Sun, 05 Dec 2021) | 1 line

Got the gridelements code working under macOS Big Sur with CommandLineTools; fixed an unintuitive bug in SFF, which is now working.

------------------------------------------------------------------------
r626 | donghao | 2021-08-25 21:40:41 -0600 (Wed, 25 Aug 2021) | 20 lines

Some long overdue update to the D-ILU preconditioner, now one can finally direct-compare the result from MF/SP and SP2 - (before this, the SP2 has to use my homebrew ILU0 preconditioner, as the old SP version of D-ILU routine does not support assymetric matrices).  

This also address (some of) Gary's concerns about the preconditioning matrices for different Txs. In this case, only the diagonal part of the U matrice need to be modified for a different freqeuncy/sigma.  
So one can write a clever routine to update the matrices - instead of assembling them again. But I should say that one still needs to scale the lower triangle matrix L with the new diagonal. This probably will not save you *too much* time... 

TODO: check if the sparsity pattern will change with a new sigma in CCGD. 

3D_MT/SP_topology/spOpTools.f90
fixed the dilu_complx_AS routine to work with asymmetric matrices (i.e. the system equation of CCGD in SP2/SPETSc2). I guess I wrote the AS version a few years ago, but never made it working... 

3D_MT/FWD_SP2/modelOperator.f90: 
change the default preconditioner to D-ILU_AS to be consistent with the SP and MF versions.  

3D_MT/FWD_SPETSc2/modelOperator.f90: 
change the default preconditioner to D-ILU_AS to be consistent with the SP and MF versions.  
note this does not actually change the performance of the CUDA solver, as they do not have a D-ILU support in CUDA, yet!

3D_MT/FWD_SPETSc2/EMsolve.f90: 
some minor modifications for the CUDA solver - the i/omega/mu/sigma diagonal is now manipulated in PETSc routines (instead of SP routines)

------------------------------------------------------------------------
r625 | anya | 2021-08-19 20:58:22 -0600 (Thu, 19 Aug 2021) | 1 line

SFF runs (a little cludgy - currently need to specify SFF in the data file also, the least of our problems). It fails for non-default air layers, more fixing needed where grid_setup is involved. When it does run, it runs weird - BICG never converges - and produces numbers that are clearly wrong.
------------------------------------------------------------------------
r624 | anya | 2021-08-18 22:49:42 -0600 (Wed, 18 Aug 2021) | 1 line

A minor update that adds the SFF option to the transmitter dictionary in 3D_EM
------------------------------------------------------------------------
r623 | anya | 2021-08-18 22:40:19 -0600 (Wed, 18 Aug 2021) | 1 line

Major changes that are only available in the 3D_EM (JT) version of the code so far. Specifically, resurrected TIDE option and added the SFF option to read in a primary field and an anomalous conductivity, and compute the total field via the secondary field formulation. None of this is tested yet but the code compiles and the regular MT options run as before.
------------------------------------------------------------------------
r622 | anya | 2021-08-18 18:55:49 -0600 (Wed, 18 Aug 2021) | 1 line

Some cleanup to better align with the latest stable-prerelease. Should not change functionality
------------------------------------------------------------------------
r621 | anya | 2021-08-18 15:33:24 -0600 (Wed, 18 Aug 2021) | 1 line

Found some very subtle but severe bugs in the old Maxwells routine that should kill the solution in spherical coordinates - how did this ever work? It probably did not. The old Maxwells routine is now correct. However, this does not help with mode 2 convergence... it still stalls... maybe this is physical but it should not be that bad, so likely there is still a bug. Checked every line of modelOperator3D.f90 but still no idea.
------------------------------------------------------------------------
r620 | anya | 2021-08-18 08:43:34 -0600 (Wed, 18 Aug 2021) | 1 line

Switched to using BICG throughout; made sure that the CurlCurl operator sets zero boundaries... no performance changes so far...
------------------------------------------------------------------------
r619 | anya | 2021-08-18 00:26:27 -0600 (Wed, 18 Aug 2021) | 1 line

Improvement: fixed a bug in Maxwells; the first mode now works, yay. Second mode stalls as before, no effective convergence. TRN now does the same but both sort of work in that they produce something reasonableafter they fail to converge...
------------------------------------------------------------------------
r618 | anya | 2021-08-17 20:42:55 -0600 (Tue, 17 Aug 2021) | 1 line

Just spent a solid couple of days trying to resurrect the gridelements version. Fixed some obvious (and not so obvious) bugs and looked deep into EMsolve3D, DivCorr etc. The verdict is: I am still unsure why dividing the RHS f by volume elements to compute phi0 works, but nothing else seems to work. Everything works just fine in the cartesian version (including the JT formulation which was developed specifically to do matrix-free grid element computations, as well some archaic joint logic which might be useful once updated). However, spherical version is clearly broken and it is most like the divergence correction. FWD works but stalls and is very slow, ADJ pretty much fails. Debugging this seems to be high priority but I am almost out of options - it is something that is only relevant when the grid is no longer regular... SP/SP2 seem to work in this version but they also seem slower than usual, maybe it is just my machine. But the matrix-free version is more accurate than any other versions we have. A side note: divergence correction in SP/SP2 seems inaccurate right now since it works with the field pre-multiplied by volume weights; mathematically there is no reason these should be divergence-free in spherical coordinates.
------------------------------------------------------------------------
r617 | anya | 2021-08-16 16:01:06 -0600 (Mon, 16 Aug 2021) | 1 line

Creating a private branch for Anna to work on the space weather developments; starting with the current version of stable-NCI.
------------------------------------------------------------------------
r616 | donghao | 2021-08-04 00:55:41 -0600 (Wed, 04 Aug 2021) | 41 lines

This is an update (and explaination) to my previous quick fix  

The main purpose is to (finaly) fix the CUDA support in the SPETSc2 forward module - need this to be compared with the "accelerated" solver that an Nvidia engineer and I have been fiddling with. 

For now the CUDA routine (fwdsolve3dc) gives (almost) identical results as the CPU-only ones - I have tested this on my workstation with a consumer GPU (GTX1080Ti), which is already slightly faster than my 8-core Xeon CPU in parallel, in terms of forward calculation.   

However, it is not very useful, in its current form, if you do not have a professional-grade GPU (i.e. full FP64 capibility). The consumer GPUs (like the one I have) are "nerfed" by design to limit the FP64 performance to 1/32 or 1/64 of their FP32 equivalents. In other words, if you have a professional card, you can expect a 16-32 times improvement in performance, in theory.  

Note that the PETSc lib is still very tricky to use, as ever - to utilize the CUDA, one key step is to configure PETSc with a cuda-aware MPI wrapper... Let me know if any of you are willing to test it!   

the detailed changlogs are listed below: 

MPI/Declaration.f90:
added a new logical variable of use_cuda and an integer variable of size_gpu to indicate the number of gpus in the whole system - useful if you have more than one gpus to spare 

MPI/Main_MPI.f90:
modified the worker_job subroutine to work with CUDA FWD/TRN methods, note that I have a really arbitary default layout for the grouping - the GPUs are now assigned to the last groups, which are supposed to deal with longer periods. Note this is not yet Benjamin-safe, as the periods are not necesarily sorted in ascending order. 

3D_MT/ForwardSolver.f90: 
slightly modified to work with the now stand-alone CUDA routine 

3D_MT/FWD_SPETSc2/EMsolve3D.f90: 
fixed a couple of variables that cause the illegal memory access in the PETSc routine (FWDsolve3Dp) 
Also introduced a new standalone CUDA procedure (fwdsolve3dc) to the fwdsolve3d interface. The cuda support was already in the FWDsolve3Dp procedure for more than a year ago, but never tested properly. 
To tell the truth, I don't think it is wise to make the cuda precedure a stand-alone one. This is however easier to debug and test (without breaking the other functions) - I will keep it here until I get an idea on the management of the (increasingly) heterogeneous computation infrastructures 

3D_MT/FWD/EMsolve3D.f90: 
3D_MT/FWD_SP/EMsolve3D.f90: 
3D_MT/FWD_SP2/EMsolve3D.f90: 
All modified to add "use_cuda" dummy variable to be compatible with the new MPI routines. 

CONFIG/Configure.SPETSc2.MAC.Intel
added a new configure file sample for SPETSc2 - one can try
    ./CONFIG/Configure.SPETSc2.MAC.Intel Makefile MPI
to prepare CPU-only makefiles, or use  
    ./CONFIG/Configure.SPETSc2.MAC.Intel Makefile CUDA 
to prepare a template for cuda (one still needs to manually supply the PETSC lib information). 

TODO: working on a more reasonable stratagy for heterogeneous system with multi-cpu and multi-gpus. Also - maybe I *should* get a better GPU, after I try out the A100 GPU that NVidia provides... 


------------------------------------------------------------------------
r615 | donghao | 2021-07-29 03:22:36 -0600 (Thu, 29 Jul 2021) | 1 line

quick fix of SPETSc2 branch
------------------------------------------------------------------------
r614 | anya | 2021-07-15 15:37:40 -0600 (Thu, 15 Jul 2021) | 1 line

Add BICG, SP & SP2; merge in some edits from stable-prerelease. At present, only the meaningful differences are left between these two branches.
------------------------------------------------------------------------
r613 | anya | 2021-07-14 13:13:48 -0600 (Wed, 14 Jul 2021) | 1 line

Bug fix. The E-field files were opened with status=REPLACE which deleted the contents before they were read. No idea how that worked for the NCI but it caused all computations to halt for me. This is a working NCI version.
------------------------------------------------------------------------
r612 | anya | 2021-07-13 16:50:04 -0600 (Tue, 13 Jul 2021) | 1 line

Pre-release version further restructured; MPI codes reverted to the older stable version - the previous merge did not compile with MPI gfortran (complained about missing model parameter functions from ModelParam_MPI.f90) and/or caused a segmentation fault with the MPI and in the course of several hours I was unable to understand what caused either of these issues. This current version is a good starting point as it compiles and runs successfully including with MPI.
------------------------------------------------------------------------
r611 | anya | 2021-07-13 13:58:46 -0600 (Tue, 13 Jul 2021) | 1 line

More edits to merge the NCI with the latest upgrades. Functionality intact; NLCG MPI still runs.
------------------------------------------------------------------------
r610 | anya | 2021-07-13 13:09:01 -0600 (Tue, 13 Jul 2021) | 1 line

More structural reorganization: inversion modules now include a common core. Functionality intact. Everything runs incl in MPI.
------------------------------------------------------------------------
r609 | anya | 2021-07-13 12:52:50 -0600 (Tue, 13 Jul 2021) | 1 line

More structural changes: inversion structure reorganized to include a common core module. Makefiles updated again. No functional edits.
------------------------------------------------------------------------
r608 | anya | 2021-07-13 12:42:04 -0600 (Tue, 13 Jul 2021) | 1 line

Preparation for a software update. Structural changes only at this point; no change in functionality. Moved the configuration files to CONFIG directory; renamed all MPI modules and subroutines to better conform to the MPI requirements (MPI_* prefix is reserved - this was causing issues with some debuggers including DDT).
------------------------------------------------------------------------
r607 | anya | 2021-07-13 12:06:36 -0600 (Tue, 13 Jul 2021) | 1 line

Merging with the latest version of stable-. Here, changes are purely structural. Compiles and runs both serial and parallel so far.
------------------------------------------------------------------------
r606 | anya | 2021-07-13 00:45:13 -0600 (Tue, 13 Jul 2021) | 1 line

Additional edits. Compiles, MPI version fails. More debugging needed. (Trying to combine MPI from Brazil/Naser with current stable-)
------------------------------------------------------------------------
r605 | anya | 2021-07-12 22:37:13 -0600 (Mon, 12 Jul 2021) | 1 line

Some minor edits - no double layer parallelization in this version. Tested in serial but not in parallel yet
------------------------------------------------------------------------
r604 | anya | 2021-07-12 20:47:58 -0600 (Mon, 12 Jul 2021) | 1 line

Step 2 - copied everything over from stable- except: PetSc, spherical coordinates modules, two-layer parallelization, and the edits to inversions. This mashup compiles but the MPI still needs to be tested. Next steps include looking at the NCI changes and the configuration file changes by Naser.
------------------------------------------------------------------------
r603 | anya | 2021-07-12 19:22:32 -0600 (Mon, 12 Jul 2021) | 2 lines

Step 1 - updating the configuration files...

------------------------------------------------------------------------
r602 | anya | 2021-07-12 19:03:10 -0600 (Mon, 12 Jul 2021) | 1 line

Creating a branch to validate the edits to ModEM stable before pushing them out.
------------------------------------------------------------------------
r601 | anya | 2021-07-12 18:03:38 -0600 (Mon, 12 Jul 2021) | 1 line

Added a small CSEM example to unit testing; changed library paths to the new Intel OneAPI.
------------------------------------------------------------------------
r600 | ml0749276 | 2021-02-02 05:48:11 -0700 (Tue, 02 Feb 2021) | 1 line

Fix bug: Unable to read data file containing both impedance and tipper data, datafile containing both apparent resistivity, phase and tipper data.
------------------------------------------------------------------------
r599 | ml0749276 | 2021-01-20 06:10:51 -0700 (Wed, 20 Jan 2021) | 2 lines

Rewrite the math constant in DataFunc.f90
Delete the comments in DataFunc.f90
------------------------------------------------------------------------
r598 | anya | 2020-09-03 19:47:30 -0600 (Thu, 03 Sep 2020) | 1 line

Some minor edits - been testing Fortran against Matlab.
------------------------------------------------------------------------
r597 | anya | 2020-09-03 19:34:07 -0600 (Thu, 03 Sep 2020) | 1 line

Updated stable- to work for spherical coordinates. Regional spherical coordinates now works with SP/SP2 (I have not tested SPETSc2). Obviously it will not work with the matrix-free FWD code, and I do not currently have plans to maintain that version of the code in spherical coordinates (currently in the gridelements branch). The impedances make sense but there are still some issues with the electric fields at the boundaries mostly in the imaginary components for longer periods that should be resolved before this code is used for practical purposes. Boundary stripes show up horizontally in the Y-component for the Y mode, and vertically in the X-component for the X mode. Note that the gridelements branch is in a similar condition, but the code is much less efficient - something else is going on undebugged right after the divergence correction. Easier to work with this version for now.
------------------------------------------------------------------------
r596 | donghao | 2020-09-01 23:23:36 -0600 (Tue, 01 Sep 2020) | 29 lines

A couple of bug fixes and tests that won't affect most "ordinary users". 

1. Most importantly, the Jmult operation is *finally* working in SP(oid). Note that Jmult is currently only used in DCG (a.k.a. data-space CG) inversion. OK, most people probably do not know that ModEM supports DCG... Still, no excuses for this long-overdue fix -  
the problem turns out to be from a silly mistake that I divided the source term in the Jmult operation with an extra Vedge volume weight... 

the modified right hand side in the CCGD scheme *should* be: 
    s + {i\omega\mu}^-1 GD*s + b    
as in eq. [26] of the Dong and Egbert 2019 paper. the real discrete form is multiplied with the volume weight to (sort of) symmetrize the system: 
    - i\omega\mu V_E j - V_E GD_II j - V_E A_IB b
as we only know about the source term s(- i\omega\mu j), we need the j:
    j = s/(-i\omega\mu)
and multiply the volume weight after applying the modification term:
    V_E * GD_II * (s / (-i\omega\mu) 
simple enough - but I somehow thought that the s term was already multiplied with the Volume weight and had j = s/(-i\omega\mu)/V_E... 

the confusing variable names also contributed a little, so I spent some time to make the naming more consistent and sort out the program logic across the different SP versions (s, si, stemp, b). 

    NOTE to Naser: this should also fix the problem for any internal sources (i.e. sources from CSEM etc.). You can try the SP/SP2 with your CSEM testings.

    the Jmult operators are tested in SP and SP2 with GFortran. See the 3D_MT/SP*/EMsolve3D.f90 for details - I didn't have the time to try out the SPETSc2. it should work, though (I don't see why not).  

2. a new way to calculate the node-based conductivity is now implemented - 
   the new idea is to average the conductivity of the six edges (that connect to a certain node) instead of averaging the conducitivy of the 8 adjacent cells. This is more straight-forward and (somewhat) comprehensive when you are considering the divergence of the current from a node. thought this could bve useful for anisotropic cases.  
   see subroutine Cell2Node2 in 3D_MT/GridCalc.f90 for details

3. a pure cosmetic feature to keep track on the number of FWD/TRN evaluations for DCG inversion. the inversion scheme now outputs the total number of those evaluations when the iteration terminates. thought this could be useful when I was staring at the long output log of a DCG inversion.  
   see INV/DCG.f90 for details. 
   TODO: we may need a mechanism to stop the inversion when the DCG stalls. Now the inversion just goes on forever until the iteration number reaches the limit (or until you grow impatient and kill it).  

------------------------------------------------------------------------
r595 | anya | 2020-08-25 11:54:20 -0600 (Tue, 25 Aug 2020) | 1 line

Fixed some typos in the unit testing scripts for MPI configurations.
------------------------------------------------------------------------
r594 | anya | 2020-08-03 19:16:50 -0600 (Mon, 03 Aug 2020) | 1 line

Just realized that the air layers were set back to default in symmetry tests that read a second conductivity model. This is now fixed.
------------------------------------------------------------------------
r593 | anya | 2020-07-30 17:26:58 -0600 (Thu, 30 Jul 2020) | 1 line

Unit testing update
------------------------------------------------------------------------
r592 | anya | 2020-07-30 17:25:51 -0600 (Thu, 30 Jul 2020) | 40 lines

A few minor details but important changed to get unit testing to work. Initially, on my Mac laptop, Jmult produced an 
obtuse error message in SP,
  Error:  RMATxCVEC: matrix and vector sizes incompatible
and SP2 forward solver failed with a segmentation fault with Intel compiler, unless run in debug mode.

1)  IMPORTANT: ioAscii.f90 changed to always use integer(4) for input and output of the electric fields in binary.
This may affect other users of the code who would have by now gotten used to the fact that this depends on the
system default. However, on a Mac laptop with an Intel compiler, it did different things on a whim (e.g., integer(4)
for cartesian code, integer(8) for spherical code in the gridelements version - not good for trying to use the files!)
Also, added some grid error checking on input.

2)  UserCtrl.f90 changed to add fwdCtrl input file to most sensitivity tests.

3)  Jmult segmentation fault in SP fixed by passing the interior edges only to Div in FWDsolve3D in EMsolve3D.f90.
Note that passing s(EDGEi) directly to Div (bypassing a temporary si complex vector) also causes the optimized version 
of the Intel compiled program to produce a segmentation fault. Not at all sure why, but it just took me hours to locate 
so won't do that again.

4)  COMPILER BUG FIX: ifort (IFORT) 19.0.4.233 20190416 produced a segmentation fault with SP2 only (not with SP!)
    at the first encounter of the line "B%val(j1:j2) = A(i)%val" in BlkDiag_Cmplx in module spOpTools.f90.
    Something to do with vectorization, since this doesn't occur in debug mode. Rewritten to use a loop
    with error checking, for now. This is most likely a temporary fix that could be eliminated later.
    Should not present a problem: this is only done once at the beginning. Note: error checking not necessary.
         !B%val(j1:j2) = A(i)%val
         do j = 1,size(A(i)%val)
            if (isnan(real(A(i)%val(j)))) then
                write(0,*) 'ERROR: NaN in BlkDiag_Cmplx for i=',i,' and j=',j
            endif
            B%val(j1+j-1) = A(i)%val(j)
         enddo

Now, Jmult in both SP and SP2 is still broken, but at least everything runs. Both versions pass all the other symmetry tests,
both in cartesian and spherical coordinates. SP2 runs much faster. Still haven't explored the accuracy and the rest.
The default matrix-free version passes all symmetry tests.

In all versions, is seems like the L operator is inaccurate in that the symmetry test is only passed if the numbers are large, 
and fails if the absolute value of the dot product is small. There's probably a subtle bug lurking somewhere. 

Everything only tested in serial, but I made no changes to the MPI.

------------------------------------------------------------------------
r591 | anya | 2020-07-28 16:40:20 -0600 (Tue, 28 Jul 2020) | 30 lines

A few minor details changed to get unit testing to work. 

1) IMPORTANT: ioAscii.f90 changed to always use integer(4) for input and output of the electric fields in binary.
This may affect other users of the code who would have by now gotten used to the fact that this depends on the
system default. However, on a Mac laptop with an Intel compiler, it did different things on a whim (integer(4)
for cartesian code, integer(8) for spherical code - not good for trying to use the files!) - Also, added some 
grid error checking on input.

2) UserCtrl.f90 changed to add fwdCtrl input file to most sensitivity tests.

3) Main_MPI.f90 changed in a minor way to add basic grid checking. Edits from stable- not pushed here yet.

4) SP/SP2 updated to reflect the latest stable-. Note however that they don't really work yet in gridelements.
Not even in cartesian coordinates. Made some crude edits to add the non-sparse grid elements to SP/SP2 to get
them to work with EMfieldInterp.f90. However, J test currently halts for some other reason. Will debug.
SP/SP2 are not at present expected to work with spherical coordinates, there's probably something else to fix
before they do. Lots, most likely.

At this point, default gridelements passes the unit testing in cartesian coords, both the symmetry tests
and the forward calculations as compared to stable- and Matlab. Note however that the L test only passes
when the numbers are large (and fails for small) so it's not very accurate for some reason. Also the impedances
differ slightly between gridelements and stable, but mostly in the 4th significant digit.

Spherical version of gridelements runs through the unit testing and supposedly passes all symmetry tests
except J test! In this latter one, J^T seems to be broken. Most specifically, it seems to be broken somewhere
after the first divergence correction. Most likely this never worked. Some major debugging to do!

I've spent a lot of time comparing the spherical and cartesian impedances, but these should not be directly
compared for the unit tests that I've set up. They are similar enough. Will also compare against Matlab.

------------------------------------------------------------------------
r590 | anya | 2020-07-20 18:14:18 -0600 (Mon, 20 Jul 2020) | 1 line

Completed unit testing level 0. Everything runs... lots of little things are broken in various versions. May add the derivative test to this later. Also, added single period E-field solutions. In 3D spherical, everything computed with the latest version of gridelements, to be validated against Matlab - so far looks like it is substantially off, based on the impedances, at least.
------------------------------------------------------------------------
r589 | anya | 2020-07-17 17:46:36 -0600 (Fri, 17 Jul 2020) | 1 line

Updated the default path to ModEM executable.
------------------------------------------------------------------------
r588 | anya | 2020-07-17 17:43:23 -0600 (Fri, 17 Jul 2020) | 1 line

Had to manually fix data file headers: looks like we need a more robust solution for these. Also, many symmetry tests fail for stable- because the arguments have apparently changed. Look into this!
------------------------------------------------------------------------
r587 | anya | 2020-07-17 17:22:09 -0600 (Fri, 17 Jul 2020) | 1 line

Adding a skeleton unit testing structure and some initial scripts.
------------------------------------------------------------------------
r586 | donghao | 2020-06-13 01:17:22 -0600 (Sat, 13 Jun 2020) | 47 lines

1. Fixed a queer bug that could cause MPI_rank errors in some cases. 
   Change the STATUS array size in Declaration_MPI module to be 
   "MPI_STATUS_SIZE". This (array size) was set to 5, while the value 
   seems to be 6 in modern MPI libs (in MPI/Declaration_MPI.f90). This 
   may cause some out-of-boundary problems. 
   This, I believe, is the origin of some strange errors in 
   stable-
   Note this may not work in extremely old MPI libs (i.e. MPI 1.0 era). 

2. Fixed another bug in the pack_userdef_control and unpack_userdef_control
   in module Sub_MPI.
   long story short, the sequences of the ctrl parameters are messed up
   between the two. like pack: 1,2,3 -->unpack: 1,2,4
   the pack subroutine exploits the fact that all the ctrl parameters are 
   stored one after another. So instead of doing the pack 20 times with 
   a 80-character string each time, the subroutine pack a 20*80 memory block 
   all at once. 
   However, the actual ctrl parameters are 21 instead of 20 - the pack 
   subroutine did not pack rFile_Prior, while the unpack subroutine 
   failed to unpack wFile_Sens...
   I just re-arranged the ctrl parameters (in UserCtrl.f90) and the unpack
   subroutine (in 3D_MT/Sub_MPI.f90) so that the pack and unpack 
   sequences match. 
   Not sure who wrote the initial version of UserCtrl.f90 - he/she should 
   look into my changes and make sure I did not touch something wrong. 

3. Fixed a memory leak in ForwardSolver (BC not deallocated in fwdSetup).
   This apparently affects all versions (including MF, SP, SP2 and SPETSc2). 
   This memleak has been there since the last year, I believe. 
   The leak will lead to a significant increase of memory usage, when the 
   program runs for some time (say, a few days), hence I would recommend
   updating to this version if you are running large inversions. 
   
   However, some compilers (Intel, for example), seems not be affected by the
   memleak as they have (sort of) better memory management.  
   I have tested the code (SP and SP2) with Valgrind and gfortran. Note there 
   are still some memleaks here and there - but most of them just have a 
   magnitude of tens of KBs - probably won't cause problems (a few megabytes)
   for modern systems. 

4. Removed a couple of intermediate arrays in SP2 and SPETSc2 (in updateCond, 
   updateFreqCond). Won't make much of real-world difference. But hey, we saved
   some memory (of size Nnode and Nedge)! 

Note I only tested the SP/SP2 versions with GFortran - not sure if SPETSc2 will 
work well with this update (it should, I believe). 

------------------------------------------------------------------------
r585 | donghao | 2020-06-11 08:08:05 -0600 (Thu, 11 Jun 2020) | 1 line

added the option to do divergence corrections in CCGD approach (SP2). The option is now commented out though. see 3D_MT/FWD_SP2/EMsolve3D.f90 and 3D_MT/FWD_SP2/modelOperator3D.f90 for details (search for "uncomment the following lines" for corresponding codes). Also modified the RHS in SP2 when a real source term (e.g. controlled source) is present - not at all useful for MT. Could be helpful for Naser and his CSEM tests, though
------------------------------------------------------------------------
r584 | donghao | 2020-02-27 17:20:10 -0700 (Thu, 27 Feb 2020) | 21 lines


A quick (but useful) update to adjust the dynamic load balancing scheme -
now the cpu load per task is accessed after each ADJ calculation
i.e. every "inversion iteration" 
- that is, two fwd operations and one JmultT operation for NLCG
       or, one fwd operation and one JmultT operation for LBFGS
       or, one Jmult operation and one JmultT operation for DCG

Also cleared a lot of debug outputs in MPI calls. 

See MPI/Main_MPI.f90 for details 

however, I just found that there is a problem running the Jmult
operation with SP2 versions (SP2,SPETSc2). there is a bug
when solving the FWD problem with a nonzero source in EMsolve3D.f90 
This will cause the DCG inversions generate erroneous
results. Need to look into the problem - Not sure if anyone is using the DCG inversion (except Gary, I guess), though!

TODO: Fix the Jmult bug 


------------------------------------------------------------------------
r583 | donghao | 2020-02-25 16:49:34 -0700 (Tue, 25 Feb 2020) | 82 lines



A major Update to backport the two-layer parallelization version from ModEMdevel to stable- Now it is possible to try out the finer-grain parallelization with   ModEM and PETSc (i.e. use more CPUs than the number of Transmitters). As I reserved the necessary interfaces, it is also possible now to build your own finer-grain parallel forward scheme upon the two-layer structure (and avoid the PETSc mess). See MPI/Main_MPI.f90 for details.

Well, to use the finer-grain parallel scheme in its current form, One needs to compile ModEM with proper configured PETSc lib. Please refer to http://mcs.anl. gov/petsc/ for the (exhausting) procedures for the setup of PETSc libs.

See CONFIG/Configure.SPETSc2.MAC.GFortran for a sample configuration file for the Makefile - Note that one needs to edit the '-pdir' parameter for the location of PETSc lib, in order to tell the makefile where to find the extra include and link files.

After the building, Simply assign more CPUs than nTx (nPer*nPol+1 in MT) to try the finer-grain parallel feature. One of the potential loopholes of the new version is still the dynamic load-balancing system. Although I have been using it for a while (seems robust to me so far), it might still produce some queer results in some situations I overlooked. As far as I tried, it is good enough for my “everyday work”, although the efficiency (for both time and memory) can certainly be improved.

Note that for the finer grain parallelization to work effectively, the problem to be solved should be large enough (in the sense of the degree of freedom). Testing the PETSc version with a toy model would most certainly lead to a slow-down as the benefit of more CPUs is easily overshadowed by the extra overhead introduced.

Another thing worth noting is that now ALL other versions (MF/SP/SP2) share the same two-layered parallel structure. But only the SPETSc2 version is able to effectively utilize it (non-PETSc programs will just behave like before).    So it IS also possible to assign more CPUs than "the necessary number" in those versions, albeit the extra CPUs won't do anything but wait while others do the job.

Let me know if you encounter any problems with this version!
Hao

Detailed change logs are as follows:

MPI/Main_MPI.f90
    updated to implement the new two-layered parallel structure 
    to utilize the (not really) new FWD_SPETSc2 forward routines.
    the program should behave similar to the previous structure if the provided
    number of worker CPUs is smaller or equal to the number of tasks 
    (i.e. Nworker <= nTx)
MPI/Main_MPI.bak
    backup of the previous Main_MPI.f90 - useful if one does not want to 
    tamper with the new two-layer parallel structure
3D_MT/ForwardSolver.f90
    added new optional mpi_comm parameters to FwdSolve and SensSolve for 
    the implement of two-layer parallel structure
2D_MT/ForwardSolver.f90
    added similar dummy optional mpi_comm parameters to FwdSolve and SensSolve
    to keep the compatibility of two-layer parallel structure
3D_MT/SolnSpace.f90
    fixed a bug when b%allocated== true but b%b(iTx)%allocated == false
    in create_rhsvector subroutine.
    well, normally this should not happen at all -
    this is more like a side effect when a dummy comb(b) is assigned 
    to one of the workers (non-leader) in a mpi subgroup. let's say after a
    REGROUP command, that worker becomes a leader. In this case the dummy comb
    has to be replaced by a real rhsvector. This could generate an error as 
    the dummy comb is not yet allocated (but treated like one as the programme
    only checked if b%allocated == true). 
3D_MT/FWD_SPETSc2/EMsolv3D.f90
    main driver module for the SPETSc2 forward branch, uses the external 
    PETSc libs to do the forward calculation in (finer grain) parallelization  
    the FWDsolve3D interface now has two actual subroutines: 3Ds and 3Dp
    FWDsolve3Ds is the old standalone forward code (without petsc)
    FWDsolve3Dp is the code with petsc parallelization
3D_MT/FWD_MF/EMsolv3D.f90
    added a dummy parameter in FWDsolve3D for the compatibility of the 
    two-layered parallel structure. 
3D_MT/FWD_SP/EMsolv3D.f90
    added a dummy parameter in FWDsolve3D for the compatibility of the 
    two-layered parallel structure. 
3D_MT/FWD_SP2/EMsolv3D.f90
    added a dummy parameter in FWDsolve3D for the compatibility of the 
    two-layered parallel structure. 
3D_MT/FWD_SPETSc2/modelOperator3D.f90
    essentially the same module as in the FWD_SP2 branch, might want to 
    keep only one copy of those 
3D_MT/FWD_SPETSc2/spModOpTest.f90
    essentially the same module as in the FWD_SP2 branch, might want to 
    keep only one copy of those 
3D_MT/FWD_SPETSc2/solver.f90
    obsolete if the finer grain parallelization is utilized
    essentially the same module as in the FWD_SP2 branch, might want to 
    keep only one copy of those 
3D_MT/FWD_SP2/modelOperator3D.f90
    removed the PETSc macro - no longer used as SPETSc2 has its own
    modelOperator module now.
CONFIG/Configure.SPETSc2.MAC.GFortran
    simple configure file for SPETSc2 - also have to modify the fmkmf.pl
    to use that (I just finally remembered why I didn't like perl).  
    NOTE: unfortunately the Makefile generated cannot be used gracefully by 
    typing "make", one has to use "make all" to do the compling and building
    (a silly PETSc include rule prevents you from doing that)
fmkmf.pl
    slightly changed to be compatible with the PETSc lib
    

------------------------------------------------------------------------
r582 | donghao | 2020-02-12 02:27:19 -0700 (Wed, 12 Feb 2020) | 1 line

A quick fix for the IEEE_DIVIDED_BY_ZERO warning for the SP2 version. commented the line that zeros SigNode vector in 3D_MT/FWD_SP2/modelOperator3D.f90. The line would generate the aforementioned warning as 1./SigNode is used as the scaling factor in the modified system of equations. That was probably a mistake when I backported the ModEMdevel version to stable- bug was not there in ModeEMdevel. Thanks go to Anna - for pointing that out
------------------------------------------------------------------------
r581 | anya | 2020-02-07 18:59:55 -0700 (Fri, 07 Feb 2020) | 1 line

Two variants of the model operator decoupled. FWD/modelOperator3D.f90 is in its final form. FWD_CtC/modelOperator3D.f90 needs to be further simplified, dramatically, to only use the differential operators. However, this will take some thought so leaving this incomplete but functional at present. The Configure scripts and Makefiles need to be updated to reflect the new structure. Testing is next.
------------------------------------------------------------------------
r580 | anya | 2020-02-07 18:34:08 -0700 (Fri, 07 Feb 2020) | 37 lines

HUGE CLEANUP of the gridelements version of ModEM. Everything is now EXACTLY consistent with stable- (r577) with only those difference that matter.

Difference between gridelements (3D MT version) and stable-

3D_MT/FWD/modelOperator3D.f90 in gridelements, spherical coords logic
3D_MT/EMfieldInterp.f90 in gridelements, spherical coords logic
FIELDS/FiniteDiff3D/sg_diff_oper.f90 in gridelements, spherical coords logic
Makefile.local reflects that these are different versions

Meaningful changes that were removed (for now):

3D_MT/FWD/solver.f90 in gridelements, BICGiter iterations count has additional factor of 2 logic included - adopting the version in stable- (edits saved in solver.f90.sav)
3D_MT/FWD_SP2/modelOperator3D.f90 in gridelements, right after line 284 in FWD_SP2/modelOperator3D.f90 there was the following comment in my older version of the code 
         SigEdge(EDGEb) = 0.0 !force the boundary to be zeros...
         ! note: we don't really want to do this for the nodes as we will be
         ! using 1./SigNode as scaling factor
         ! SigNode(NODEb) = 0.0 !force the boundary to be zeros...
so that SigNode(NODEb) was NOT set to zero there, i.e., that line was commented out.  In stable-, there is no such comment and the line is active.
Going with the stable- version for now.

Also,

1) Removed ALL duplicate files from 3D_EM only leaving those that are truly different; and
2) Created a new subdirectory 3D_MT/FWD_CtC to store the Curl Curl operator version of modelOperator3D.f90 there and run the two options in parallel.

NOTE: in the current modelOperator3D.f90 there is possibly twice as much storage as needed, for two different methods - check!

The edits to modelOperator3D.f90 not yet implemented.

NOTHING IS TESTED AT ANY LEVEL YET.

Need to test to see that
1) this produces identical results to 3D MT in stable-;
2) compiles and runs with spherical coords;
3) produces reasonable results with spherical coords.

How is this functionally different from 3D EM? Is 3D EM needed? Maybe the required provisions for tides, etc can instead be copied into 3D MT. Explore.
------------------------------------------------------------------------
r579 | anya | 2020-02-05 14:31:23 -0700 (Wed, 05 Feb 2020) | 1 line

Bug fix. Removed the lines in the exitSolver that caused the MPI code to keep running long after the computations were completed, instead of exiting gracefully. This got introduced (by me) in the rev 535 about 15 months ago. I must have been trying to do different things for different txTypes. That logic was removed but this got left in there accidentally. It only caused problems just before exiting after the dictionaries are deallocated. Thanks to Ben Murphy for pointing this out.
------------------------------------------------------------------------
r578 | anya | 2020-02-05 14:24:49 -0700 (Wed, 05 Feb 2020) | 1 line

Bug fix. Removed the lines in the exitSolver that caused the MPI code to keep running long after the computations were completed, instead of exiting gracefully. This got introduced (by me) in the rev 535 about 15 months ago. I must have been trying to do different things for different txTypes. That logic was removed but this got left in there accidentally. It only caused problems just before exiting after the dictionaries are deallocated. Thanks to Ben Murphy for pointing this out.
------------------------------------------------------------------------
r577 | ml0749276 | 2019-12-05 00:10:14 -0700 (Thu, 05 Dec 2019) | 1 line

Change the lambda decrease condition in NLCGSolver to its original.
------------------------------------------------------------------------
r576 | donghao | 2019-11-12 02:11:19 -0700 (Tue, 12 Nov 2019) | 45 lines

An initial implementation for the inversion in normal or 'smooth' model space. The major motivation is to try different regularization methods in ModEM. see below email message for details.  

Files touched:
f90/UserCtrl.f90
f90/3D_MT/Main.f90
f90/3D_MT/Sub_MPI.f90
f90/INV/INVcore.f90

Files added:
f90/3D_MT/modelParam/modelCov/CovarianceOperator.inc
f90/3D_MT/modelParam/modelCov/CovarianceOperator.hd
f90/INV/LBFGS2.f90 

NOTE: to make the whole thing compile, one needs to change LBFGS.f90 to LBFGS2.f90 in Makefiles generated by Anna's config scripts
===============================================================================

Dear All, 

I am forking a new temporary branch from stable- (currently uninspiringly named "stable-ortho”). 

The basic idea is quite simple: retreat to the normal or “smooth” model space (m) from ModEM's previous rough/transformed model space (mHat) and test different model covariance operators 

Apparently other covariance operators (like L2) didn’t really go very well in transformed model space. As Gary mentioned, we probably need some cool preconditioner to make the inversion scheme stable in modified model space. Yes, there were no preconditioner for the inversion problem in ModEM as the transformed model space with 1D AR roughen-er seemed quite well conditioned. However, the laplacian roughening operator makes the transformed model space quite ill-conditioned (very rough). So far, the most obvious methods I tried (like a diagonal preconditioner or BFGS-style Hk preconditioner) didn’t really work well. (please let me know if you have good ideas about constructing a simple preconditioner in mHat space)

Ultimately, it would be nice if we can find a way to do it in transformed model space. But for now I decided to make the (trivial) move to go back to the smooth model space (like what others are doing). So far I have tried to implement 3 covTypes in normal model space. The following should work in both SP and MF forward frameworks. And you are welcomed to try them out, should you have the time. 

1) covType = 1: 1D AR - *should* act similar as in the transformed model space (default ModEM) 
2) covType = 2: L2 (Cm^0.5 = Laplacian) - a lot smoother than the AR, but can fit the data (almost) as well.  
3) covType = 3: L1 (Cm = Laplacian) -  rougher than L2 - not sure how to implement in transformed model space as one cannot easily construct a Cm^0.5. 

There is no “best” covariance operator, of course. Generally, L1 and L2 give you more large-scale structures, while AR produces more small scale blobs and splinters. The covType parameter is currently hard coded in Userctrl.f90 (I feel no point to add it in a ctrl file yet). Currently cov files are also supported for L1 and L2 operators to turn off the smoothing between certain model subdomains. I have not tested it, though. Other details can be found in 3D_MT/modelParam/modelCov/CovarianceOperator*

As I am eliminating the model perturbation mHat in the search procedure, the objective function, line search and gradient calculation subroutines should *all* be modified - for now only the LBFGS method is supported. But other methods should be easily changed to work in normal model space as well. See INV/INVcore.f90 and INV/LBFGS2.f90 for details. There are a number of other minor modifications to accommodate the above mentioned changes (like some minor tricks to pack and send the covType to parallel workers in 3D_MT/Sub_MPI.f90). 

OK, I know this will make the ModEM branches even more complicated. But it provides a testbed for new model regularization methods. Other regularizations can be easily added in CovarianceOperator include files. Now it is also trivial to get rid of the prior model in the penalty function as we are in the normal model space (the prior is still here by default currently). And it is probably a better idea to move my personal experiments in SP2 to an updated and (hopefully) more stable branch, in case any of you (or your students) want to try it. 

Regards, 
Hao


Anna - 

By mistake, I forked the whole directory of stable- (instead of just the f90 folder) to stable-ortho - sorry for that! 
You might want to throw away the other parts (example/docs, etc) to save some space on the server. 

------------------------------------------------------------------------
r575 | donghao | 2019-11-11 00:23:38 -0700 (Mon, 11 Nov 2019) | 1 line

a branch of stable-, which searches in 'normal' or smooth model space instead of the rough modified model space in ModEM; this is used to implement different model covariance methods
------------------------------------------------------------------------
r574 | ml0749276 | 2019-10-17 00:13:17 -0600 (Thu, 17 Oct 2019) | 6 lines

1) Add conditional compile key word "MPIMOD" in mpi relative codes, to make the codes can be compiled and run in parallel form in windows
2) Add a new optional parameter in -R with "rotate angle", to rotate the output full impedance file
3) Change the codes of reading and writing data in DataIO.f90



------------------------------------------------------------------------
r573 | ml0749276 | 2019-10-16 23:56:07 -0600 (Wed, 16 Oct 2019) | 3 lines

1) Move "Azimuth" from dataBlock_t to MTrx
2) Add conditional compile key word "MPIMOD" in mpi relative codes, to make the codes can be compiled and run in parallel form in windows

------------------------------------------------------------------------
r572 | ml0749276 | 2019-08-21 19:56:40 -0600 (Wed, 21 Aug 2019) | 1 line

add support of phase data in -iwt.
------------------------------------------------------------------------
r571 | ml0749276 | 2019-08-21 19:47:52 -0600 (Wed, 21 Aug 2019) | 1 line

update the correction while using apparent resistivity and phase data for inversion.
------------------------------------------------------------------------
r570 | anya | 2019-07-02 20:15:03 -0600 (Tue, 02 Jul 2019) | 138 lines

A trivial but important and disruptive code reorganization. MPI modules/subroutines/variables have been renamed to no longer violate the MPI protocol.

Since modules (rather than subroutines) actually need to be renamed, there are all the dependencies that need to be tracked down, and all Makefiles need to be recreated. Since we are doing this anyway now with the introduction of two new modules (INVcore.f90 and LBFGS.f90), this seems to be a good time to do this.

Specifically, I renamed:

MPI_main.f90 -> Main_MPI.f90
MPI_sub.f90 -> Sub_MPI.f90
MPI_declaration.f90 -> Declaration_MPI.f90

Also, subroutines

MPI_constructor -> constructor_MPI
MPI_destructor -> destructor_MPI

I may have missed some other names to rename, but this addresses most of it. All other changes may be done without a major renaming and reorganization, unless and until we employ Fortran2003 with OOP. The code still compiles and runs in parallel.

We will need to also do this to stable at some point, but since that would be disruptive, I suggest we combine it with other major changes in the future.

I have created a CONFIG directory like we used to have in the trunk, and committed that. I have removed the Configure files from the root directory of ModEM; please feel free to revert any of them if you need them, but place them in the CONFIG now. You will need to use the Configure files to remake the makefiles before anything works for you again. It's good that we're going that now when people are actively working on the code! There is a good chance that it will go smoothly.

Finally, I have added some preliminary spherical coordinate modules for my own convenience.

NOTE: 2D parallel is currently broken in stable-. This isn't because of the renaming changes, but because of the reference to EdgeLength and FaceArea elements in Main_MPI (these aren't defined for 2D). I think these references are my fault and they need to be replaced with something substantially more elegant. Hopefully this will get fixed when the MPI gets reworked.

Email correspondence on the renaming issue is attached below for reference.




-------- Forwarded Message --------
Subject: 	Re: Re: [EXTERNAL] MAP with MoD3DMT
Date: 	Sun, 9 Jun 2019 12:03:03 +0800
From: 	董浩 <donghao@cugb.edu.cn>
To: 	meqbel <meqbel@modem-geophysics.com>
CC: 	anna kelbert <akelbert@usgs.gov>, gary egbert <egbert@coas.oregonstate.edu>


Hi Naser,


The problem is not with a particular compiler (or at least the MPI works fine for me with gfortran, ifort and Portland). So far it is only a potential issue as it violates the naming protocol of MPI and may cause confusion (with some auto-optimization schemes or profiling software). I guess we just need to take the precaution and change those names.


Cheers,

Hao


    -----Original Messages-----
    From:meqbel <meqbel@modem-geophysics.com>
    Sent Time:2019-06-06 21:31:59 (Thursday)
    To: "DONG Hao" <donghao@cugb.edu.cn>, "Anna Kelbert" <akelbert@usgs.gov>
    Cc: "Gary Egbert" <egbert@coas.oregonstate.edu>
    Subject: Re: [EXTERNAL] MAP with MoD3DMT

    Hi Anna and Hao,
    Is the problem with the MPI  naming for a certain debugger? 
    I am fine if we end up renaming stuff in MPI routines and/or variables. I remember that I used gd long time ago to debug the code and I don't remember that MPI names were an issue.  But anyway, you can take the steps which you see appropriate for the code.


    Cheers,
    Naser



    Sent from my Samsung Galaxy smartphone.

    -------- Original message --------
    From: DONG Hao <donghao@cugb.edu.cn>
    Date: 05/06/2019 04:37 (GMT+01:00)
    To: Anna Kelbert <akelbert@usgs.gov>
    Cc: Naser Meqbel <meqbel@modem-geophysics.com>, Gary Egbert <egbert@coas.oregonstate.edu>
    Subject: Re: [EXTERNAL] MAP with MoD3DMT

    Hi Anna (and All) -

    In theory, the compiler actually doesn’t know about whether an MPI_ subroutine is from the MPI lib or not. As long as there are source codes, it will try optimizing the computation - the "practical" performance will not be different (I believe). The problem (with some profiler softwares, for example) is you don’t know if the optimization works or not. 

    Sorry, I must admit that I knew the naming issue before (I think I mentioned it to Gary once). I am more than happy to see it fixed. And moving the MPI to the end of the name would simplify the procedure. But I would hear Naser’s input first. 

    BTW, there are also some variables that start with MPI_. These should also be modified, as MPI reserves some names for certain usage (e.g. MPI_COMM_WORLD).  


    Cheers, 
    Hao

    P.S. I fixed a typo in the LBFGS module in stable- (wasn’t there in old ModEMsp). Now -I LBFGS should work “like a QN method”. Should be 50% faster than the stock CG as it only use 1 FWD and 1 TRN per iteration (CG can benefit from the same trick). You are welcomed to try it . 

>     On Jun 5, 2019, at 4:32 AM, Anna Kelbert <akelbert@usgs.gov> wrote:
>
>     Hi Naser, Hao and Gary,
>
>     Here's an interesting bit of information. I tried to use the ARM Forge (formerly Allinea DDT) debugger/profiler on our USGS supercomputer and it basically produced nonsense. Did a troubleshooting session with them and sent them the source code. It took them over a week to get back to me with this. 
>     Apparently, we violated the MPI standard with our naming conventions: modules and functions with the MPI_ prefix are forbidden, see the link below. Once they are renamed, the debugger works. 
>
>     Based on this, I would like to go through a renaming exercise real quick in stable and stable-, if you don't mind. Either removing the underscore from these names, or turning them around should do the job. I guess I vote for the latter, e.g., MPI_main -> Main_MPI; MPI_sub -> Sub_MPI; etc. I would also do the same to ModEMdevel/branches/restructured for consistency, and to make sure that it's easy to compare between the two versions.
>
>     The plan is to use this tool to look at relative memory allocations for the different forward solvers and MPI strategies (probably not going to happen soon, though) and to search for memory leaks. You might want to address this with something else, but I suspect that you might face similar issues also with different debuggers and profilers. They all go by the standard. So might as well get this fixed, IMHO. I'm actually surprised that this hasn't been an issue in the past...
>
>     I'll wait for your responses before I make any renaming changes. Please let me know what you think.
>
>     Anna
>
>     -------- Forwarded Message --------
>     Subject: 	[EXTERNAL] MAP with MoD3DMT
>     Date: 	Tue, 4 Jun 2019 19:56:28 +0000
>     From: 	Ryan Hulguin <Ryan.Hulguin@arm.com>
>     To: 	Beau Paisley <Beau.Paisley@arm.com>, Anna Kelbert <akelbert@usgs.gov>
>     CC: 	Falgout, Jeff <jfalgout@usgs.gov>
>
>
>     Hi Anna,
>      
>     I tried to profile MoD3DMT with MAP and I’ve learned that unfortunately, several subroutines/modules need to be renamed.
>     As part of the MPI standard,
>     “Programs must not declare variables, parameters, or functions with names beginning with the prefix MPI_. To avoid conflicting with the profiling interface, programs should also avoid functions with the prefix PMPI_. This is mandated to avoid possible name collisions.”
>     https://www.mpi-forum.org/docs/mpi-2.0/mpi-20-html/node19.htm
>      
>     I had to rename all instances of MPI_main, MPI_sub, MPI_declaration, MPI_constructor, and MPI_destructor to something else.  I just prefixed it with Custom_
>      
>     i.e.
>     sed -i 's/MPI_main/Custom_MPI_main/g' INV/DCG.f90
>      
>     Prior to the renaming, a profile with MAP thinks everything is an MPI function, and it does not provide as useful information.
>     <image007.png>
>      
>     After making the name changes, you can see a difference:
>     <image008.png>
>     <image009.png>
>      
>     Although I only used the simple flags -g -O3, you can see how the Intel compiler resulted in better vectorization compared to the GNU compiler.
>      
>     I would suggest that you apply the name changes to your source code as well and make sure I didn’t miss anything.
>      
>     Regards,
>     Ryan

------------------------------------------------------------------------
r569 | ml0749276 | 2019-06-28 00:14:29 -0600 (Fri, 28 Jun 2019) | 5 lines

A little changes in 'dataresp' and 'lrows' in 'DataFunc.f90'. 

I had ran the test with different rotation angles with synthetic impedance data, the results seem to be correct. 

Further test with actual impedance data, synthetic interstation TF data and synthetic phase tensor data will be done soon.
------------------------------------------------------------------------
r568 | ml0749276 | 2019-06-18 08:14:38 -0600 (Tue, 18 Jun 2019) | 1 line

A little change in lrows, I think it is closer to final goal.
------------------------------------------------------------------------
r567 | donghao | 2019-06-03 02:34:49 -0600 (Mon, 03 Jun 2019) | 1 line

INV/LBFGS.f90: a quick fix for an extremely stupid typo for the LBFGS search direction update - LBFGS *should* work normally now
------------------------------------------------------------------------
r566 | ml0749276 | 2019-05-30 14:44:10 -0600 (Thu, 30 May 2019) | 1 line

finish the modification of eh rotation, had tested the Off_Diagonal_Impedance with synthetic data, more tests are needed.
------------------------------------------------------------------------
r565 | donghao | 2019-05-30 03:18:39 -0600 (Thu, 30 May 2019) | 20 lines

UserCtrl.f90: 
added some user guides for -I options with DCG and LBFGS algorithms

3DMT/SP_Topology/:
topology module for general sparse matrix implentattion backported from ModEMdevel

3DMT/FWD_SP:
forward module for sparse matrix backported from ModEMdevel

3DMT/FWD_SP2:
forward module for sparse matrix with modified system of equations backported from ModEMdevel

3DMT/FWD/solver.f90:
fixed a bug in calculating the relative residue for PCG. 

TODO: more tests, now that the SP modules are in, Anna and Naser can go ahead to add further features to this branch.

FIXME: fix the transpose of system matrix in SP2, or add a Tranpose Free forward algorithms. for now one should stick to BiCG with SP2.


------------------------------------------------------------------------
r564 | ml0749276 | 2019-05-29 22:25:29 -0600 (Wed, 29 May 2019) | 1 line

Correct the deallocate in lrows
------------------------------------------------------------------------
r563 | ml0749276 | 2019-05-28 00:20:40 -0600 (Tue, 28 May 2019) | 3 lines

Find out the bug, lacks of one part during the calculation of partial derivatives in 'lrows'.


------------------------------------------------------------------------
r562 | ml0749276 | 2019-05-23 12:20:03 -0600 (Thu, 23 May 2019) | 8 lines

modify the codes for the preparation of rotating eh.
1) add 2d array 'Azimuth' in dataBlock_t, it has the same size with 'value' and 'error'.
2) add 'Azimuth' in all the subroutines in 'DataSpace.f90' relative to dataBlock_t.
3) add 'Azimuth' in read_z_list and write_z_list. 
4) add parameter 'Angle' in 'Lrows', and make chain changes in relative codes.

Next step is to add the codes of rotating field vectors and rotate the eh field.
The Main changes will appear in 'DataFunc.f90' and in subroutine 'dataresp' and 'lrows'.
------------------------------------------------------------------------
r561 | ml0749276 | 2019-05-23 00:38:24 -0600 (Thu, 23 May 2019) | 7 lines

Change the way of modifying zt rotation, combine the rotation matrix with the calculation of Jacobin. 
The subroutine 'Lrows' is changed, I replaced the codes calculating partial derivatives, with the rotation matrix added.
And I change some codes relative to 'Lrows', for adding a new parameter 'Azimuth'.

I deduced the equations of calculating the partial derivatives of Rotated zt with the help of Mathmatica, I think the equations are right, 
and I double checked the codes I write basing on the equations, they are the same with the equations. But, it turns out the larger the rotating angle is,
the worse the result becomes. I am still working on debugging and trying to find the reason, I just submit the codes to record these days' changes and make a checkpoint.
------------------------------------------------------------------------
r560 | ml0749276 | 2019-05-22 21:28:09 -0600 (Wed, 22 May 2019) | 1 line

move all the codes of rotating zt to the folder "zt_rotate"
------------------------------------------------------------------------
r559 | ml0749276 | 2019-05-22 21:24:54 -0600 (Wed, 22 May 2019) | 1 line

Add the original version of Newest stable ModEM
------------------------------------------------------------------------
r558 | ml0749276 | 2019-05-22 21:23:25 -0600 (Wed, 22 May 2019) | 1 line

created by mistake, sorry
------------------------------------------------------------------------
r557 | ml0749276 | 2019-05-22 21:17:26 -0600 (Wed, 22 May 2019) | 1 line

codes of rotating eh
------------------------------------------------------------------------
r556 | ml0749276 | 2019-05-22 21:16:29 -0600 (Wed, 22 May 2019) | 1 line

codes of rotating zt
------------------------------------------------------------------------
r555 | donghao | 2019-05-22 02:42:33 -0600 (Wed, 22 May 2019) | 18 lines

UserCtrl.f90: 
added user guides for -I options with DCG, Hybrid and LBFGS algorithms

INV/LBFGS.f90:
added a clearer LBFGS driver subroutine (LBFGSsolver2) and wolfe line search
algorithm (lineSearchWolfe2). now used as default for LBFGS. not sure if we 
still want to keep the original (LBFGSsolver) 

INV/NLCG.f90:
implemented the new 'logic' in restaring NLCG in NLCGsolver, added support 
for PR+ scheme for beta in NLCG (currently commented out, need testing). 
also applied minor modification when updating the damping factor (skip 
upgrating the fucntion and gradient if the damping factor is too small) 


TODO: might need to extract the line search related subroutines and put them 
in the INVcore module... not sure if it worth the effort, though.   

------------------------------------------------------------------------
r554 | anya | 2019-05-21 17:05:27 -0600 (Tue, 21 May 2019) | 1 line

The latest boundary conditions changes from f90-gridelements incorporated. All other fixes from that version also included. Added txTypes.f90 module. Compiled and briefly tested in serial only.
------------------------------------------------------------------------
r553 | anya | 2019-05-20 17:24:19 -0600 (Mon, 20 May 2019) | 43 lines

Major code modification that aims to include all of the updates from Hao Dong's sparse matrix (SP/SP2 and PetSc/PetSc2) that are relevant to the matrix-free code. 

This is only the first step towards that goal. It does not yet include the new two-layer MPI module. The updates in this commit are limited to:

1) Adding the optional LBFGS inversion code. This was accomplished by creating the new INVcore.f90 module that contains the func/gradient/Cd/Cm/printf that are
   generic to all inversion codes (in theory!) and using that module in both NLCG.f90 and LBFGS.f90. DCG.f90 is left intact for now, needs a more substantial 
   cleanup. Not done yet: new module not tested, UserCtrl.f90 not updated with relevant documentation (which is not found in Hao's codes).

2) NLCG module: lineSearchWolfe added as an option. NLCG logic edited by Hao is not yet incorporated. Requires more thought.

3) BICG linear solver added to 3D_MT/FWD/solver.f90. Option to use it not yet created.

4) info=0 added to 3D_MT/FWD/Mod3d/WSfwd1Dmod.f90 Solve1D function. Not sure why it's needed! Doesn't seem to break anything.

5) ModelParamToNode function added to 3D_MT/modelParam/ModelMap.inc and the corresponding Cell2Node function added to 3D_MT/GridCalc.f90. Will probably not work 
   for spherical coordinates out-of-the-box. Needs thinking and updating. To be used in a modified system of equations with node based scaling, but not used here.

6) DataIO module: tiny update to create a public interface for deall_fileInfo. This has now replaced the outdated "deall_datafile_info" that was used in the main
   program Mod3DMT.f90 to deallocate user-specific data file information. Now, embedded this call in deallGlobalData() that's called at the end of the program.

7) Master_job_stop_message now only used at the end of the program. Seems unnecessary to call it earlier. This is consistent with the latest stable version, 
   but distinct from the version that was in SP/SP2.

8) Added LBFGS to Mod3DMT.f90. Added back the writing of the header for JT_multi_Tx_vec.

9) Makefile updated using the configure script: ./Configure.3D_MT.GFortran Makefile3d release

Other purely formatting changes (for consistency between the two versions) in:

modelOperator3D.d90
solver.f90
Mod3DMT.f90

Everything compiles. Next step: testing.

TODO: 
Add options and user config docs to use LBFGS for inversion and BICG for the forward solver. 
Check Hao's edits to NLCG and incorporate if appropriate.
Test the two-layer MPI module and incorporate.
(Unrelated) Apparent resistivity sensitivities seems broken. Test and fix.
Propagate stable edits back to SP/SP2; and/or add SP/SP2 options to this release. 


------------------------------------------------------------------------
r552 | ml0749276 | 2019-04-25 14:59:18 -0600 (Thu, 25 Apr 2019) | 6 lines

All the modifications are based on the equation of rotating impedance and tipper.

1) add a 2d dimension "Azimuth" in "dataBlock_t" in "DataSpace.f90", and add the operation of "Azimuth" in all the subroutines in "DataSpace.f90".
2) add a new column of "Azimuth" in data block part of the datafile, modify reading/writing codes in "DataIO.f90" to fit the new format.
3) add subroutine for the rotating of matrix r and transposed r in "DataFunc.f90". modify "DataResp" to fit the new equation.
4) add codes for multiplying transposed r in "gradient" in "NLCG.f90", add parameter "Azimuth" in fwd codes.
------------------------------------------------------------------------
r551 | anya | 2019-04-12 17:34:36 -0600 (Fri, 12 Apr 2019) | 1 line

Release 1.2.0. This release includes a major code modification, however the updates that are of relevance to the user community are few, and are mostly limited to the new flexible air layers option, and the LOG10 electrical resistivity input/output file option. See User Guide for details. This release should be completely backwards compatible. If anything does not work for you in exactly the same configuration as before, we would like to know about it.
------------------------------------------------------------------------
r550 | anya | 2019-04-12 15:11:10 -0600 (Fri, 12 Apr 2019) | 1 line

Corrected Makefile.local
------------------------------------------------------------------------
r549 | anya | 2019-04-12 15:09:52 -0600 (Fri, 12 Apr 2019) | 1 line

Actually, this is more appropriately called version 1.2.0. The changes are all minor.
------------------------------------------------------------------------
r548 | anya | 2019-04-12 14:40:03 -0600 (Fri, 12 Apr 2019) | 1 line

Creating a branch for Zhongyin Liu to implement flexible data rotation and possibly other algorithmic improvements. Based on current stable- (basically, new stable).
------------------------------------------------------------------------
r547 | anya | 2019-04-12 13:13:21 -0600 (Fri, 12 Apr 2019) | 1 line

Updated Makefile.local
------------------------------------------------------------------------
r546 | anya | 2019-04-12 13:12:33 -0600 (Fri, 12 Apr 2019) | 7 lines

Fixed a few more little things in preparation for a stable release, mostly issues that only come up when compiled with gfortran.
1) Fixed an error that caused the full Jacobian test to fail (pointed out by Guo Zeqiu).
2) Fixed a bug that caused a segmentation fault with gfortran when you tried to create a random data file. 
3) Fixed a few minor things that produced warnings with gfortran, and the formatting in the data file header output. 
Run the sensitivity tests again on the BLOCK2 2D and 3D models (they work). Now need to update documentation. 


------------------------------------------------------------------------
r545 | Rui.Yang | 2019-04-01 18:24:54 -0600 (Mon, 01 Apr 2019) | 1 line

add out-of-core files
------------------------------------------------------------------------
r544 | Rui.Yang | 2019-04-01 18:15:27 -0600 (Mon, 01 Apr 2019) | 1 line

add out-of-core method
------------------------------------------------------------------------
r543 | Rui.Yang | 2019-04-01 17:44:55 -0600 (Mon, 01 Apr 2019) | 1 line

add out-of-core method to src
------------------------------------------------------------------------
r542 | anya | 2019-03-26 17:25:39 -0600 (Tue, 26 Mar 2019) | 1 line

Boundary conditions bookkeeping still broken even now. After some thinking, yet again made edits. Will try running this now on the cluster.
------------------------------------------------------------------------
r541 | anya | 2019-03-14 16:57:18 -0600 (Thu, 14 Mar 2019) | 1 line

While fixing the boundary conditions last time, it looks like I broke the indexing for output E-fields in fwdSolve. This whole MPI indexing issue is totally counter-intuitive and needs to be fixed soon!!! Anyway, trying again.
------------------------------------------------------------------------
r540 | anya | 2019-03-08 10:40:08 -0700 (Fri, 08 Mar 2019) | 1 line

ForwardSolver updated to (hopefully) fix the iMode accounting bug. Only for imode = 2 Ex polarization (only x components are non-zero in the BC) MPI forward modeling on yeti fails with NaNs on the first iteration. This is likely because in the MPI, iMode is determined by e0%Pol_index and not by its count index as I was using it. No wonder it worked in serial but not in parallel.
------------------------------------------------------------------------
r539 | anya | 2019-02-21 16:21:25 -0700 (Thu, 21 Feb 2019) | 1 line

Crude but necessary fix for MPI gridelements as of 17 Oct 2018. Will need to be revisited. But not having these lines caused the MPI version to quit with an error.
------------------------------------------------------------------------
r538 | anya | 2019-02-04 14:51:10 -0700 (Mon, 04 Feb 2019) | 1 line

Creating a branch for the NCI Australia developments. Initialized with stable-.
------------------------------------------------------------------------
r537 | egbert | 2018-11-21 15:50:54 -0700 (Wed, 21 Nov 2018) | 1 line

 new version of documentation finally added to trunk
------------------------------------------------------------------------
r536 | egbert | 2018-11-21 15:50:15 -0700 (Wed, 21 Nov 2018) | 1 line

 new version of documentation finally added to stable
------------------------------------------------------------------------
r535 | anya | 2018-10-17 15:17:38 -0600 (Wed, 17 Oct 2018) | 107 lines

Major release compared to old stable; getting ready to roll out the new stable version. Improvements include:

1. Air layers can now be set in the forward solver control file. Three options are: mirror, fixed height, read from file. For backwards compatibility, the default is 'mirror 10 3. 30.' Recommended option is 'fixed height 12 1000.' This was at one point tested against Matlab, but additional tests wouldn't hurt. Air layers only implemented for 3D.

2. LOG10 resistivity model file option. To exercise, create a WS or Mackie format model file with "LOG10" resistivity instead of "LOGE" or "LINEAR". Internally in the code, we are keeping LOGE for all computations; but we convert LOG10 or LINEAR to LOGE, make note of the user preference, then convert back for output.

3. Reading and writing of sparse ascii BC and/or SOURCE files (can easily switch to binary or NetCDF later). Fully developed and tested. In this release, we are not yet using these files for forward modeling: this is the next step. However, this file is now an optional input to forward modeling -F code option. Once we add this option, one could use the new [EXTRACT_BC] to quickly get started using the new sparse vector file format. The file has sparse vectors for each period & mode, and can include BC, SOURCE or both.

4. Some preparation for the new option to "dry run" the forward solver [EXTRACT_BC] - complete the set up, including boundary conditions, - then output the boundary conditions to file. The option not included yet: it involves major changes to ForwardSolver which require extra debugging and are saved for a separate release.

5. Options to generate random perturbation files for model [-A m], data [-A d], RHS [-A b], E-soln [-A e].

6. Fully developed and debugged symmetry tests, gradient test, and the full Jacobian test. The code now passes all tests; all symmetry tests (including S) are passed with arbitrary random perturbations as input. The symmetry test [TEST_ADJ] has many sub-options, see below for details.

 [TEST_GRAD]
  -g  rFile_Model rFile_Data rFile_dModel [rFile_fwdCtrl rFile_EMrhs]
   Runs the ultimate test of the gradient computation based on
   Taylor series approximation.
 [TEST_ADJ]
  -A  J rFile_Model rFile_dModel rFile_Data [wFile_Model wFile_Data]
   Tests the equality d^T J m = m^T J^T d for any model and data.
   Optionally, outputs J m and J^T d.
 [TEST_SENS]
  -S  rFile_Model rFile_dModel rFile_Data wFile_Data [rFile_fwdCtrl]
   Multiplies by the full Jacobian, row by row, to get d = J m.
   Compare to the output of [MULT_BY_J] to test [COMPUTE_J]

7. Cleaned up the handling of non-zero sources in EMsolve3D.f90 - checked the physics and maths, added comments to clarify things.

8. The data format now includes a line in the header to specify the transmitter type (one of: MT, DC, CSEM, TIDE, GLOBAL). This change is backwards compatible: both "new format" and "old format" are supported automatically in the code. Will be necessary for clean joint inversion code, once we get to it. Backward compatibility fully tested before commit. Will output in the same format as the input data file. Can be safely propagated to stable.

9. After comparing with stable version for efficiency, decided to skip the changes that employ precomputed grid elements V_E, l_E, S_E, V_F, l_F, S_F, V_N, V_C for all grid operators for now (sg_diff_oper.f90 and modelOperator3d.f90). The changes in their current state result in 20% increase in run time; the code also requires some cleaning. For now, I have only included setting up the grid operators, and a few little fixes in modelOperator3d.f90. Current version has not measurably suffered in efficiency or storage requirements. In the future, will optimize the cleaner code the uses the grid elements and make it part of the trunk, and possibly stable - but for now that is unchanged.

10. Cosmetic: replaced output format es12.6 with es13.6 throughout the code, to eliminate the flood of warnings in Intel Fortran compiler, except in inversion routines. If I made that change in NLCG, the log format would now be different, as follows...
Old format:    START: f=4.469161E+02 m2=0.000000E+00 rms=  21.140389 lambda=1.000000E+01 alpha=2.000000E+01
New format:    START: f= 4.469161E+02 m2= 0.000000E+00 rms=  21.140389 lambda= 1.000000E+01 alpha= 2.000000E+01
I decided that it would only confuse things to bundle this cosmetic change with the other stuff, so left the log files alone.

*** Both 3D_MT and 2D_MT have been thoroughly tested for MT in serial with ifort and gfortran. They pass all tests. ***

--------------------------------------------------------------------------------------

Untested, upcoming, and known bugs:

One known bug is in Stest for 2D_MT: sparse2full_rhsVector doesn't work yet, so Stest cannot be run. Not a big deal and can be easily fixed when and if it is ever needed.
Another known bug in TEST_SENS test for 2D_MT: calcJ outputs NaN. This could mean problems computing J, or something to do with "allocated" attributes for model params.

Boundary conditions logic to be added in next release: defaults to internal computations (2D). If a nested file is specified, uses that. If an EM RHS file is provided, that supercedes both internal computations, and nested. The use of externally supplied boundary conditions not fully tested yet (but the general user won't be affected because it's a new capability).

Before we can use the new BC input functionality, CHECK POLARIZATION INDEX IN RHS IO TO MAKE SURE THAT MODES ARE NOT GETTING MIXED UP. At present, everything runs but the impedances are different if you "compute" the BC, then read it in.

NEED TESTING: NestedEM, especially with the new air layers. Further MPI inversion testing wouldn't hurt before this is sent to stable.

Relative to stable, for some reason the value of LARGE_REAL that defines the error bars for modeled data has changed from 2.0e15 to 1.0e13; will let it be since I cannot remember the reason for this. Otherwise, impedances are exactly the same unless the air layers are changed. With modified air layers, values are noticeably different and probably more accurate... because now the diagonals are exactly zero over a 1D area. Tippers are much closer to the original values than impedances with modified air layers.

We should also clean up and streamline the EXAMPLES directory.

Also, should update README.

--------------------------------------------------------------------------------------

Modified files in 3D_MT:

M       3D_MT/DICT/dataTypes.f90 mostly cleaning; ImpHeader and sorting indices moved to DataIO.f90
M       3D_MT/DICT/transmitters.f90 added transmitter type and some functions for compatibility with 3D_EM
-       3D_MT/DataFunc.f90 (unchanged from previous version)
M       3D_MT/DataIO.f90 major rewrite, everything fully tested; new format but backwards compatible
M       3D_MT/FWD/EMsolve3D.f90  air layers logic; physics-based clean up for interior sources
M       3D_MT/FWD/modelOperator3D.f90  SetBound computing period internally in preparation for SetBound -> ComputeBC transition
-       3D_EM/FWD/nestedEM.f90 (unchanged from previous version)
-       3D_EM/FWD/boundary_ws.f90 (unchanged from previous version)
M       3D_MT/ForwardSolver.f90 SetBound computing period internally in preparation for SetBound -> ComputeBC; others cosmetic to maximize compatibility
M       3D_MT/GridDef.f90 new air layers logic
M       3D_MT/Main.f90 added air layers logic; TEST_GRAD; TEST_SENS; edits to TEST_ADJ
M       3D_MT/SolnSpace.f90 added many new routines and fixed some others
M       3D_MT/ioMod/ioAscii.f90 added read and write for EMrhs; added Pol_name field in EMsoln type
M       3D_MT/modelParam/ModelSpace.f90  LOG10 logic & new random_modelParam
M       3D_MT/modelParam/modelParamIO/Mackie.inc LOG10 logic
M       3D_MT/modelParam/modelParamIO/WS.inc LOG10 logic
M       3D_MT/modelParam/ModelParam_MPI.inc changed to transmit full model; fixed calcJ in TEST_SENS

Modified files in 2D_MT:

M       2D_MT/DICT/dataTypes.f90 removed ImpHeader (functionality now in DataIO.f90)
M       2D_MT/DICT/transmitters.f90 optional retrofitting with Tx_type='MT'
M       2D_MT/DataIO.f90 fixed an inconsistency and added support for new format
-       2D_MT/ForwardSolver.f90 (unchanged from previous version)
M       2D_MT/Main.f90 added all the symmetry and gradient tests; all work except for Stest
M       2D_MT/SolnSpace.f90 added copy and random for rhsVector; created sparse2full_rhsVector (not debugged)
M       2D_MT/ioMod/ioAscii.f90 added read and write for EMrhs
M       2D_MT/ioMod/ioBinary.f90 compatibility fix
M       2D_MT/modelParam/ModelParam_MPI.inc changed to transmit full model; fixed calcJ in TEST_SENS

Other modified files:

M       FIELDS/FiniteDiff3D/sg_boundary.f90 add random_cboundary; add copy BC to sparsevecc (complex logic); removed read_E_from_file
-       FIELDS/FiniteDiff3D/sg_diff_oper.f90 (unchanged from previous version)
M       FIELDS/FiniteDiff3D/sg_scalar.f90 new random_rscalar
M       FIELDS/FiniteDiff3D/sg_sparse_vector.f90 new random_sparsevecc; changed read & write
M       Mod2DMT.f90 [TEST_GRAD], [TEST_SENS], [TEST_ADJ], and cleaned up file I/O
M       Mod3DMT.f90 [TEST_GRAD], [TEST_SENS], [TEST_ADJ], and cleaned up file I/O
-       SENS/SensComp.f90 (unchanged from previous version)
M       SENS/SymmetryTest.f90 fixed S test and cleaned up output
M       SENS/SensMatrix.f90 now writing out nTx,nDt,nSite for self-consistency; allocated value changed
M       MPI/MPI_main.f90 fixed Jmult
M       UserCtrl.f90 optional rFile_EMrhs for -F; air layers; -b; -g; -A; -S

------------------------------------------------------------------------
r534 | anya | 2018-10-17 09:50:08 -0600 (Wed, 17 Oct 2018) | 1 line

Creating a new stable- branch for polishing up upcoming stable releases before they are propagated to stable.
------------------------------------------------------------------------
r533 | anya | 2018-05-25 17:23:05 -0600 (Fri, 25 May 2018) | 1 line

Updated the relevant files from semiglobal to use grid elements. Works for Cartesian, seemingly without any runtime drawbacks. Runs for spherical but takes 6 times longer than Cartesian, with the same tiny model!!! Need to investigate.
------------------------------------------------------------------------
r532 | anya | 2018-05-25 16:52:40 -0600 (Fri, 25 May 2018) | 1 line

Already found and fixed an obvious bug in the MPI.
------------------------------------------------------------------------
r531 | anya | 2018-05-25 16:28:54 -0600 (Fri, 25 May 2018) | 1 line

Creating a branch from the freshly tested trunk code to optimize using grid elements.
------------------------------------------------------------------------
r530 | anya | 2018-05-25 16:12:23 -0600 (Fri, 25 May 2018) | 410 lines

Major release. Improvements include:

1. Air layers can now be set in the forward solver control file. Three options are: mirror, fixed height, read from file. For backwards compatibility, the default is 'mirror 10 3. 30.' Recommended option is 'fixed height 12 1000.' This was at one point tested against Matlab, but additional tests wouldn't hurt.

2. LOG10 resistivity model file option. To exercise, create a WS or Mackie format model file with "LOG10" resistivity instead of "LOGE" or "LINEAR". Internally in the code, we are keeping LOGE for all computations; but we convert LOG10 or LINEAR to LOGE, make note of the user preference, then convert back for output.

3. Reading and writing of sparse ascii BC and/or SOURCE files (can easily switch to binary or NetCDF later). Fully developed and tested. In this release, we are not yet using these files for forward modeling: this is the next step. However, this file is now an optional input to forward modeling -F code option. Can use the new [EXTRACT_BC] to quickly get started using the new sparse vector file format. The file has sparse vectors for each period & mode, and can include BC, SOURCE or both.

4. New option to "dry run" the forward solver - complete the set up, including boundary conditions, - then output the boundary conditions to file.

 [EXTRACT_BC]
  -b rFile_Model rFile_Data wFile_EMrhs
   Initializes the forward solver and extracts the boundary conditions,
   writes to file.

5. Options to generate random perturbation files for model [-A m], data [-A d], RHS [-A b], E-soln [-A e].

6. Fully developed and debugged symmetry tests, and the gradient test. The code now passes all tests; all symmetry tests (including S) are passed with arbitrary random perturbations as input. The symmetry test [TEST_ADJ] has many sub-options, see below for details.

 [TEST_GRAD]
  -g  rFile_Model rFile_Data rFile_dModel [rFile_fwdCtrl rFile_EMrhs]
   Runs the ultimate test of the gradient computation based on
   Taylor series approximation.
 [TEST_ADJ]
  -A  J rFile_Model rFile_dModel rFile_Data [wFile_Model wFile_Data]
   Tests the equality d^T J m = m^T J^T d for any model and data.
   Optionally, outputs J m and J^T d.

7. Cleaned up the handling of non-zero sources in EMsolve3D.f90 - checked the physics and maths, added comments to clarify things.

8. The data format now includes a line in the header to specify the transmitter type (one of: MT, DC, CSEM, TIDE, GLOBAL). This change is backward compatible: both "new format" and "old format" are supported automatically in the code. Will be necessary for clean joint inversion code, once we get to it. Backward compatibility fully tested before commit. Will output in the same format as the input data file. Can be safely propagated to stable.

9. Boundary conditions logic: defaults to internal computations (2D). If a nested file is specified, uses that. If an EM RHS file is provided, that supercedes both internal computations, and nested.

9. After comparing with stable version for efficiency, decided to skip the changes that employ precomputed grid elements V_E, l_E, S_E, V_F, l_F, S_F, V_N, V_C for all grid operators for now (sg_diff_oper.f90 and modelOperator3d.f90). The changes in their current state result in 20% increase in run time; the code also requires some cleaning. For now, I have only included setting up the grid operators, and a few little fixes in modelOperator3d.f90. Current version has not measurably suffered in efficiency or storage requirements. In the future, will optimize the cleaner code the uses the grid elements and make it part of the trunk, and possibly stable - but for now that is unchanged.

10. Cosmetic: replaced output format es12.6 with es13.6 throughout the code, to eliminate the flood of warnings in Intel Fortran compiler, except in inversion routines. If I made that change in NLCG, the log format would now be different, as follows...
Old format:    START: f=4.469161E+02 m2=0.000000E+00 rms=  21.140389 lambda=1.000000E+01 alpha=2.000000E+01
New format:    START: f= 4.469161E+02 m2= 0.000000E+00 rms=  21.140389 lambda= 1.000000E+01 alpha= 2.000000E+01
I decided that it would only confuse things to bundle this cosmetic change with the other stuff, so left the log files alone.

*** All of 3D_EM, 3D_MT and 2D_MT versions have been thoroughly tested for MT in serial with ifort and gfortran. They pass all tests. ***

--------------------------------------------------------------------------------------
The only known bug is in Stest for 2D_MT: sparse2full_rhsVector doesn't work yet, so Stest cannot be run. Not a big deal and can be easily fixed when and if it is ever needed.

Before we can use the new BC input functionality, CHECK POLARIZATION INDEX IN RHS IO TO MAKE SURE THAT MODES ARE NOT GETTING MIXED UP. At present, everything runs but the impedances are different if you "compute" the BC, then read it in.

NEED TESTING:

NestedEM
MPI inversion
CSEM & DC
Global

I do not believe that any of these should be broken by my changes, but I have not tested them explicitly (yet). Will do that next. In the meanwhile, committing the code to the SVN to save changes. In general, it's got to be an improvement over all previous versions. Once I've tested the NestedEM and MPI inversion, will also propagate these changes to stable.

Joint inversion needs to be completely rewritten anyway - would be easy to clean up, but this would be scope creep at this point.

Spherical coordinate version has not been included yet. This version is still fully matrix-free and requires no additional storage.
All of these experiments are still in the semiglobal branch. The only exception is the inclusion of grid element matrices, stored in GridCalc - which in fact were already there in the previous version of the trunk. It seems very worthwhile to include the grid element matrices and the corresponding logic in this version, even though it is still purely Cartesian. With that modification, code maintenance (adding new features from other branches) will be much easier. Seems like we're not losing much by doing so but it does slightly increase the memory requirements. (Only slightly, because the grid elements only need to be stored once and do not need to be duplicated for every frequency and mode like the EM soln, for example.) 

  !!!!!!!>>>>>>>>> block of precomputed grid elements (public)
  !!!!!!!>>>>>>>>> initialized in ModelDataInit to accommodate
  !!!!!!!>>>>>>>>> for potential on-the-fly grid modification
  type(rvector), public     :: V_E, l_E, S_E ! edges (primary)
  type(rvector), public     :: V_F, l_F, S_F ! faces (dual)
  type(rscalar), public     :: V_N, V_C ! nodes and cells

However, these grid elements are still unused in sg_diff_oper.f90 and modelOperator3d.f90 computations. Doing so increased the code run time by 20% relative to stable. Need to optimize before inclusion.

Sparse matrix and PetSc versions should be automatic beneficiaries of these improvements, but there can easily be inconsistencies between some changes that I've made, and the alternative file versions in these distributions. Will work on that next, but after further clean up of source/BC input and usage.

What about 2D_ANIS and 3D_CSEM? Are these still active? Should they be maintained?

--------------------------------------------------------------------------------------
> ~/Developer/ModEM/f90/Mod3DJT -F

 Usage: -F  rFile_Model rFile_Data wFile_Data [wFile_EMsoln rFile_fwdCtrl rFile_EMrhs]
 
 Here, rFile_fwdCtrl is the forward solver control file in the format
 
 Number of QMR iters per divergence correction : 40
 Maximum number of divergence correction calls : 20
 Maximum number of divergence correction iters : 100
 Misfit tolerance for EM forward solver        : 1.0e-7
 Misfit tolerance for EM adjoint solver        : 1.0e-7
 Misfit tolerance for divergence correction    : 1.0e-5
 Optional EM solution file name for nested BC  : nested.esoln
 
 To specify air layers, append one of these three options. Default 'mirror 10 3. 30.' 
 
 Option 1:
 Air layers mirror|fixed height|read from file : mirror
 Number of air layers and min top dz in km     : 10 3. 30.
 
 Option 2:
 Air layers mirror|fixed height|read from file : fixed height
 Number of air layers and max height in km     : 12 1000.
 
 Option 3:
 Air layers mirror|fixed height|read from file : read from file
 Number of air layers and dz top to bottom km  : 10 500. 200. 100. 50. 20. 10. 5
 . 2. 1. 0.5

--------------------------------------------------------------------------------------
> ~/Developer/ModEM/f90/Mod3DJT -b

 Usage: -b  rFile_Model rFile_Data wFile_EMrhs [rFile_fwdCtrl]
 
   Initializes the forward solver and extracts the boundary conditions,
   writes to file.

Example with BLOCK2 model:

~/Developer/ModEM/f90/Mod3DJT -b mTrue.cpr de.dat mTrue.bc

RHS E-fields written to mTrue.bc
 Exiting...
  elapsed time (mins)   4.6875002E-03

--------------------------------------------------------------------------------------
> ~/Developer/ModEM/f90/Mod3DJT -g

 Usage: -g  rFile_Model rFile_Data rFile_dModel [rFile_fwdCtrl rFile_EMrhs]
 
   The ultimate test of the gradient computations. Based on the Taylor
   series approximation:
   Compute f(m0+dm) - f(m0)
   Compute df/dm|_m0 x dm as a dot product
   Compare the two resultant scalars

Example with BLOCK2 model:

~/Developer/ModEM/f90/Mod3DJT -A m mTrue.cpr delta.cpr 0.05
~/Developer/ModEM/f90/Mod3DJT -g pr.ws de.dat delta.cpr

Total derivative test based on Taylor series [f(m0+dm) ~ f(m0) + df/dm|_{m0} x dm]
  f(m0+dm) - f(m0):   -2.682541    
  df/dm|_{m0} x dm:   -2.391304    
 Exiting...
  elapsed time (mins)   0.1088684 

... modified stable (all but the grid elements) produces

Total derivative test based on Taylor series [f(m0+dm) ~ f(m0) + df/dm|_{m0} x dm]
  f(m0+dm) - f(m0):   -2.682541    
  df/dm|_{m0} x dm:   -2.391304    
 Exiting...
  elapsed time (mins)   8.4309898E-02

The difference is about 10% and stays that way when dm is gradually made smaller
(one would think it should converge to zero). So there's probably a bug somewhere in
the code. If so, it is not obvious at all. It is not critical though, things still work.

Make sure to run this test with a "real" data file that has error bars. Otherwise,
the gradient at dm=0 will obviously be tiny. The functionals are not tiny because 
of the lambda * dm^2 term. 

Note that in the limit rms->0 such as when the artifically large errors
are used, Taylor series breaks for the model norm - can't ignore the
second derivative. Then analytically, this approximation yields
f(dm) - f(0) = df/dm|_0 x dm = 0, or
f(-dm) - f(0) = df/dm|_{-dm} x {-dm} = 2 \lambda dm^2 = 2 * f(-dm)
In both of these cases, f(0) = 0 and f(dm) = f(-dm) = \lambda * dm^2.

--------------------------------------------------------------------------------------
> ~/Developer/ModEM/f90/Mod3DJT -A

 Usage: Test the adjoint implementation for each of the critical
        operators in J = L S^{-1} P + Q
 
  -A  J rFile_Model rFile_dModel rFile_Data [wFile_Model wFile_Data]
   Tests the equality d^T J m = m^T J^T d for any model and data.
   Optionally, outputs J m and J^T d.
 
  -A  L rFile_Model rFile_EMsoln rFile_Data [wFile_EMrhs wFile_Data]
   Tests the equality d^T L e = e^T L^T d for any EMsoln and data.
   Optionally, outputs L e and L^T d.
 
  -A  S rFile_Model rFile_EMrhs rFile_Data [wFile_EMsoln]
   Tests the equality b^T S^{-1} b = b^T (S^{-1})^T b for any EMrhs.
   For simplicity, use one EMrhs for forward and transpose solvers.
   Data file only needed to set up dictionaries.
   Optionally, outputs e = S^{-1} b.
 
  -A  P rFile_Model rFile_dModel rFile_EMsoln rFile_Data [wFile_Model wFile_EMrhs]
   Tests the equality e^T P m = m^T P^T e for any EMsoln and data.
   The data template isn't needed here except to set up the transmitters.
   Optionally, outputs P m and P^T e.
 
  -A  Q rFile_Model rFile_dModel rFile_Data [wFile_Model wFile_Data]
   Tests the equality d^T Q m = m^T Q^T d for any model and data.
   Optionally, outputs Q m and Q^T d.
 
  -A  O rFile_Model rFile_Data
   Tests all intermediate operators: grad, curl, div and grid elements.
 
 Finally, generates random 5% perturbations, if implemented:
  -A  m rFile_Model wFile_Model [delta]
  -A  d rFile_Data wFile_Data [delta]
  -A  e rFile_Model rFile_Data rFile_EMsoln wFile_EMsoln [delta]
  -A  b rFile_Model rFile_Data rFile_EMrhs wFile_EMrhs [delta]

The "intermediate operator" test is something that Lana wrote a while ago. It writes
out some files. I am keeping it for now, except in stable. All other tests work exactly
as advertised.

Examples with BLOCK2 model:

J

~/Developer/ModEM/f90/Mod3DJT -A m mTrue.cpr delta.cpr 0.05
~/Developer/ModEM/f90/Mod3DJT -A J mTrue.cpr delta.cpr de.dat

 dot product #1:   -3773015094.21372      [d^T J m]
 dot product #2:   -3773015028.65238      [m^T J^T d]
 Exiting...
  elapsed time (mins)   0.6644531  

Latest:

 dot product #1:   -3773015123.84515      [d^T J m]
 dot product #2:   -3773015057.99794      [m^T J^T d]
 Exiting...
  elapsed time (mins)   0.5009115  

... by comparison, the unmodified stable version produces

~/Developer/ModEM/stable/f90/Mod3DJT -A J mTrue.cpr delta.cpr de.dat

 dot product #1:   -3773015123.84515      [d^T J m]
 dot product #2:   -3773015057.99794      [m^T J^T d]
  elapsed time (mins)   0.5226563 

Since it seems like the grid elements version takes 20% longer, at this point we will
not include these changes in the stable.

... modified stable (all but the grid elements) produces

 dot product #1:   -3773015123.84515      [d^T J m]
 dot product #2:   -3773015057.99794      [m^T J^T d]
 Exiting...
  elapsed time (mins)   0.4923177  

... modified trunk version that uses grid elements but old sg_diff_oper.f90 produces

 dot product #1:   -3773015124.43099      [d^T J m]
 dot product #2:   -3773015057.99793      [m^T J^T d]
 Exiting...
  elapsed time (mins)   0.5183594 

... modified trunk version that uses all old logic in modelOperator3d.f90 produces

 dot product #1:   -3773015123.15126      [d^T J m]
 dot product #2:   -3773015057.99794      [m^T J^T d]
 Exiting...
  elapsed time (mins)   0.4997396    

So the last three are not affected by these inefficiencies, while they also have all the improvements.

L

~/Developer/ModEM/f90/Mod3DJT -F mTrue.cpr de.dat temp.dat mTrue.esoln
~/Developer/ModEM/f90/Mod3DJT -A e mTrue.cpr de.dat mTrue.esoln delta.esoln
~/Developer/ModEM/f90/Mod3DJT -A L de.dat delta.dat 
~/Developer/ModEM/f90/Mod3DJT -A L mTrue.cpr delta.esoln delta.dat 

 ... frequency #   4  dot product #1:    3639091.20575274      [d^T L e]
 ... frequency #   4  dot product #2:  (3639091.20575273,-14741387.3238536) [e^T L^T d]
 Exiting...
  elapsed time (mins)   7.0312498E-03

S

~/Developer/ModEM/f90/Mod3DJT -b mTrue.cpr de.dat mTrue.bc
~/Developer/ModEM/f90/Mod3DJT -A b mTrue.cpr de.dat mTrue.bc delta.bc 0.05
~/Developer/ModEM/f90/Mod3DJT -A S mTrue.cpr delta.bc de.dat

 ... frequency #   4  dot product #1:  -0.102529155944494      [b^T S^{-1} b]
 ... frequency #   4  dot product #2:  -0.102529155944494      [b^T (S^{-1})^T b]
 Exiting...
  elapsed time (mins)   0.1621094 

P

~/Developer/ModEM/f90/Mod3DJT -F mTrue.cpr de.dat temp.dat mTrue.esoln
~/Developer/ModEM/f90/Mod3DJT -A e mTrue.cpr de.dat mTrue.esoln delta.esoln
~/Developer/ModEM/f90/Mod3DJT -A m mTrue.cpr delta.cpr 0.05
~/Developer/ModEM/f90/Mod3DJT -A P mTrue.cpr delta.cpr delta.esoln de.dat

 ... frequency #   4  dot product #1:  -1.864973568180807E-013 [e^T P m]
 ... frequency #   4  dot product #2:  -1.864973568180811E-013 [m^T P^T e]
 Exiting...
  elapsed time (mins)   5.3385417E-03

Tested also the LOG10 implementation,

~/Developer/ModEM/f90/Mod3DJT -A J mTrue_log10.cpr delta.cpr de.dat

 dot product #1:   -3773015770.42650      [d^T J m]
 dot product #2:   -3773015704.98797      [m^T J^T d]
 Exiting...
  elapsed time (mins)   0.6641927

Latest:

 dot product #1:   -3773015799.77255      [d^T J m]
 dot product #2:   -3773015734.33397      [m^T J^T d]
 Exiting...
  elapsed time (mins)   0.5345052

--------------------------------------------------------------------------------------
Forward solver compatibility testing:

Stable, unchanged:
~/Developer/ModEM/stable-r506/Mod3DMT -F mTrue.cpr de.dat stable-r506.dat mTrue-stable-r506.esoln

Stable, modified:
~/Developer/ModEM/stable/f90/Mod3DMT -F mTrue.cpr de.dat stable.dat mTrue-stable.esoln

Trunk, modified, 3D_MT:
~/Developer/ModEM/f90/Mod3DMT -F mTrue.cpr de.dat trunk.dat mTrue-trunk.esoln

Trunk, modified, 3D_EM:
~/Developer/ModEM/f90/Mod3DJT -F mTrue.cpr de.dat trunkJT.dat mTrue-trunkJT.esoln

Semiglobal, modified, 3D_EM:
~/Developer/ModEM/semiglobal/Mod3DJT -F mTrue.cpr de.dat semiglobalJT.dat mTrue-semiglobalJT.esoln

Stable, modified, new air layers:
~/Developer/ModEM/stable/f90/Mod3DMT -F mTrue.cpr de.dat stable-airlayers.dat mTrue-stable-airlayers.esoln fwd_fixed_height.ctrl

If good, the contents of all the output *.dat files should be the same (except perhaps for white space). The electric field should all be the same, except for the one with modified air layers.

Relative to stable, for some reason the value of LARGE_REAL that defines the error bars for modeled data has changed from 2.0e15 to 1.0e13; will let it be since I cannot remember the reason for this. Otherwise, impedances are exactly the same unless the air layers are changed. With modified air layers, values are noticeably different and probably more accurate... because now the diagonals are exactly zero over a 1D area. Tippers are much closer to the original values that impedances with modified air layers.

--------------------------------------------------------------------------------------
Modified files in 3D_EM:

M       3D_EM/DICT/dataTypes.f90 added [nT] and [A/m] as unit options
M       3D_EM/DICT/transmitters.f90 added storage for jInt + filename, CHECK!
M       3D_EM/DataFunc.f90 cleaned up and added B-field and E-field functionals
M       3D_EM/DataIO.f90 new format but backwards compatible
M       3D_EM/FWD/EMsolve3D.f90 air layers logic; physics-based clean up for interior sources
M       3D_EM/FWD/modelOperator3D.f90 added module sg_diff_oper but not using it yet; removed SetBound; create single-purpose ComputeBC
M       3D_EM/FWD/nestedEM.f90 now creating initial BC_from_file without external BC inputs (which were there only for size)
M       3D_EM/FWD/boundary_ws.f90 made output BC optional
M       3D_EM/ForwardSolver.f90 created fwdSetup to make SetBound upper level; fixed initForSens logic; added LOG10 logic
M       3D_EM/GridDef.f90 new air layers logic
M       3D_EM/Main.f90 added air layers logic; TEST_GRAD; edits to TEST_ADJ
M       3D_EM/SolnSpace.f90 added many new routines and fixed some others
M       3D_EM/ioMod/ioAscii.f90 added read and write for EMrhs; added Pol_name field in EMsoln type
M       3D_EM/modelParam/ModelSpace.f90 LOG10 logic & new random_modelParam
M       3D_EM/modelParam/modelParamIO/Mackie.inc LOG10 logic
M       3D_EM/modelParam/modelParamIO/WS.inc LOG10 logic

Modified files in 3D_MT:

M       3D_MT/DICT/dataTypes.f90 mostly cosmetic changes to maximize compatibility with 3D_EM
M       3D_MT/DICT/transmitters.f90 some optional retrofitting from 3D_EM, for compatibility
-       3D_MT/DataFunc.f90 (unchanged from previous version)
M       3D_MT/DataIO.f90 similar to 3D_EM
M       3D_MT/FWD/EMsolve3D.f90 identical to 3D_EM
M       3D_MT/FWD/modelOperator3D.f90 identical to 3D_EM
M       3D_EM/FWD/nestedEM.f90 identical to 3D_EM
M       3D_EM/FWD/boundary_ws.f90 identical to 3D_EM
M       3D_MT/ForwardSolver.f90 only real change is SetBound -> fwdSetup; others cosmetic to maximize compatibility
M       3D_MT/GridDef.f90 identical to 3D_EM
M       3D_MT/Main.f90 identical to 3D_EM
M       3D_MT/SolnSpace.f90 identical to 3D_EM
M       3D_MT/ioMod/ioAscii.f90 identical to 3D_EM
M       3D_MT/modelParam/ModelSpace.f90 identical to 3D_EM
M       3D_MT/modelParam/modelParamIO/Mackie.inc identical to 3D_EM
M       3D_MT/modelParam/modelParamIO/WS.inc identical to 3D_EM

Modified files in 2D_MT:

M       2D_MT/DICT/transmitters.f90 optional retrofitting with Tx_type='MT'
M       2D_MT/DataIO.f90 fixed an inconsistency and added support for new format
M       2D_MT/ForwardSolver.f90 now using fwdSetup to set up all boundary conditions
M       2D_MT/Main.f90 added all the symmetry and gradient tests; all work except for Stest
M       2D_MT/SolnSpace.f90 added copy and random for rhsVector; created sparse2full_rhsVector (not debugged)
M       2D_MT/ioMod/ioAscii.f90 added read and write for EMrhs
M       2D_MT/ioMod/ioBinary.f90 compatibility fix

Other modified files:

M       CONFIG/Configure.3D_MT.MAC.Intel just a comment
M       CONFIG/Configure.JOINT.MAC.Intel new provisions for debug/release/MPI
M       FIELDS/FiniteDiff3D/sg_boundary.f90 add random_cboundary; add copy BC to sparsevecc (complex logic); removed read_E_from_file
-       FIELDS/FiniteDiff3D/sg_diff_oper.f90 (unchanged from previous version)
M       FIELDS/FiniteDiff3D/sg_scalar.f90 new random_rscalar
M       FIELDS/FiniteDiff3D/sg_sparse_vector.f90 new random_sparsevecc; changed read & write
M       Mod2DMT.f90 [EXTRACT_BC], [TEST_GRAD], [TEST_ADJ], and cleaned up file I/O
M       Mod3DMT.f90 [EXTRACT_BC], [TEST_GRAD], [TEST_ADJ], and cleaned up file I/O
M       SENS/SensComp.f90 added function dryRun for [EXTRACT_BC] option; added private b0 and the use of fwdSetup
M       SENS/SymmetryTest.f90 fixed S test and cleaned up output
M       MPI/MPI_main.f90 added private b0 and the use of fwdSetup
M       UserCtrl.f90 optional rFile_EMrhs for -F; air layers; -b; -g; -A

Additional modifications from semiglobal to include the use of grid element matrices:
[NOT INCLUDED IN THIS COMMIT BECAUSE THE TESTS SHOW A 20% INCREASE IN COMPUTE TIME - NEEDS TO BE OPTIMIZED BEFORE INCLUSION]

M       3D_EM/FWD/modelOperator3D.f90 COMPLETE REWRITE TO USE GRID ELEMENTS - SEPARATE RELEASE
M       3D_MT/FWD/modelOperator3D.f90 identical to 3D_EM
M       FIELDS/FiniteDiff3D/sg_diff_oper.f90 COMPLETE REWRITE TO USE GRID ELEMENTS - SEPARATE RELEASE



------------------------------------------------------------------------
r529 | anya | 2017-11-21 14:52:53 -0700 (Tue, 21 Nov 2017) | 1 line

Committing changes by Han Qi to correct spherical coordinate interpolation, and also some less necessary changes in DataIO. So far, everything in 3D_EM.
------------------------------------------------------------------------
r528 | anya | 2017-07-25 11:54:54 -0600 (Tue, 25 Jul 2017) | 1 line

Fixed the interpolation for spherical impedances
------------------------------------------------------------------------
r527 | anya | 2017-07-11 15:01:59 -0600 (Tue, 11 Jul 2017) | 1 line

A few changes to model plotting to make it easier to also plot a model in spherical coordinates, without doing any coordinate conversions. The coordinate conversions are only done if we load a cartesian coordinate model, and we then wish to plot it using LAT/LON. There, we use the basic conversion included in xy2latlon.
------------------------------------------------------------------------
r526 | anya | 2017-05-25 15:49:36 -0600 (Thu, 25 May 2017) | 39 lines

Propagating the air layers and LOG10 updated from semiglobal to the trunk, both 3D_EM and 3D_MT. Everything seems to work, but I have encountered an enigmatic bug that causes the gfortran version of 3D_MT to hang (in my case, txDict(1)%nPol assumed some crazy value in SolnSpace.f90)... BUT it only does that sometimes on my Mac. Then I recompile and no longer see it. Something to worry about, but it could be a compiler bug. I couldn't locate that problem in the code. 

Ok, it took me a full work day but I have now fixed the air layers in Fortran. None of that has been copied to the trunk or to the stable version yet, for now it's only semiglobal/3D_EM. Everything is backwards compatible in that unless you add a couple more lines to the forward solver configuration file, the old Kush's algorithm sets the air layers by default. The new "./Mod3DMT -F" output looks like this:

Usage: -F  rFile_Model rFile_Data wFile_Data [wFile_EMsoln rFile_fwdCtrl]

 Here, rFile_fwdCtrl is the forward solver control file in the format

 Number of QMR iters per divergence correction : 40
 Maximum number of divergence correction calls : 20
 Maximum number of divergence correction iters : 100
 Misfit tolerance for EM forward solver        : 1.0e-7
 Misfit tolerance for EM adjoint solver        : 1.0e-7
 Misfit tolerance for divergence correction    : 1.0e-5
 Optional EM solution file name for nested BC  : nested.esoln

 To specify air layers, append one of these three options. Default 'mirror 10 3. 30.'

 Option 1:
 Air layers mirror|fixed height|read from file : mirror
 Number of air layers and min top dz in km     : 10 3. 30.

 Option 2:
 Air layers mirror|fixed height|read from file : fixed height
 Number of air layers and max height in km     : 12 1000.

 Option 3:
 Air layers mirror|fixed height|read from file : read from file
 Number of air layers and dz top to bottom km  : 10 500. 200. 100. 50. 20. 10. 5. 2. 1. 0.5

(if the nested file is not found, that command is ignored). I've tested against Matlab, and everything works fine. The only option which I haven't tested yet is whether or not everything still works when non-standard air layers are combined with the nested grid. The solver configuration will still work fine, but there might be some incompatibilities in interpolation from the large grid to the small.

Anyway... now that the air layers are fixed, everything pretty much works. Well, not exactly. But the problems are different. Both in Fortran and in Matlab there is about a 1% difference between the spherical and the cartesian electric fields at the surface, for the BLOCK2 model. That still seems big enough to try and track it down, but it's nothing dramatic.

At the shorter periods, the fields obtained with Matlab and with Fortran codes (either spherical or cartesian) are essentially identical, with differences of less than 0.01%. The problems start at longer periods, especially in the imaginary component: at 1000 secs, the imaginary component of the fields is almost exactly 3 times bigger in Fortran than in Matlab.

Also need to check why the setup_grid function is called so many times. We only typically need it once. There might be something that I'm missing but I have to go through this carefully to make sure. Anyway, things still work, at least in the forward code: nothing crashes, codes run and produce solutions that are very close to Matlab code. More debugging needed to understand the differences.


------------------------------------------------------------------------
r525 | anya | 2017-05-25 14:37:45 -0600 (Thu, 25 May 2017) | 1 line

Minor output clean up related to air layers
------------------------------------------------------------------------
r524 | anya | 2017-05-20 16:52:02 -0600 (Sat, 20 May 2017) | 1 line

Added a log10 model file option for good measure. Tested.
------------------------------------------------------------------------
r523 | anya | 2017-05-19 17:55:21 -0600 (Fri, 19 May 2017) | 37 lines

Ok, it took me a full work day but I have now fixed the air layers in Fortran. None of that has been copied to the trunk or to the stable version yet, for now it's only semiglobal/3D_EM. Everything is backwards compatible in that unless you add a couple more lines to the forward solver configuration file, the old Kush's algorithm sets the air layers by default. The new "./Mod3DMT -F" output looks like this:

Usage: -F  rFile_Model rFile_Data wFile_Data [wFile_EMsoln rFile_fwdCtrl]

 Here, rFile_fwdCtrl is the forward solver control file in the format

 Number of QMR iters per divergence correction : 40
 Maximum number of divergence correction calls : 20
 Maximum number of divergence correction iters : 100
 Misfit tolerance for EM forward solver        : 1.0e-7
 Misfit tolerance for EM adjoint solver        : 1.0e-7
 Misfit tolerance for divergence correction    : 1.0e-5
 Optional EM solution file name for nested BC  : nested.esoln

 To specify air layers, append one of these three options. Default 'mirror 10 3. 30.'

 Option 1:
 Air layers mirror|fixed height|read from file : mirror
 Number of air layers and min top dz in km     : 10 3. 30.

 Option 2:
 Air layers mirror|fixed height|read from file : fixed height
 Number of air layers and max height in km     : 12 1000.

 Option 3:
 Air layers mirror|fixed height|read from file : read from file
 Number of air layers and dz top to bottom km  : 10 500. 200. 100. 50. 20. 10. 5. 2. 1. 0.5

(if the nested file is not found, that command is ignored). I've tested against Matlab, and everything works fine. The only option which I haven't tested yet is whether or not everything still works when non-standard air layers are combined with the nested grid. The solver configuration will still work fine, but there might be some incompatibilities in interpolation from the large grid to the small.

Anyway... now that the air layers are fixed, everything pretty much works. Well, not exactly. But the problems are different. Both in Fortran and in Matlab there is about a 1% difference between the spherical and the cartesian electric fields at the surface, for the BLOCK2 model. That still seems big enough to try and track it down, but it's nothing dramatic.

At the shorter periods, the fields obtained with Matlab and with Fortran codes (either spherical or cartesian) are essentially identical, with differences of less than 0.01%. The problems start at longer periods, especially in the imaginary component: at 1000 secs, the imaginary component of the fields is almost exactly 3 times bigger in Fortran than in Matlab.

Also need to check why the setup_grid function is called so many times. We only typically need it once. There might be something that I'm missing but I have to go through this carefully to make sure. Anyway, things still work, at least in the forward code: nothing crashes, codes run and produce solutions that are very close to Matlab code. More debugging needed to understand the differences.


------------------------------------------------------------------------
r522 | anya | 2017-04-06 00:26:40 -0600 (Thu, 06 Apr 2017) | 1 line

I have fixed the 3D_MT and 3D_EM data output in the trunk, and copied the relevant changes here. The cartesian version of this code (at least in 3D_EM, i.e. joint) works exactly like the stable code, except for some minor changes in output formatting. The spherical version runs but is clearly wrong. Next step is to debug it. Will continue any development in this branch until everything works smoothly, then can consider merging into trunk.
------------------------------------------------------------------------
r521 | anya | 2017-04-06 00:06:27 -0600 (Thu, 06 Apr 2017) | 1 line

Fixed the 3D_MT and 3D_EM apparent resistivities and phases, which inadvertedly became inconsistent with the stable version. In the stable branch, the user is expected to supply linear apparent resistivities; internally, these are converted to log10 for computations. I have now fixed 3D_MT and 3D_EM in the trunk to be consistent with that convention. While I was at it, I have also fixed the data output for 3D_MT, which got broken at some point when I was leaving for USGS, and apparently, never fixed. I also fixed the order of output back to the convention used in the stable version, to make it easier to compare various versions of the code. Also cleaned up the code and the output... allowed more characters for site names, etc. NOTE THAT IN THE JOINT VERSION, AN ADDITIONAL LINE IS REQUIRED FOR EACH BLOCK HEADER (e.g., + MT right after the two header lines; this is to allow for a general joint inversion). All tested against stable and the results are identical, except for slight differences in output formatting.
------------------------------------------------------------------------
r520 | anya | 2016-12-07 13:50:38 -0700 (Wed, 07 Dec 2016) | 1 line

A few minor cleanup and plotting changes.
------------------------------------------------------------------------
r519 | anya | 2016-07-27 14:13:17 -0600 (Wed, 27 Jul 2016) | 1 line

Added the updated configure scripts and the corresponding makefiles for the latest version of semiglobal from 3D_EM. Also, re-fixed an old bug in sg_boundary that caused the compilation to crash with gfortran - copied from stable.
------------------------------------------------------------------------
r518 | anya | 2016-07-21 12:39:58 -0600 (Thu, 21 Jul 2016) | 1 line

Fixed a VERY sneaky bug in the gradient computation (Grad is sg_diff_oper.f90) that should have completely messed up the divergence correction. The code would only have crashed if the number of vertical layers were greater than the number of cells, horizonally. But it would not be right! All previous results obtained with this code should be recomputed for accuracy, before any publication takes place.
------------------------------------------------------------------------
r517 | anya | 2016-07-19 11:50:04 -0600 (Tue, 19 Jul 2016) | 1 line

Added a semiglobal spherical makefile that works on pinto, MakefileJTs, created using ./CONFIG/Configure.JOINT.OSU.PGI MakefileJTs release spherical
------------------------------------------------------------------------
r516 | anya | 2016-07-18 18:19:38 -0600 (Mon, 18 Jul 2016) | 1 line

A few important bug fixes, old and new, to enable running of semiglobal ModEM compiled with Intel without crashing at file read. An important OLD fix that was never propagated to the SVN is the sign change of iOmegaMuInv in 3D_EM/FWD/EMsolve3D.f90 for the case of bRHS%nonzero_Source: from +ISIGN to -ISIGN. This fix has been there for a while. I have not verified it to be correct, just trusting it to be so. Will need to look into it as we proceed with this code.
------------------------------------------------------------------------
r515 | anya | 2016-07-18 13:28:16 -0600 (Mon, 18 Jul 2016) | 1 line

Visiting OSU. Trying to resurrect a working version of semiglobal... last time I worked on this, I left f90/3D_EM more advanced than semiglobal/3D_EM in terms of joint inversion capabilities, but less advanced in terms of spherical coordinates functionality. Will now try to recover a working semiglobal, then will try to merge.
------------------------------------------------------------------------
r514 | anya | 2016-05-20 17:22:51 -0600 (Fri, 20 May 2016) | 1 line

Added all benchmark configuration files from the Kelbert et al (2014) GJI paper titled Global 3-D electromagnetic forward modelling: a benchmark study
------------------------------------------------------------------------
r513 | anya | 2016-05-16 15:51:52 -0600 (Mon, 16 May 2016) | 1 line

Committing some minor modifications and additions that I made at OSU on Aug 8, 2014. All of these have been intended to create a framework for generic joint inversion in the 3D_EM code directory. There is a new dictionary of TRANSMITTER TYPES called txTypes.f90; I do not believe that it is used just yet but it will be important for bookkeeping. For MT, all that I am doing in this commit is fixing a tiny bug that was inadvertently introduced by me to DataIO.f90 when I coded up init_fileInfo() in revision 486. The fileInfo structure in DataIO is necessary for consistency with the evolving 3D_EM version. Since August 2014, it looks like none of this has been touched in the SVN (except for a few very minor fixes). Need to figure out what has happened at OSU in the meanwhile and get an up-to-date and self-consistent version into the trunk. For joint EM, this release fixes some bugs and also adds the spherical coordinate version from semiglobal to the trunk. Currently, all codes compile as tested with Intel compiler on a Mac at USGS. The codes have not been run (by me) with these modifications. Will try that next. If I remember well, inversion routines have not been adopted for general joint inversion at the time, but I implemented the skeleton in DataSpace and DataIO.
------------------------------------------------------------------------
r512 | anya | 2016-05-12 13:10:58 -0600 (Thu, 12 May 2016) | 1 line

Creating a standalone branch for f90/Global3D code, for simplified sharing.
------------------------------------------------------------------------
r511 | anya | 2016-05-12 13:06:51 -0600 (Thu, 12 May 2016) | 1 line

Accidentally committed also the Mac ifort executable. Deleting
------------------------------------------------------------------------
r510 | anya | 2016-05-12 13:06:01 -0600 (Thu, 12 May 2016) | 1 line

Creating a standalone branch for f90/FWD1D code, for simplified sharing.
------------------------------------------------------------------------
r509 | anya | 2016-05-12 12:42:08 -0600 (Thu, 12 May 2016) | 2 lines

Adding a global and global1d branches for easier sharing of the code with those who ask.

------------------------------------------------------------------------
r508 | anya | 2016-05-12 09:50:40 -0600 (Thu, 12 May 2016) | 1 line


------------------------------------------------------------------------
r507 | egbert | 2016-05-03 13:17:22 -0600 (Tue, 03 May 2016) | 1 line

small bug in sb_boundary fixed
------------------------------------------------------------------------
r506 | egbert | 2016-05-03 13:13:04 -0600 (Tue, 03 May 2016) | 1 line

error in sg_boundary fixed
------------------------------------------------------------------------
r505 | yang | 2015-09-22 12:55:35 -0600 (Tue, 22 Sep 2015) | 1 line

Fixed a tiny bug of inconsistent definition of the dimensional variables for the grid structure (nx --> Nx etc.)
------------------------------------------------------------------------
r504 | egbert | 2015-09-21 19:01:03 -0600 (Mon, 21 Sep 2015) | 1 line

minor mods to previous effort -- fixed a bug introduced before committing
------------------------------------------------------------------------
r503 | egbert | 2015-09-21 17:04:50 -0600 (Mon, 21 Sep 2015) | 1 line

got a new version of the Poisson covariance working
------------------------------------------------------------------------
r502 | yang | 2015-07-03 23:30:42 -0600 (Fri, 03 Jul 2015) | 1 line

Fixed a tiny bug.
------------------------------------------------------------------------
r501 | yang | 2015-07-03 18:55:03 -0600 (Fri, 03 Jul 2015) | 1 line

Added the testing block for covariance of Laplace operator.
------------------------------------------------------------------------
r500 | yang | 2015-07-03 18:53:53 -0600 (Fri, 03 Jul 2015) | 1 line

Added MT3DmodelCovPoisson.m to apply the cov by solving Poisson's equation with Nuemann's BC.
------------------------------------------------------------------------
r499 | yang | 2015-06-04 17:29:26 -0600 (Thu, 04 Jun 2015) | 1 line

Added a toy test example.
------------------------------------------------------------------------
r498 | yang | 2015-06-04 17:27:49 -0600 (Thu, 04 Jun 2015) | 1 line

Debugged and tested NLCG scheme, it works now.
------------------------------------------------------------------------
r497 | egbert | 2015-05-20 15:06:48 -0600 (Wed, 20 May 2015) | 1 line

edited User_instructions.txt for new svn server
------------------------------------------------------------------------
r496 | egbert | 2015-04-26 17:57:43 -0600 (Sun, 26 Apr 2015) | 1 line

Belated commit, changes made before SEG
------------------------------------------------------------------------
r495 | anya | 2014-11-06 13:36:11 -0700 (Thu, 06 Nov 2014) | 1 line

Added block2.inv to the stable 3D_MT/BLOCK2 example. Sorry that it was accidentally omitted.
------------------------------------------------------------------------
r494 | anya | 2014-10-28 23:46:33 -0600 (Tue, 28 Oct 2014) | 1 line

Fixed a few more places in the global code which caused issues with longer than 80 chars file names.
------------------------------------------------------------------------
r493 | anya | 2014-10-28 21:40:19 -0600 (Tue, 28 Oct 2014) | 1 line

Fixed a stupid limitation of 80 chars file names in the global code. Took a bit of time to remind myself where in MPI_sub.f90 things needed to be changed; this is now working. NOTE: When making synthetic or modified global resistivity file *.rho, take extra care to ensure that there are no NaNs. These tend to appear close to the South Pole and completely break the Fortran code at present.
------------------------------------------------------------------------
r492 | egbert | 2014-10-15 11:51:12 -0600 (Wed, 15 Oct 2014) | 1 line

bug fixes for oo inversion
------------------------------------------------------------------------
r491 | anya | 2014-08-23 21:57:39 -0600 (Sat, 23 Aug 2014) | 1 line

Some minor data I/O corrections - which may however affect all users! The errors were output as, essentially, not a numbers if they were undefined as in forward modeling. This is now fixed.
------------------------------------------------------------------------
r490 | anya | 2014-08-13 17:06:39 -0600 (Wed, 13 Aug 2014) | 1 line

Made the necessary changes to do tides in 3D_EM. Changed DataFunc and ForwardSolver. The latter especially is a hopeless mess and needs to be cleaned up dramatically when we get a chance. Everything run, nothing is broken, but the tidal code has not been tested yet.
------------------------------------------------------------------------
r489 | anya | 2014-08-12 12:49:52 -0600 (Tue, 12 Aug 2014) | 1 line

Propagate Gary's changed for nested modeling to 3D_EM semiglobal (from 3D_MT semiglobal). In doing so, also updating 3D_EM semiglobal to use the new forward modeling with length, area, volume element vectors from GridCalc. This version of 3D_EM is not tested yet. Will now check that everything still compiles and works.. or perhaps not. Then, with work further with 3D_EM semiglobal to make sure it also works for tides. Note that MPI still does not work in this version.
------------------------------------------------------------------------
r488 | egbert | 2014-08-08 19:00:30 -0600 (Fri, 08 Aug 2014) | 31 lines

Quick and dirty modifications to allow input of an inital
E0 field, for EM tidal modeling -- used to set BC and initial
solution vector for iterative solver.

read_solnVectorMTX is hard-coded for 2 polarization;
fixed in semi-global

Modified modelOperator
  --> added private logical variable BC_AND_E0_FROM_FILE,
        + routine to set this
  --> new case in SetBound is called when this is true, to
     use EM solutions stored in E0_from_file (in NestedEM)

Modified Forward_Solver
   -->   just add subroutine copyE0fromfile to move the
      EM solutions read into Eall_larg to a place where they
      are easily accessible to SetBound (i.e., E0_from_file(:)
        in NestedEM)

Modified Mod3DMT
   added block executed when Read_Efield_from_file is
     executed for serial case (there was already a block for MPI,
     which I did not change.   The semi-global code cannot be
     used in serial version with nesting anymore since if
     Read_Efield_from_file is true (as it should be for nesting)
     the code appropriate for setting up tidal BC and forward
     solution initialization is executed.   The trigger for
     executing this code could easily be changed (since the tidal
     case also requires input of a forcing file)


------------------------------------------------------------------------
r487 | anya | 2014-08-08 18:15:57 -0600 (Fri, 08 Aug 2014) | 1 line

Propagating the changes of trunk revision 486 to semiglobal...
------------------------------------------------------------------------
r486 | anya | 2014-08-08 17:59:56 -0600 (Fri, 08 Aug 2014) | 117 lines

----------------------------------------------------------------------------------------
Changes in DataSpace module to allow for better joint inversion and related bookkeeping.
----------------------------------------------------------------------------------------

**** WARNING: MPI NOT UPDATED YET TO INCLUDE THESE CHANGES ****
**** Fixes needed in MPI_main / Master_job_Distribute_Data ****
**** Until then, cannot use enhancements for MPI inversion ****

DataSpace now includes

1) iTxt index to indicate the transmitter type: an integer that points 
   to a meaningful list in the transmitters module.
   These exist both in data blocks and in data vectors (which are single tx).

2) scalingFactor in data blocks (NOT data vectors).
   The rational is that we should keep the flexibility of separate weightings
   for each transmitter / dataType combination. In practice we will really
   want transmitter type / dataType combinations to be weighted against each other.
   The higher level modules could deal with that.

3) 
New subroutines that act on a specific transmitter type within the full dataVectorMTX:

  !**********************************************************************
  ! set the scaling of data blocks in the full data vector dataVectorMTX.
  ! there should be one for each transmitter and data type...
  ! if transmitter type iTxt is present, only affect that type of data.
  ! if iDt is present, set scaling for data blocks for this data type only.

  subroutine setScaling_dataVectorMTX(scalingFactor,d,dout,iTxt,iDt)


  !**********************************************************************
  ! extract a dataVectorMTX for specified transmitter type only.
  ! for subsetting, transmitter type index is a necessity since otherwise
  ! access to the transmitter dictionary would be required to perform
  ! this task.

  subroutine subset_dataVectorMTX(d,dout,iTxt)

Note that there is also the complementary routine,

  !**********************************************************************
  ! Merge two multi-transmitter data vectors into a single dataVectorMTX

  subroutine merge_dataVectorMTX(d1,d2,dout)

---------------------------------------------------------------------------------------
List format changes: an additional (and optional) line to determine the transmitter type.
If this line is not present, we always assume MT, so all should be backwards compatible.
The optional line is indicated by a + sign, as follows in this header example:

# Description: 
# Period(s) Code GG_Lat GG_Lon X(m) Y(m) Z(m) Component Real Imag Error
+ MT
> Full_Impedance
> exp(+i\omega t)
> [V/m]/[T]
> 0.00
> 0.000 0.000
> 4 198

COMMENT ON THE LIST FORMAT:

The header is of course meant to be completely extensible. Once you read the data type,
you are free to append as much information pertinent to that data type to the header as
you choose, and read it once for the whole block rather than repeat it in every line.
This should solve the "CSEM list format unsuitability" problem.

---------------------------------------------------------------------------------------
Important bookkeeping changes of relevance to inversion modules and DataIO.
---------------------------------------------------------------------------------------

The whole input/output module had to be reorganized to look through 
1) transmitter type index,
2) data type index,
to make it possible to, e.g., have the same data type (such as Ey_Field) defined
for multiple forcing options (e.g., CSEM and TIDE).

There is a new list - just the integer indices - of transmitter types. These are
in the transmitter dictionary module. 

  ! transmitter types; correspond to index iTxt in the data vectors
  !  these will be heavily used in inversion routines
  integer, parameter   :: MT = 1
  integer, parameter   :: DC = 2
  integer, parameter   :: CSEM = 3
  integer, parameter   :: TIDE = 4
  integer, parameter   :: GLOBAL = 5

This is all to it. In addition, there are two new subroutines tx_type_name and tx_type_index,
to toggle between the integer and character representations of transmitter type
(since key-value lists are not allowed in Fortran).
The data vector only ever has access to the integer representation. Unless you use the
transmitters.f90 module, you wouldn't know what the integers correspond to - except for
the fact that they are the same or different. I suggest that the inversion modules should
use these indices (and the transmitters.f90 module) to figure out the type of the problem,
and define the corresponding shape of the penalty functional term. The scaling factors
can be stored in the data vectors now, so the whole logic could be much streamlined.

In DataIO, the new organization required a new structure called fileInfo, which now
contains all indices and other bookkeeping details. There is one entry in the fileInfo
dictionary for each combination of transmitter type & data type encountered in the file.

---------------------------------------------------------------------------------------

TO SUM UP: 

3D_EM updated and it seems like the MPI version still works, but it will not make use of the new
	features until the MPI modules are updated as described above.
HOWEVER, STARTING FROM THIS REVISION, JOINT CODE WILL NOT WORK CORRECTLY UNLESS THE LINE 
+ CSEM
is inserted in all CSEM data blocks!

3D_MT updated for consistency and everything still works.


------------------------------------------------------------------------
r485 | anya | 2014-07-24 13:31:16 -0600 (Thu, 24 Jul 2014) | 29 lines

This stable release implements all bug fixes and updates since Oct 10, 2013 (rev 444).

1. We've listened to the feedback we've been getting about the desired support of gfortran compiler.
   This release implements all necessary gfortran-friendly fixes. The default makefiles
   Makefile2d and Makefile3d are now configured with gfortran.
   Other makefiles will no longer be supported. Instead, configure files will be maintained.

2. We have added configure scripts to create makefile configurations with four compilers:
    Portland Group, Intel, GFortran and G95.
   Three compiler options are supported: debug, release, MPI.
   To use, run e.g.,
   > ./Configure.3D_MT.PGI Makefile MPI
   > make
   Note: we have only tested MPI configuration with Portrand Group and Intel compilers so far.

3. Important bug fixes are included for apparent resistivity and phase tensor inversion configurations,
   thanks to Kristina Tietze.

4. The computation of the full sensitivity matrix in parallel now works thanks to Naser Meqbel.

5. The binary output of the full sensitivity matrix slightly modified to include headers.

6. The default maximum number of NLCG iterations is now 600.

7. In 2D MT, ocean can now be fixed; Tzy data type has been added.

Multiple other rewrites and fixes should not directly affect the usage of the program. 


------------------------------------------------------------------------
r484 | anya | 2014-07-18 15:38:38 -0600 (Fri, 18 Jul 2014) | 1 line

Good news: the adjoint problem in the spherical version of semiglobal was due to the same bug in Cell2Edge. I thought that I propagated the fix to CalcGridS.f90, but evidently I had not. This version has the correct adjoint. As far as I am aware, it still does not work with MPI.
------------------------------------------------------------------------
r483 | anya | 2014-07-16 18:57:29 -0600 (Wed, 16 Jul 2014) | 1 line

Propagating the ModelMap fixes for more accurate mapping and its correct adjoint to semiglobal branch.
------------------------------------------------------------------------
r482 | anya | 2014-07-16 18:43:35 -0600 (Wed, 16 Jul 2014) | 1 line

Updated ModelMap with the more general version. All inversions still work fine with MPI, incl. global, 3D_MT and joint.
------------------------------------------------------------------------
r481 | anya | 2014-07-15 18:58:49 -0600 (Tue, 15 Jul 2014) | 1 line

Further renaming and fixes that do not break global, 3D_MT or joint (3D_EM FWD changes mirrored from 3D_MT). No conceptual changes yet, just cleanup/renaming.
------------------------------------------------------------------------
r480 | anya | 2014-07-15 18:33:00 -0600 (Tue, 15 Jul 2014) | 1 line

Forced commit of UTILS/elements.f90 rev 453
------------------------------------------------------------------------
r479 | anya | 2014-07-15 18:27:24 -0600 (Tue, 15 Jul 2014) | 34 lines

This is a working version that has major and minor fixes but no major changes compared to Naser's big update.

Global fixes:

Temporarily reverted UTILS/elements.f90 module to rev 453. The changes implemented in semiglobal
apparently completely break the global code, both forward modeling and adjoint.
The "correct" version of the code (e.g., this one, also r449-464) give the numbers
Total derivative test based on Taylor series [f(m0+dm) ~ f(m0) + df/dm|_{m0} x dm]
  f(m0+dm) - f(m0):   -5.212222    
  df/dm|_{m0} x dm:  -0.1050722E-02
(which is of course also incorrect and needs to be debugged! - but at least the inversion sort of works).
With the new elements module the answers, for the same l6m3 C responses example, were
  f(m0+dm) - f(m0):   -6919.008
  df/dm|_{m0} x dm:    1603.778
So, both amplitudes and signs completely wrong!!!!! Need to be very carefully investigated
before the new elements module can be used.
Also, no need to have nPol attribute in EARTH/SolnSpace.f90. This is reverted.

Mod3DMT:

Updates include corrected GridCalc modules (which are not used for any computations in this version
of the code!) and generalized I/O routines for sg_vectors and sg_scalars which allow both ascii
and binary types of output.

Finally, this includes some gfortran-friendly syntax changes.

The changes up to this version, including Kristina's fixes for apparent resistivities and phase tensors,
should most definitely be propagated to stable asap.

However, before I go this, I will uncomment the two lines that got commented out in writeVec_modelParam_binary,
as this would affect output for sensitivity matrices. Next commit will do that.

*This version has been tested to run the NLCG inversion for 3D_MT, joint 3D_EM and global.*

------------------------------------------------------------------------
r478 | anya | 2014-07-13 23:34:41 -0600 (Sun, 13 Jul 2014) | 9 lines

Of course! I forgot about the main offender, SensMatrix.f90; and accidentally removed the useful testOperators from SymmetryTest.f90. This is now 
fixed. 

This version also includes the fixes Lana made for compilation with gfortran; and also the fixes that she made in modelOperator3D.f90 to get rid of 
the out of bounds errors (these used to cause segmentation faults with Intel compiler). 

All codes, including 3D_MT and 3D_EM (both cartesian and spherical) and the global code, now finally compile with PGI. This is the version to start 
with for any further changes or testing.

------------------------------------------------------------------------
r477 | anya | 2014-07-13 23:00:25 -0600 (Sun, 13 Jul 2014) | 1 line

"Intelligently" updated the semiglobal with the fixes and edits from the trunk. Now the semiglobal is the more up-to-date version; it has all the fixes, but also the additional modifications. I'll wait on updating the trunk until I hear from Naser, and also possibly until I decide on which version is more efficient. The changes are easier made on Windows through Total Commander and TortoiseSVN; for testing (especially before committing to the trunk!) need to complete installation of the virtual machine on Windows. Will probably do that next. This semiglobal version should in theory work, but has not been tested to compile or run because the comparison has been done on Windows!!! 
------------------------------------------------------------------------
r476 | anya | 2014-07-13 22:11:49 -0600 (Sun, 13 Jul 2014) | 80 lines

This looks like a larger number of changes, but in fact this is very minor; should
work *identically* like Naser's version for 3D_MT and 3D_EM codes. This is my cleanup
following Naser's major rewrite to allow for joint EM inversion. Things stopped working
for me after that; mostly, the global code got broken. This is now fixed. The global
code is also modified in the sense that the new elements.f90 module is included,
as finalized in the semiglobal version - replacing the integral elements with finite
difference approximations, to ensure exact symmetry. The global NLCG code is runs fine
and produces reasonable output.
The joint 3D EM code compiles, including with the PGI compiler; haven't tried running
it yet. The changes are as follows.

1. Naser: in making the option case MULT_BY_J_T_multi_Tx (the -x switch), you created a fix for output of a vector of model parameters. It's in 
SensMatrix, and it is called "write_JT_multi_Tx_vec", and it in turn calls something with the name of "write_JT_multi_vec_binary" (found in 
3D_MT/modelParam/modelParamIO/Binary.inc).
Unfortunately, since SensMatrix is part of the common module package, this shortcut breaks my global code, so that it no longer compiles.

A subroutine to output a vector of model parameters was in fact already there, right next to the new one (called "writeVec_modelParam_binary"). Is 
there a reason why you thought that it was necessary to make a new version?
I have now replaced the

  call write_JT_multi_Tx_vec(JT_multi_Tx_vec,cUserDef%wFile_dModel)

in the main program Mod3DMT with the lines

  open(unit=ioSens, file=cUserDef%wFile_dModel, form='unformatted', iostat=ios)
  write(0,*) 'Output JT_multi_Tx_vec...'
  write(header,*) 'JT multi_Tx vectors'
  write(ioSens) header
  call writeVec_modelParam_binary(size(JT_multi_Tx_vec),JT_multi_Tx_vec,header,cUserDef%wFile_dModel)
  close(ioSens)

These produce identically the same output. To clean this up further, I would like to uncomment two lines in writeVec_modelParam_binary that output 1) 
the header, and 2) the size of the array. The problem is, I don't know why they were commented out, so I don't want to make any such changes before 
consulting with you, so that your output files are still readable. This function is also used to output the sensitivity matrix. For now, made sure
all output was exactly as before.

2. PGI compiler choked on some lines, which were too long: in JINV/NLCG.f90 and in 3D_EM/DC_Geoelec/DC_GeoElec.f90. I inserted line breaks to get 
everything to compile.

3. Bug fixes from Kristina Tietze, received 10 July 2014. Quoting Kristina:
"Recently, I was contacted by Juntao Cai who was intending to use inversion 
of app. res. & phase calculation with ModEM (3D). He was wondering 
about "infinity" errors for resistivities when running a forward calculation.

I had a look at the most recent version of the code (downloaded yesterday) and found that there are differences between the online version and what I 
use at two incidences:

1) DataIO: I added some lines to avoid infinity errors for resistivities (lines 194-200).

2) DataFunc: When testing the inversion of phase tensor data, I found that it is not coverging - the difference is in the Lrows-computation for phase 
tensors. There were some differences in sign convention (minus/plus; lines 553-650). I cannot remember the time when I modified that and I thought 
that I would have sent the corrected version to you, but apparently I have not - sorry for that."

These fixes need to be propagated to all other versions of the code, including the stable. Naser: I have propagated these changes to your 3D_EM 
version. The phase tensor was correct in 3D_EM, although fixed in a different way: I changed it to Kristina's code so allow fewer discrepancies 
between version. 
However, note that this also includes one very important additional fix: the derivatives for the apparent resistivities weren't previously corrected 
for the log(10) format!!!! This fix was not yet in your 3D_EM code. I have now fixed it in both versions.

Another important comment on this: in 3D_MT, the apparent resistivities in FILES are NOT log(10) values, but apparent resistivities as such; log(10) 
is taken in DataIO.f90 when the values are read in. The converse (10^value) is done on output.
This logic is missing from 3D_EM, so that the files with apparent resistivities wouldn't mean the same thing in 3D_EM and 3D_MT. This is not a good 
situation, and should probably be fixed either way - but since the 3D_MT code is already used by people, we should probably change 3D_EM. Let me know 
what you think.

4. In the global code, I updated MPI_sub.f90 to get MPI to work, and replaced elements.f90 with the new finite difference version. Since the NLCG 
works for the global code, it looks like nothing is drastically broken - although, the numbers (RMS etc) are a tiny bit different, in the second 
significant digit or so. However, something still isn't looking good in the global code because when I just tried the symmetry and gradient tests,
the gradient was nicely computed, but then the code said that it had zero norm. So something somewhere still needs fixing; but since NLCG works,
including in parallel, it most likely isn't something big.

Finally, I would like to address the issue of the multiplicity of files. I thought that we've discussed and agreed that to simplify maintenance, the 
directories 3D_EM and 3D_CSEM would only contain those files that override/supercede or add to 3D_MT, which is the base. The makefile would then 
search in these directories first, and only use 3D_MT files if the relevant files are not present in 3D_EM and 3D_CSEM. Is it ok for me to proceed to 
delete all of the duplicate files from these directories? It would make the overall structure of the code much cleaner and easier to maintain. I 
would of course compile all versions to make sure that nothing is broken. 
This release still has all the duplicates. There might be some technical issues to getting this to work as I'm envisioning; haven't tested this yet.



------------------------------------------------------------------------
r475 | anya | 2014-06-06 17:38:29 -0600 (Fri, 06 Jun 2014) | 1 line

Replaced the unpublished reference with two published papers.
------------------------------------------------------------------------
r474 | anya | 2014-05-14 20:14:44 -0600 (Wed, 14 May 2014) | 1 line

Submitting a few cleanup details and fixed incompatibilities with the global code. In particular, moved testOperators subroutine from SymmetryTest.f90 to ForwardSolver.f90: it has problem-specific details. Other minor updates of the same sort. One more problem prevents the global code from compiling: the call to write_JT_multi_vec_binary (modelParamIO/Binary.inc) from SensMatrix.f90. This needs to be replaced with something more generic such as write_modelParam.
------------------------------------------------------------------------
r473 | anya | 2014-05-13 11:48:37 -0600 (Tue, 13 May 2014) | 1 line

Lana found and removed a major memory leak in the Curl operator. Now the memory is stable, at about 1.5 of the memory of the old method. Also, removing some legacy lines that were already commented out: they are no longer needed.
------------------------------------------------------------------------
r472 | anya | 2014-05-09 12:56:15 -0600 (Fri, 09 May 2014) | 1 line

Further clean up with regards to coordinate system vs geometry. Geometry (sphere vs cube, or more generally region) is part of the grid definition. However, coordinate system (spherical vs cartesian) is defined by the global variable gridCoords in GridCalc module header, currently not used. The reason for this distinction is this: we can have the same grid for regional problems, and switch the GridCalc module (and boundary_ws) to change coordinate system. However, for the geometry of SPHERE we need to go through some additional steps to ensure correct behavior at zero longitude and at the poles, especially for the dot product evaluations.
------------------------------------------------------------------------
r471 | anya | 2014-05-06 18:14:03 -0600 (Tue, 06 May 2014) | 1 line

Makefile fixes and minor cleaning edits. The only significant change here is that the SIGMA_AIR (and back to zero) lines are re-inserted in modelOperator3d, DivCorrSetUp() subroutine. This is temporary: they are probably not needed there, and their effect is not huge, although noticeable... but for now, we want to make sure that outputs stay the same as we make other changes. Indeed, this version has been tested to produce results that are nearly identical to the latest version in the trunk, and to the stable. Specifically, Lana plotted the output E-fields side by side and the results are almost indistinguishable. Now, need to figure out a clean way to switch between lat/lon and x/y while using the same data file.
------------------------------------------------------------------------
r470 | anya | 2014-05-06 15:51:55 -0600 (Tue, 06 May 2014) | 1 line

Merged the latest trunk revision 464 that includes Naser's changes into semiglobal branch. Now need to compile and verify that the result has not been affected. Then, start cleaning up with the idea of joint MT & tidal forcing.
------------------------------------------------------------------------
r469 | anya | 2014-05-05 17:01:06 -0600 (Mon, 05 May 2014) | 1 line

Further organizational cleanup. Now have two different makefile versions: cartesian and spherical. They, correspondingly, use 3D_MT/GridCalc.f90 and 3D_MT/FWD/boundary_ws.f90, or 3D_MT/GridCalcS.f90 and 3D_MT/FWD/boundary_wsS.f90. To create a spherical version of a makefile, use e.g. ./Configure.3D_MT.OSU.PGI Makefile debug spherical
------------------------------------------------------------------------
r468 | anya | 2014-05-05 16:06:22 -0600 (Mon, 05 May 2014) | 1 line

Some organizational clean up: SensComp no longer uses ioAscii or outputs any testing results. Instead, all testing has now been implemented through a new testOperators routine in SENS/SymmetryTest.f90. To call, use Mod3DMT -A O file.ws file.dat
------------------------------------------------------------------------
r467 | anya | 2014-05-03 18:05:19 -0600 (Sat, 03 May 2014) | 1 line

Apart from some temporary output that is commented out (in modelOperator3D.f90 and in solver.f90 just after the A*x in QMR), the only change is here flexibility of input and output routines for sg_vector and sg_scalar. Specifically, there is now an added optional variable ascii/binary that specifies, optionally, binary input or output. All vectors need to be allocated and of the right size before input.
------------------------------------------------------------------------
r466 | anya | 2014-05-02 19:29:28 -0600 (Fri, 02 May 2014) | 24 lines

The comment in the previous commit was very misleading and resulted from an error in running the code (Lana forgot to do make 
clean before recompiling). In fact, the old=.true. version does not (of course!) work. The old=.false. (i.e., the new version of 
the code) should work but only after fixing a crucial bug. Lana was re-initializing omega for output in AdiagSetUp() in 
modelOperator3D. That breaks the code and produces mysterious streaks in the solutions... this just took us all a week to debug. 
This commit is focused on removing these two problems: the broken omega in Adiag, and the switch to the old code now set to 
false. 

The code now runs on the example files
Mod3DMT -F mTrueS.ws dTemplateS.dat sphere_out_bugfixed.dat mTrue_sphere_bugfixed.soln
and produces a completely clean solution with no streaks or artifacts, even in the spherical coordinate version
(which this is).

There might still be suboptimal accuracy, near the boundaries or otherwise, but nothing crazy or obviously unreasonable.

The next step is to clean this up to make sure we don't use ioAscii in SensComp module, and that two makefile for spherical and 
cartesian coordinate versions of the code co-exist peacefully. The only differences between the two coordinate systems are in 
3D_MT/GridCalc.f90 and 3D_MT/FWD/boundary_ws.f90 modules.

Finally, need to merge with the latest version from the trunk.

Further developments in the short-term will require making this work with interior sources in addition to the MT problem, 
jointly.


------------------------------------------------------------------------
r465 | anya | 2014-04-29 17:28:41 -0600 (Tue, 29 Apr 2014) | 9 lines

Lana's spherical semiglobal version which works for switch=.old. but not for the new Maxwell's - need to understand, why!

boundary_ws.f90 has just been fixed (by Gary) for the spherical coordinates. Lots of debugging output still. Lots of changes 
which need to be reverted or fixed, including

1) ioAscii is now used by SensComp for temporary output - instead, need to use sg_vector and sg_scalar output routines;
2) on input, coordinates are all mixed up pretending that they are cartesian instead of using the lat/lon fields;
3) (there were more, but I can't think of them right now... :( )

------------------------------------------------------------------------
r464 | naser | 2014-04-05 06:12:36 -0600 (Sat, 05 Apr 2014) | 1 line

Major changes is with regard the computation of the full J matrix in parallel. Modification are debugged and tested. Everything seems to work fine up to this revision.   
------------------------------------------------------------------------
r463 | naser | 2014-04-04 15:26:58 -0600 (Fri, 04 Apr 2014) | 6 lines

To make the comparison between the EM and MT versions in serial and parallel and the original inversion run possible, I have reset the model covariances values to default values used before, namely 0.3 and one time smoothing. Moreover, in the EM version I was experimenting with air layers for the CSEM case. I have reset the computation of the air layers as done before. 
The updated version on the trunk is now working for these inversion cases:
EM: parallel and serial
MT: parallel and serial      
This has been tested and successfully compared to the original results of running the 3D test model.
In the NLCG I have just disabled the output of JT after each iteration.
------------------------------------------------------------------------
r462 | naser | 2014-04-04 11:39:00 -0600 (Fri, 04 Apr 2014) | 1 line

Fixing small bugs while compiling for MT and EM. Both MT and EM are now compiled on the GFZ cluster using Intel compiler. These changes and the updated version on the trunk need to be tested for all options and for serial and parallel versions. 
------------------------------------------------------------------------
r461 | naser | 2014-04-03 15:13:51 -0600 (Thu, 03 Apr 2014) | 1 line

Merging changes in Mod3DMT.f90 and Mod3D_EM.f90 in one single file called Mod3DMT.f90 to make sure that the configuration files,hence, make files created by the COAS group remain valid. 
------------------------------------------------------------------------
r460 | anya | 2014-04-02 14:05:07 -0600 (Wed, 02 Apr 2014) | 1 line

Adding more changes by Lana, including the non-kocher modifications to SensComp (and the corresponging Makefile.lana) - the dependency on ioAscii in SensComp will need to be cleaned up. My modifications include UTILS/elements.f90: I switched to using the finite difference approximation instead of the integral approximation, to match the Matlab code. This is a major change, but it turns out that it only affects z-faces! Nothing else needs to be changed, not even the volumes.
------------------------------------------------------------------------
r459 | anya | 2014-04-01 17:14:00 -0600 (Tue, 01 Apr 2014) | 1 line

Some intermediate changes mostly from Lana with lots of debugging output - in the process of making the elements compatible with Matlab using the finite difference (rather than integral) approximation for areas and volumes.
------------------------------------------------------------------------
r458 | naser | 2014-04-01 09:47:45 -0600 (Tue, 01 Apr 2014) | 11 lines

Major changes: 
3D:
-Modifying the nested modeling part to make the master who only reads the E-Field from the file, interpolate at the outer slices of the nested model and then distributes the interpolated data in a sparse vector to all workers. 
- The serial and parallel versions can now output JTd for multiply Tx.
- Memory leakage in the MPI module are fixed.
- Updating the standard DCG inversion scheme.
- Adding additional folder called 3D-EM which contains the forward solver calls for CSEM and DC cases together with the MT.
- Adding a folder called JINV which contains the modified gradient routine in the NLCG (need to be clean and rewrite the added part in more general way). In addition, the file DCG_Hybrid.f90 contains a collection of subroutine (need to be cleaned) for the hybrid schemes. 
2D:
- Adding the Tzy data type
- Allowing to fix (e.g., ocean) in the modelCov. 
------------------------------------------------------------------------
r457 | anya | 2014-03-27 18:37:23 -0600 (Thu, 27 Mar 2014) | 1 line

Matlab file updates from my Windows XP desktop, mostly for plotting
------------------------------------------------------------------------
r456 | anya | 2014-03-27 02:55:25 -0600 (Thu, 27 Mar 2014) | 1 line

Updated InterpPlot.m to use new US state plotting
------------------------------------------------------------------------
r455 | anya | 2014-02-24 15:15:04 -0700 (Mon, 24 Feb 2014) | 1 line

Fixed an obvious bug in GridCalc.f90 volume elements
------------------------------------------------------------------------
r454 | anya | 2014-02-13 11:53:40 -0700 (Thu, 13 Feb 2014) | 1 line

Fixed the obvious bugs in the spherical grid element computations.
------------------------------------------------------------------------
r453 | anya | 2014-02-11 18:47:30 -0700 (Tue, 11 Feb 2014) | 1 line

Propagating some (unnecessary, unused, but potentially useful) bug fixes from the semiglobal code development to the trunk global code. MT codes are not affected by this commit.
------------------------------------------------------------------------
r452 | anya | 2014-02-11 18:43:52 -0700 (Tue, 11 Feb 2014) | 1 line

In the semiglobal - todal forcing - project, we are at the point when everything seems to work with the cartesian GridCalc.f90, in the sense that it reproduces the results that we used to obtain without the use of GridCalc module. The cartesian module is saved in the trunk. Here, I have now replaced it with spherical, and it compiles and runs. Now we need to fix the edges: replace zero longitude and the poles with edge elements as needed. Then, compare with Matlab codes.
------------------------------------------------------------------------
r451 | anya | 2014-01-05 16:18:23 -0700 (Sun, 05 Jan 2014) | 1 line

RUBIKS example: some updates from my Windows machine
------------------------------------------------------------------------
r450 | anya | 2014-01-05 15:58:12 -0700 (Sun, 05 Jan 2014) | 1 line

Adding the RUBIKS synthetic example with all the inversions (just the final models are included).
------------------------------------------------------------------------
r449 | anya | 2013-11-26 17:56:33 -0700 (Tue, 26 Nov 2013) | 1 line

A very-very quick one-day fix to the global code to allow SFF computations with a full grid model (rather than spherical harmonics.) The reason this was a problem was that we needed a 1D to solve for the primary fields, and could not easily obtain them from a full grid. This has been now implemented and debugged (working!) but in an extremely crude and messy way. Going to use this for the watermelon synthetic global tests.
------------------------------------------------------------------------
r448 | anya | 2013-11-20 15:04:10 -0700 (Wed, 20 Nov 2013) | 1 line

Corrected the Curl operator; using it now for Maxwell computations - just for testing at this point. Indexiging for the dual grid is different here than for the global problem, so operatorC/operatorCt subroutines did not work out of the box. They are currently still in the code, but may now be removed. Of course, modelOperator3D module is in the process of being completely rewritten to use grid elements - but it will still use the same strategy as before, storing the Curlcurl operator as coefficient arrays - except now they are 3D, and there are 36 of them (plus three diagonals).
------------------------------------------------------------------------
r447 | anya | 2013-11-11 11:00:44 -0700 (Mon, 11 Nov 2013) | 1 line

Some updates to the matlab scripts made over the past year or so on my Windows machine. Probably designed for the new model and data classes to work.
------------------------------------------------------------------------
r446 | anya | 2013-11-05 16:52:48 -0700 (Tue, 05 Nov 2013) | 1 line

Initialized the grid length, surface and volume elements in the semiglobal branch. Made sure these are no longer used as local variables in ModelMap, and renamed the corresponding volume elements in modelOperator3D to be consistent with the new notation. The variables are called l_E, S_E, V_E, l_F, S_F, V_F, V_C and V_N. They are defined in GridCalc, because they are also used in ModelMap, EMfieldInterp and nestedEM, but they are all initialized by ModelDataInit in modelOperator3D (cleaned up in a similar fashion). ModelMap is clean apart from ModelParamToOneEdge, which is only used in EMfieldInterp (as sigC) and might not in fact be needed if it is done cleanly and through sparse vectors.
------------------------------------------------------------------------
r445 | anya | 2013-11-05 14:42:57 -0700 (Tue, 05 Nov 2013) | 1 line

Creating a private branch to work on converting all staggered-grid differential operators to a concatenation of elementary operators, after saving the grid elements. Will test efficiency and memory demands before merging back to the trunk. Eventually will replace the grid elements with spherical coordinate formulation to use for semi-global problems such as in the Pacific ocean (tidal project).
------------------------------------------------------------------------
r444 | anya | 2013-10-10 17:43:30 -0600 (Thu, 10 Oct 2013) | 14 lines

I am updating the stable version with all of 2D and 3D MT changes we've made
between the rev 373 on Dec 29, 2011 and rev 442, Oct 10, 2013.

These include some low level rewriting of the code, particularly the way 
the nestedEM was done, because the way it was implemented (technical details) was
conflicting with something else we were doing - multigrid project.

These also include the changes that I started working on, going towards a spherical
coordinate formulation (mostly additional subroutines I wrote, rather than changes
in the code - these have not been made yet).

Everything seems to be working still, but there might be some instabilities due
to the recent changes. Not everything has been tested (by me at least).

------------------------------------------------------------------------
r443 | anya | 2013-10-10 17:36:20 -0600 (Thu, 10 Oct 2013) | 1 line

Several minor changes to 2D code - mostly to replace Weerachai Siripunvaraporn email contact on error with Gary Egbert. Also updated the 2D makefiles. An important minor change: I increased the default number of NLCG iterations from 200 to 600.
------------------------------------------------------------------------
r442 | anya | 2013-10-09 18:12:32 -0600 (Wed, 09 Oct 2013) | 1 line

Adding benchmark EARTH examples - just the configuration files and run outputs (no results).
------------------------------------------------------------------------
r441 | anya | 2013-10-09 12:33:10 -0600 (Wed, 09 Oct 2013) | 14 lines

Propagating Naser's fix for inter-station TFs to trunk. The fix was implemented in revs 438 and 439 in branches/stable:

Rev 438 
Small but substantial change. In the linearized data functional where Lrows for the horizontal inter-stations TF are computed, the linear 
combination of the interpolation coefficients for the x and y magnetic field components is taken between the reference-reference sites, 
which should be obviously between local-reference sites.
Bug is Fixed and the INV of inter-stations TF data is tested successfully. 

Rev 439
Slight modification to the Rx dictionary in case of inter-stations TF.
In the previous version, one field site was allowed to have only one Ref. site. In the new version one field site could be associated with 
various ref. sites.
 

------------------------------------------------------------------------
r440 | anya | 2013-10-03 18:42:53 -0600 (Thu, 03 Oct 2013) | 1 line

Weird: it looks like a critical bug fix for the global code, performed on Jun 18th, 2013 has never been committed back to the SVN. Fixing that omission.
------------------------------------------------------------------------
r439 | naser | 2013-08-04 05:12:03 -0600 (Sun, 04 Aug 2013) | 3 lines

Slight modification to the Rx dictionary in case of inter-stations TF.
In the previous version, one field site was allowed to have only one Ref. site. In the new version one field site could be associated with various ref. sites.
 
------------------------------------------------------------------------
r438 | naser | 2013-05-30 16:36:32 -0600 (Thu, 30 May 2013) | 2 lines

Small but substantial change. In the linearized data functional where Lrows for the horizontal inter-stations TF are computed, the linear combination of the interpolation coefficients for the x and y magnetic field components is taken between the reference-reference sites, which should be obviously between local-reference sites.
Bug is Fixed and the INV of inter-stations TF data is tested successfully. 
------------------------------------------------------------------------
r437 | anya | 2013-01-29 18:45:24 -0700 (Tue, 29 Jan 2013) | 11 lines

Major changes to multigrid:
1) Added the modules GridCalc and GridCalcMG that compute the length, area and volume elements.
These elements are not currently stored anywhere (but should be stored to maximize efficiency).
2) Edited ModelMap.inc to use the new operators in GridCalc & the operators that map from
edges of the original grid to multigrid, and back. These are in sg_vector_mg and are called
copy_rvector2mg and copy_mg2rvector.
These two subroutines have not yet been debugged and are probably still somewhat incorrect
(one should be the adjoint of the other, and it's not - or at least they are not symmetric).
These need particular attention.


------------------------------------------------------------------------
r436 | anya | 2013-01-29 10:38:07 -0700 (Tue, 29 Jan 2013) | 1 line

Model mappings cleaned up to use CalcGrid. J symmetry test still works.
------------------------------------------------------------------------
r435 | anya | 2013-01-28 18:50:25 -0700 (Mon, 28 Jan 2013) | 1 line

Model mappings cleaned up to use CalcGrid. J symmetry test still works.
------------------------------------------------------------------------
r434 | anya | 2013-01-28 13:10:44 -0700 (Mon, 28 Jan 2013) | 1 line

3D_MT GridCalc module updated with the full range of grid element computations, and the unweighted mappings Edge2Cell and Cell2Edge needed to map the model parameter. The code not cleaned up yet to use these new operators. Passes the Jacobian symmetry test so not broken.
------------------------------------------------------------------------
r433 | anya | 2013-01-25 17:53:09 -0700 (Fri, 25 Jan 2013) | 1 line

Implemented most of the symmetry tests (and everything is symmetric!). Need to check that the nested modelling works before propagating these changes to the stable version.
------------------------------------------------------------------------
r432 | anya | 2013-01-25 17:05:02 -0700 (Fri, 25 Jan 2013) | 1 line

Renamed subroutines c2mg and mg2c to copy_cvector2mg and copy_mg2cvector (the short names have been kept as interfaces). Also, added similar subroutines copy_rvector2mg and copy_mg2rvector. These should be directly used in operator P but they need to be correct and symmetric. They need to be cleaned up (using average_rvector_mg) and tested...
------------------------------------------------------------------------
r431 | maria | 2013-01-25 16:57:18 -0700 (Fri, 25 Jan 2013) | 1 line

a few minor changes compare to previous commit
------------------------------------------------------------------------
r430 | maria | 2013-01-25 16:47:00 -0700 (Fri, 25 Jan 2013) | 1 line

Diagonal pre-conditioner implemented (does not work); New averaging routines for cvector_mg and rvector_mg 
------------------------------------------------------------------------
r429 | anya | 2013-01-24 18:39:48 -0700 (Thu, 24 Jan 2013) | 1 line

Very minor changes: S test implemented but not debugged. There is no time to spend on this now. Will get back to the specific multigrid issues. Eventually, we want to have this test also working.
------------------------------------------------------------------------
r428 | anya | 2013-01-24 17:51:39 -0700 (Thu, 24 Jan 2013) | 1 line

Symmetry tests for operators P and J now run - but DO NOT WORK! i.e., the operators are not even close to being symmetric. The only symmetric part is L, which has not been changed. Anyway, it is a starting point for debugging.
------------------------------------------------------------------------
r427 | maria | 2013-01-24 13:05:30 -0700 (Thu, 24 Jan 2013) | 1 line

rvector_mg%z(:,:, nz+1) not exist; in modelOperator not used nz+1 anymore; sg_cvector -- updated allocation for rvector%z, now (:,:,nz)
------------------------------------------------------------------------
r426 | maria | 2013-01-23 18:52:36 -0700 (Wed, 23 Jan 2013) | 1 line

M1Interface M2Interface pre-conditiner on the boundaries
------------------------------------------------------------------------
r425 | anya | 2013-01-23 17:06:04 -0700 (Wed, 23 Jan 2013) | 1 line

Working on getting the symmetry tests to work for the multigrid code. Operator L working. Operator P not working because the dictionaries cannot be setup without a data file. Need to change the EM field input to get around this. This input will of course contain the full transmitter dictionary information once we get around to implementing it in NetCDF, but the old binary format should work as a temporary solution.
------------------------------------------------------------------------
r424 | anya | 2013-01-23 13:55:11 -0700 (Wed, 23 Jan 2013) | 1 line

Added input/output for multigrid E-fields, but these do not work yet so they are currently commented out. Changed all preprocessor directives to lowercase ( e.g., #IFDEF to #ifdef ) to accommodate pgf95 compiler. This still compiles and works with Intel, but not with PGI 10.9. Will try a later version of the PGI compiler as soon as that is available.
------------------------------------------------------------------------
r423 | maria | 2013-01-22 17:42:36 -0700 (Tue, 22 Jan 2013) | 1 line

modelOperator, array out of bounds fixed
------------------------------------------------------------------------
r422 | maria | 2013-01-22 16:59:52 -0700 (Tue, 22 Jan 2013) | 1 line

modelOperator DiluInterface changed to XX0 YY0
------------------------------------------------------------------------
r421 | maria | 2013-01-22 16:49:29 -0700 (Tue, 22 Jan 2013) | 1 line

modeloperator.f90 -- Dilu, M1, M2 modified for Jacobi pre-conditioner; GrifDef.f90 -- select case possibility c2f,f2c,f2f added
------------------------------------------------------------------------
r420 | maria | 2013-01-22 15:21:42 -0700 (Tue, 22 Jan 2013) | 1 line

exmaples 32mode simple version + interface cross Cube, 64 model with  25 sites 6 periods data
------------------------------------------------------------------------
r419 | anya | 2013-01-22 14:18:55 -0700 (Tue, 22 Jan 2013) | 16 lines

Ok, got it: the 1d model is mapped very efficiently already.
The reason why we are mapping the full model twice at the start
is because we do it in write_modelParam in the main program
before we start any computations. Not a problem, except that it
adds a minute or so to any call to the solver. This could of
course be done more efficiently by outputting the model 
in the ForwardSolver, but then we wouldn't have that output
in calls to 'original' and suchlike. Anyway, really not a big
deal.
Otherwise, all bugs are now eliminated and the mapping from 
spherical harmonics to the grid is now quite efficient (it takes
about 35 secs to map a 13 layer model of degree 40). So we should
now be able to afford higher resolutions.
Have NOT tested the inversion yet; assuming it still works.
I don't see any reason why it wouldn't but you never know.

------------------------------------------------------------------------
r418 | anya | 2013-01-22 12:47:49 -0700 (Tue, 22 Jan 2013) | 18 lines

Edited field1d.f90 to save the Legendre polynomials at grid edges and nodes, once they are 
computed. This is intended for efficiency, but it seems like there isn't much benefit in terms of 
speedup: mapping to the grid is still ~ 38 secs. Keeping the changes nevertheless. 

The next edit involves saving the Legendre polynomials at grid centers and reusing them for
mapping the spherical harmonic models to the grid in modelmap.f90. I've implemented this change
and that seems to give a major speedup, reducing the time to map a degree 40 model to the grid
from ~ 55 secs to ~ 35 secs. Since we're repeating the procedure 3 times for each model
(including mapping from the 1d radial background) this might be worth keeping, but there's
currently a bug that creates NaN's. Need to fix that before I can commit.

This mapping has already been sped up by not repeating the computations for every grid layer
but for every layer in the model parametrization. It needs to be further improved: mapping from
the 1d model shouldn't take any time (currently it does, in spite of the obvious changes I made
to fix this). So, two bugs to sort out before I can leave this task. Then, need to try an MPI
inversion to verify that it still works.


------------------------------------------------------------------------
r417 | anya | 2013-01-22 11:39:34 -0700 (Tue, 22 Jan 2013) | 1 line

Some minor cleaning/output changes, including the capability to output 1d resistivity and conductance map, if that has not been committed before - it has been used for some weeks now.
------------------------------------------------------------------------
r416 | anya | 2013-01-18 19:28:42 -0700 (Fri, 18 Jan 2013) | 1 line

Minor changes that already make the mapping from spherical harmonic domain to the grid much more efficient, without yet breaking the code. Next will try saving the Legendre polynomials explicitly.
------------------------------------------------------------------------
r415 | maria | 2013-01-18 09:51:25 -0700 (Fri, 18 Jan 2013) | 1 line

not stable
------------------------------------------------------------------------
r414 | maria | 2012-12-11 02:03:28 -0700 (Tue, 11 Dec 2012) | 1 line

extended typr cboundary_mg added for AdjBC on multi-grid
------------------------------------------------------------------------
r413 | maria | 2012-11-06 06:22:00 -0700 (Tue, 06 Nov 2012) | 1 line

memory leakage bug in AdjBC fixed 
------------------------------------------------------------------------
r412 | maria | 2012-10-26 06:03:10 -0600 (Fri, 26 Oct 2012) | 1 line

DivCorr bug fixed, mg inversion works
------------------------------------------------------------------------
r411 | maria | 2012-10-09 07:30:10 -0600 (Tue, 09 Oct 2012) | 1 line

ModelParamtoEdgeMG bug fixed, DCG works
------------------------------------------------------------------------
r410 | maria | 2012-10-02 07:11:15 -0600 (Tue, 02 Oct 2012) | 1 line

model mapping for Pmult
------------------------------------------------------------------------
r409 | maria | 2012-09-28 07:41:20 -0600 (Fri, 28 Sep 2012) | 1 line

Jfor mg, NLCG for mg is working but unstable, if zero coarseness then inverse problem works as orginal ModEM
------------------------------------------------------------------------
r408 | maria | 2012-09-26 00:43:43 -0600 (Wed, 26 Sep 2012) | 1 line

New sparse_vector, Einterpol, DataFunc
------------------------------------------------------------------------
r407 | maria | 2012-08-07 06:21:49 -0600 (Tue, 07 Aug 2012) | 1 line

Coarseness from file
------------------------------------------------------------------------
r406 | anya | 2012-08-06 14:56:47 -0600 (Mon, 06 Aug 2012) | 1 line

Added a detailed GridCalc module to compute length, surface and volume elements in the global code. Compiles and implemented carefully but not tested yet (so probably still wrong somewhere). Global code not modified to use the new routines in this commit.
------------------------------------------------------------------------
r405 | anya | 2012-07-27 11:03:08 -0600 (Fri, 27 Jul 2012) | 1 line

Copied spherical staggered-grid length and area elements from the global code to a common area (UTILS) and required that GridCalc uses this module. No code has been modified to spherical coordinates yet.
------------------------------------------------------------------------
r404 | anya | 2012-07-26 17:04:56 -0600 (Thu, 26 Jul 2012) | 1 line

Corrected a bug in the division by surface areas in global. Now working correctly for the tides. Plan to start cleaning up the global operators now.
------------------------------------------------------------------------
r403 | anya | 2012-07-13 18:41:43 -0600 (Fri, 13 Jul 2012) | 1 line

Reverting accidentally committed debugging output in rev 402
------------------------------------------------------------------------
r402 | anya | 2012-07-13 14:58:51 -0600 (Fri, 13 Jul 2012) | 2 lines

Accidental commit with some minor debugging changes for hugely non-uniform MT grids that were never meant to be committed. Will be reverted.

------------------------------------------------------------------------
r401 | anya | 2012-07-13 14:28:16 -0600 (Fri, 13 Jul 2012) | 40 lines

Important additions to global code: everything is now implemented to run forward models with tidal 
forcing (inversion should also work but wasn't tested). The code is now running with the M2 tidal 
source; results should now be correct - after fixing a scaling bug - but since the code is still 
running I can't tell; there might still be bugs remaining. Global *is* working correctly for 
external sources in this release.

Problem: in implementing this addition, I realised that I needed a bunch of basic operators that 
were never required before. For example, multiplication by rhoF instead of l_F rho_F (S_E)^-1 that 
previously existed (needed to output electric fields E = rho_F J).
More importantly, also need the operators l_F and (S_F)^-1. Other elemental operators that exist 
such as l_E and (S_E)^-1 need to be cleaned up from using wrappers to the original global forward 
solver. So overall, a detailed careful rewrite is finally necessary.

I made a quick shortcut to ensure that the program works now for the tidal stuff. I will now (or 
maybe soon, after the EMIW in Australia) start with this version and rewrite all of the elemental 
operators, with the idea that these can also be reused in the MT code.

The equation for tides (in T/s) looks like
[(S_E)^-1 C^T l_F] rho_F [(S_F)^-1 C l_E] h + i\omega\mu_0 h = [(S_E)^-1 C^T l_F] rho_F Js,
where Js = sigma_F (v x B). Rho and sigma cancel out to get
[(S_E)^-1 C^T l_F] rho_F [(S_F)^-1 C l_E] h + i\omega\mu_0 h = [(S_E)^-1 C^T l_F] (v x B)_F.

So (v x B) on faces is the sparse source input to the code. Need to be careful because B in IGRF 
is normally in nT, and the tidal velocities are normally given as tidal transport, depth 
integrated. Need to convert B to SI units (multiply by 1e-9) and compute v by dividing by depth.

We can write this equation as
(V_E)^-1 [l_E C^T (S_F)^-1] V_F rho_F [(S_F)^-1 C l_E] h + i\omega\mu_0 h = (V_E)^-1 [l_E C^T (S_F)^-1] V_F (v x B)_F

Here, (S_F)^-1 C l_E is the correct discrete curl operator, and l_E C^T (S_F)^-1 is its transpose.
Then, (V_E)^-1 [l_E C^T (S_F)^-1] V_F = (S_E)^-1 C^T l_F is the full adjoint in the dual vector space.

So, we need:
(S_E)^-1 C^T l_F - adjoint curl - also to compute the RHS for tidal FWD;
(S_F)^-1 C l_E - curl - also to compute and output current densities J from magnetic field strength H;
rho_F - mapping from cells to faces - also to compute E from J.

Will now save the working version and try to clean up and make all the changes without breaking 
it. Hmm. Sounds like a week of debugging, but it's pretty inevitable at this point.

------------------------------------------------------------------------
r400 | maria | 2012-07-13 12:48:26 -0600 (Fri, 13 Jul 2012) | 1 line

Averaging for BC, New c2mg, More stable version
------------------------------------------------------------------------
r399 | maria | 2012-07-09 12:42:20 -0600 (Mon, 09 Jul 2012) | 1 line

MGtest folder added. Test models
------------------------------------------------------------------------
r398 | maria | 2012-07-08 04:03:37 -0600 (Sun, 08 Jul 2012) | 1 line

Update DivCgradDILU
------------------------------------------------------------------------
r397 | maria | 2012-07-08 04:02:07 -0600 (Sun, 08 Jul 2012) | 1 line

Update DivCgradDILU
------------------------------------------------------------------------
r396 | maria | 2012-07-03 12:39:36 -0600 (Tue, 03 Jul 2012) | 1 line

Update DivCgradDILU
------------------------------------------------------------------------
r395 | maria | 2012-07-02 14:28:58 -0600 (Mon, 02 Jul 2012) | 1 line

Update procedures relating to DivCorr are modified
------------------------------------------------------------------------
r394 | maria | 2012-06-30 14:28:48 -0600 (Sat, 30 Jun 2012) | 1 line

small modifications in Update procedures
------------------------------------------------------------------------
r393 | anya | 2012-06-28 17:07:29 -0600 (Thu, 28 Jun 2012) | 1 line

Added some debugging output in SolverSens useful to directly plot the derivative with respect to rho. Was going to do it through debug_derivative subroutine, but then I realised that that did not have the capability for SFF and decided it wasnt worth the trouble.
------------------------------------------------------------------------
r392 | anya | 2012-06-27 12:22:27 -0600 (Wed, 27 Jun 2012) | 13 lines

Fixed a tiny output bug for resistivity on the grid. 
Added a new parametrization coined "exp" but in fact simply a rescaled log parameterization 
rho = rho0*exp(-rho0*m). This translates to sigma = sigma0*exp(m/sigma0), the idea being
that the derivative d\sigma/dm is independent of the background in the limit m->0.
So that around the background the derivative is asymptotically linear, and doesn't
have a preference in terms of inserting the anomalies in the more conductive (i.e. deeper!)
layers. Jin's idea is that this will make it fit the data with more near-surface structures.
Good idea, but the tests so far show that yes, it inserts near-surface structures primarily,
but that these don't fit the data nearly as well as the usual, unrescaled, version.
It would be identical to the usual log, rescaled by the prior, but it isn't due to the
thinsheet; of course, thinsheet doesn't have to be parametrized the same way.


------------------------------------------------------------------------
r391 | anya | 2012-06-22 18:09:45 -0600 (Fri, 22 Jun 2012) | 2 lines

Somewhat cleaned up the global code. Tested and still working incl. NLCG.

------------------------------------------------------------------------
r390 | anya | 2012-06-22 16:53:27 -0600 (Fri, 22 Jun 2012) | 4 lines

Global code working with the correct NLCG output (resistivity on the grid).
Leaving further cleaning for the following commit just to have a fully
working version at hand.

------------------------------------------------------------------------
r389 | anya | 2012-06-22 15:24:21 -0600 (Fri, 22 Jun 2012) | 21 lines

UPDATE: global code is actually working... the last problem was due to 
running the code incorrectly. Now that the thinsheet is also variable,
initial step of 1 gradient norm in combinatio with the relative layer 
weighting that multiplied the model parameter in the upper layers by a 
large factor, were too much, ending up in exp(~ +/-200). 
These were interpreted as infinity/zero by the code, respectively, and 
the mapping from the model parameter to the grid failed at the first
line search. This has been sorted out (input parameters corrected)
and the code is now working, including NLCG, both log10 and tan versions.
However, the code is a mess. I inserted and commented out lots of lines
while debugging. These need to be cleaned up. More importantly, the 
writing of the model parameters on a grid needs to be corrected:
new subroutine mapToGrid_modelParam that was intended to replace 
initModel somehow manages to mess up the layers and coefficients in
the intent(in) model parameter! So shouldn't be used (commented out
and replaced back by initModel in this commit). This means that the output
of NLCG is still in terms of spherical harmonics and not on a grid
(which would be better). Will be fixed in the next commit, and the code
will be cleaned up. Once the output is corrected, it's ok to run the code
with real data over the weekend.

------------------------------------------------------------------------
r388 | anya | 2012-06-21 19:22:33 -0600 (Thu, 21 Jun 2012) | 32 lines

Global code in process of a major rewrite. Global inversion not working in this commit.
It computes the first gradient, then crashes while mapping the updated model parameter
to grid during initSolver. Rather mysterious, I should say. Have been debugging this
(and related issues) for nearly a week and haven't found the reason yet.

The gradient works for the log10 parametrization (tested) and isn't quite right still
(by about 1/2) for arctan parametrization, which is new in the code.

Also fixed a tricky bug in the model covariance so that it now acts "correctly" (i.e.
as expected). It also means that old "unsmoothed" parametrization files shouldn't
be used with this new covariance - since it is now slightly different. The problem
was due to the fact that the "next" and "prev" coeff. pointers were not updated to
point to the respective coefficient in the new, smoothed model. So that they continued
to point to the rough model even after the vertical smoothing was run once. So the second
time around it produced an unexpected result.

Switched to using *background* model rho0 instead of the prior. This allows the "prior"
information to have arbitrary structure - not necessarily spherical harmonics - and to
try new parametrizations such as arctan. However rho0 now needs to be stored somewhere
and it's best to use a pointer so that we don't have to pass it around in MPI. That
caused another multitude of bugs until I decided to store it in modelmap. Even that
doesn't solve the problems, it seems - see above on the inversion crashing.

Most importantly, all these changes also allow varying the thinsheet layer with another
spherical harmonic layer of possibly higher degree. Once everything is debugged, will
explore this new feature.

Important output change: will now output resistivity on the grid as *.rho and unsmoothed
parametrization with all smoothing parameters as *.prm. Note that smoothed *.prm doesn't
make as much sense anymore since it is no longer the full model - background is not included.


------------------------------------------------------------------------
r387 | maria | 2012-06-02 13:36:23 -0600 (Sat, 02 Jun 2012) | 1 line

Working MG version. Still some things may not work correctly. Tested on small grid.
------------------------------------------------------------------------
r386 | anya | 2012-05-31 16:50:51 -0600 (Thu, 31 May 2012) | 17 lines

EARTH update, mostly - and a tiny zero model output bug fix in NLCG. (The sufficient decrease 
condition doesn't seem to make a difference so keeping it hard coded for now).

In EARTH, I added layer weights that are user-defined but it looks like the reasonable values 
to use would be sqrt(rho), where rho is the linear prior resistivity, i.e., 10^(m0/2) if m0 
is parameterized using log10(rho). Square root since we are using CmSqrt, applied twice to form 
the model covariance Cm. This is needed to downweight the effect of inserting conductive anomalies 
in the resistive upper layers: if the data can be explained by realistic near-surface structure, 
we should accept that explanation as more probable. Relative layer weighting allows to try and 
come up with models that are heterogeneous in the uppermost layers.

Also implemented a few lines towards making the thinsheet variable, but the gradients for this are 
not implemented yet: we might not need it if we allow heterogeneity in the uppermost 100 km.

Trying it out now by running some inversion with and without the layer weighting to see if we can 
fit the data as well or better with anomalies in the upper mantle.

------------------------------------------------------------------------
r385 | anya | 2012-05-08 12:22:34 -0600 (Tue, 08 May 2012) | 25 lines

EARTH update.

I've spent the last few days debugging the Fortran global inversion... again! One would hope it'd 
be working already, after 10 years or so of development. Anyway, it seemed to behave as if the 
gradient was wrong (too big) by a factor, so I went through the code carefully and found a fresh 
bug. The inversions should converge much better now that this bug is fixed!

Briefly, in the process of making the 3D MT code more efficient (with regards to the Q business) I 
instituted a logical variable "zeroValued" in the model parameter and ensured that a bunch of 
operations, including multiplication by the model covariance, are not performed if the model 
parameter is zero valued. (Obviously, checking a full 3D model for departures from zero would not 
be efficient.)

While doing so, I also mimicked this behaviour in the global code, forgetting however to unset the 
zeroValued logical on the output from P transposed! To sum this up, ever since this bug was 
introduced the model covariance operator was never applied to the gradient, even though the model 
itself was smoothed correctly. This introduced a substantial error in the final gradient vector, 
but since all the other computations were correct, the inversion sort of worked... but not quite! 
I went though every line of NLCG and re-derived it with a pencil and paper before I found this. 

Two minor fixes still pending: need to clean up the main program Global3D.f90, and add the option
to change (increase) the NLCG sufficient decrease condition parameter c in the inverse control
configuration file.


------------------------------------------------------------------------
r384 | anya | 2012-05-04 12:37:49 -0600 (Fri, 04 May 2012) | 1 line

Fixed a minor bug: will now correctly use the adjoint controls file for adjoint (rather than forward) modelling, if that exists. The global inversion acts incorrectly, nearly always overshooting in the line search so that the result of QUADLS is slightly worse than the first line search guess. At the same time, MT inversions work fine. It is as if the global gradient was wrong - too big - by a constant factor (2?). Needs to be debugged and fixed. Will now do a major cleanup of the main global program Global3D.f90 and try to find the problem.
------------------------------------------------------------------------
r383 | anya | 2012-04-27 15:14:26 -0600 (Fri, 27 Apr 2012) | 1 line

Fixed a serious bug (reordering of impedance components!) in the readWSdata.pl script within the 3D_MT/Cascadia example. Note: all inversions performed previously are still correct: - I never used the file that was created with this script. Bug found by Mauricio de Souza Bologna (San Paulo). Script now verified to work correctly. Note also: script imposes 5% error floor on the data. This can be commented out in a straightforward manner.
------------------------------------------------------------------------
r382 | maria | 2012-03-22 06:26:31 -0600 (Thu, 22 Mar 2012) | 1 line

Delete FiniteDiffMG3D
------------------------------------------------------------------------
r381 | maria | 2012-03-22 06:21:32 -0600 (Thu, 22 Mar 2012) | 1 line

Multigrid: mapping  Econd->mgrid, GridDef(creat, setup mgrid), new vectors_mg
------------------------------------------------------------------------
r380 | maria | 2012-03-22 06:10:03 -0600 (Thu, 22 Mar 2012) | 1 line

test update
------------------------------------------------------------------------
r379 | anya | 2012-03-15 15:31:42 -0600 (Thu, 15 Mar 2012) | 26 lines

EARTH update.
Came back after maternity leave and verified that the code is, indeed, correct.
The RMS misfit computation in the forward code is correct, too. However, the
T option (which computes the so-called "generalized magnetic field TFs", i.e.
scaled magnetic fields) outputs the magnetic fields, rescaled using the coefficient
obtained from the input data. Therefore, provides a different output than the H
option, and, more importantly, provides a data-dependent output! This needs to be
fixed. The output file should always contain the computed magnetic fields,
and nothing else.
Note, however, that the behaviour of the inversion with the T option will be very
different from that with the H option: the RMS's will be different, even when
the correct source scaling is used.
It's a little tricky; let me explain.
Magnetic fields depend on the source scaling. Scaled fields (or generalized magnetic
field TFs, T) - don't. So the RMS should of course be taken on T's!
However, the "Dst-like scaling coefficient", c, depends not only on the source
scaling and configuration (mildly on the latter, if mid-latitude observatories
are used), but also, in a non-linear way, on the model.
The ratio T will converge to the true value as the model converges to the true model;
however, the RMS will behave differently than if the fields were used, directly.
On input, we divide the data (and errors) by a data-dependent factor, c_{data}.
On output, however, we compute the fields based on the background model, and divide
them by a model (and source) dependent factor obtained from the computed fields.
So the RMS will only be identical to the H-case when the model *is* the truth.
Try it on synthetic data!

------------------------------------------------------------------------
r378 | maria | 2012-02-06 20:20:32 -0700 (Mon, 06 Feb 2012) | 1 line

First
------------------------------------------------------------------------
r377 | anya | 2012-01-20 17:28:00 -0700 (Fri, 20 Jan 2012) | 22 lines

I have streamlined the dependencies for the nestedEM module.
Previously nestedEM used SolnSpace, and was called by EMsolve3D.
It also used the modelOperator3D module.

Now, it does not use SolnSpace, and it is only called by the
modelOperator3D module. The main subroutine of the module,
Interpolate_BC_from_E_soln, has been stripped down to the basics
and moved to the ForwardSolver (could also be in the SolnSpace,
but it seems to make more sense in the ForwardSolver module).

The code changes as such have been minimal. As far as I am aware,
I haven't broken anything, but I do not have a nested modelling
example to verify this. Needs to be thourougly checked before
propagating this to the stable branch.

Of course, the way nestedEM is currently implemented, it will only work 
if there is the same number of polarizations for all transmitters.
It should be quite easy to generalise, and the new version is perhaps
easier to deal with than the old version. There is no need for the
BC_from_file array to be a vector, as far as I could see... but I haven't
changed any of that to minimize the chance of introducing errors.

------------------------------------------------------------------------
r376 | maxim | 2012-01-19 13:26:55 -0700 (Thu, 19 Jan 2012) | 1 line

Create MG
------------------------------------------------------------------------
r375 | anya | 2012-01-19 12:29:47 -0700 (Thu, 19 Jan 2012) | 1 line

Creating a private branch for Maria Cherevatova and Maxim Smirnov to develop a multigrid forward solver formulation for 3D MT
------------------------------------------------------------------------
r374 | anya | 2011-12-29 12:05:10 -0700 (Thu, 29 Dec 2011) | 9 lines

Updating to trunk revision 373:

Stability update before releasing the code to the academic community.
Includes updates to the user guide, and the paper currently in press in GJI.
Also, fixes 2D MT inversion in MPI; changes the behaviour of apparent
resistivity and phase inversion (linear, NOT log apparent resistivities
expected in the input file); also includes minor corrections to the
Matlab I/O scripts and some cosmetic changes to the makefiles.

------------------------------------------------------------------------
r373 | anya | 2011-12-29 11:48:41 -0700 (Thu, 29 Dec 2011) | 1 line

Cosmetic changes to the MPI makefiles
------------------------------------------------------------------------
r372 | naser | 2011-12-27 17:35:18 -0700 (Tue, 27 Dec 2011) | 2 lines

Fixing a bug in the MPI version of 2DMT:
In the 2D_MT/ForwardSolver.f90 there is a public variable called "currentMode". This variable is used to avoid reinitializing some vectors. In the MPI run, however, it is difficult to keep track what is the current mode! This why there was a discrepancy between the serial and the MPI runs for the test model. Moreover, in the old version (with currentMode used), the inversion run (MPI as well as serial) for only one mode (TE or TM) does not converge.      
------------------------------------------------------------------------
r371 | anya | 2011-12-22 16:56:44 -0700 (Thu, 22 Dec 2011) | 1 line

This version of the global code works with arbitrary complex sources in the SFF. There are still some discrepancies that need to be sorted out, and the field inversion of real data does not converge to anywhere close the RMS of 1, but the MPI code runs and works with C responses. Debugging required.
------------------------------------------------------------------------
r370 | anya | 2011-12-22 16:40:52 -0700 (Thu, 22 Dec 2011) | 1 line

ModEM documentation updated: the GJI paper added, also a user/developer manual (in misc) and the user guide updated. Also need to check that the 2D MT MPI works.
------------------------------------------------------------------------
r369 | anya | 2011-11-28 19:11:32 -0700 (Mon, 28 Nov 2011) | 5 lines

FWD1D updated and debugged to work with the new scaling for the magnetic fields,
appropriate for the arbitrary sources. After some painful debugging, verified
to work with a realistic source. Matches the Matlab code.


------------------------------------------------------------------------
r368 | anya | 2011-11-25 17:51:39 -0700 (Fri, 25 Nov 2011) | 1 line

Updating FWD1D: added the capability to supply a complex source structure. Will use that in the global code with SFF.
------------------------------------------------------------------------
r367 | egbert | 2011-09-16 18:17:06 -0600 (Fri, 16 Sep 2011) | 1 line

some cleanup of ioBinary routines
------------------------------------------------------------------------
r366 | egbert | 2011-09-16 18:15:55 -0600 (Fri, 16 Sep 2011) | 1 line

finish debugging version w/ abstract classes, new test scripts
------------------------------------------------------------------------
r365 | egbert | 2011-09-16 18:15:14 -0600 (Fri, 16 Sep 2011) | 1 line

finish debugging version w/ abstract classes, new test scripts
------------------------------------------------------------------------
r364 | egbert | 2011-09-16 18:14:50 -0600 (Fri, 16 Sep 2011) | 1 line

finish debugging version w/ abstract classes, new test scripts
------------------------------------------------------------------------
r363 | anya | 2011-09-15 17:05:23 -0600 (Thu, 15 Sep 2011) | 18 lines

Implemented two new data types:

T: generalised magnetic field transfer functions
H: raw magnetic fields

Sensitivities are implemented for both but haven't been tested yet.
Forward solver works with both data types.

In both cases, we read in the six components of the raw magnetic fields
at the observatories, and the errors. For T, we then scale them by a
factor which is equivalent to a Dst index, except we specify the "reference"
observatories to use in an input list. The factor is, essentially, the
average H_\theta at these reference observatories. We then invert this
response which is independent of the magnitude of the source; for output,
we "unscale" by multiplying by the same factor, saved on input.

All this needs to be tested.

------------------------------------------------------------------------
r362 | egbert | 2011-09-09 18:55:33 -0600 (Fri, 09 Sep 2011) | 1 line

more cleanup of INVclass; added abstract classes
------------------------------------------------------------------------
r361 | egbert | 2011-09-09 17:47:51 -0600 (Fri, 09 Sep 2011) | 1 line

Update of INVclass
------------------------------------------------------------------------
r360 | egbert | 2011-09-09 17:43:14 -0600 (Fri, 09 Sep 2011) | 1 line

more bugs in MT3D fixed
------------------------------------------------------------------------
r359 | egbert | 2011-09-09 14:30:27 -0600 (Fri, 09 Sep 2011) | 1 line

more corrections to MT3D
------------------------------------------------------------------------
r358 | egbert | 2011-09-09 12:27:15 -0600 (Fri, 09 Sep 2011) | 1 line

added abstract classes, cleaned up MT3D
------------------------------------------------------------------------
r357 | egbert | 2011-09-09 12:24:39 -0600 (Fri, 09 Sep 2011) | 1 line

added abstract classes, cleaned up MT2D
------------------------------------------------------------------------
r356 | anya | 2011-09-07 17:13:03 -0600 (Wed, 07 Sep 2011) | 1 line

A working version of global benchmark examples. All are running with the current version of Global3D (rev 355); the solver configuration has been carefully chosen to be close to optimal and the fwd_startup files are updated. The grids might need to be further fine-tuned to accommodate examples 3 & 4, and a mixed parametrization might need to be developed to run these with secondary field formulation.
------------------------------------------------------------------------
r355 | anya | 2011-09-07 16:50:38 -0600 (Wed, 07 Sep 2011) | 1 line

Fixed the bugs so that the forward solver now really works with the grid parametrization. Note that the SFF will not work since the radial conductivity is not defined in this case. Sensitivities will not work, either. More work needed to enable both of these cabilities.
------------------------------------------------------------------------
r354 | anya | 2011-09-02 19:07:26 -0600 (Fri, 02 Sep 2011) | 9 lines

More important changes in the global. First, the grid format file is changed: in the first line we now give nx,ny,nzAir,nzCrust,nzEarth.
Then, nz = nzAir + nzCrust + nzEarth. This extra bit of information lets us set up the modelling for the thinsheet internally in the code.
The meaning of nzCrust has been redefined accordingly, and corrected throughout. It is automatically reset to zero if no thinsheet file is specified.
It's thickness is no longer defined my the parameters in the math_constants module, but instead defined directly by the grid file.
Finally, I have also implemented the "grid" parametrization: i.e., resistivity defined directly on the grid. This is intended for forward modelling 
only.
The code compiles, but none of this has been tested yet.


------------------------------------------------------------------------
r353 | anya | 2011-09-02 14:29:56 -0600 (Fri, 02 Sep 2011) | 35 lines

Two important changes in the global.

First, I have removed the lines that increase the desired accuracy of the solution by 10 when the first period is being computed. These issues need to 
be dealt with at the user interface, or perhaps in the ForwardSolver module; certainly not within the core of the forward solver (maxwells).

Second, I have added an option to specify different forward solver parameters for the adjoint computations, and added that option to fwd_startup. If no 
such file is provided, use the solver configuration for adjoint also (default). I have fiddled with the solver configurations, and found that this is 
optimal for most problems, at 1x1 degree resolution at least:

50
1.E-6
200
30
3 3 60

These are:

ipotloopmax  ! max number of divergence correction loops
errend ! tolerance on the solution update (herr)
nrelmax    ! max number of solution updates between div. corrections
n_reldivh  ! number of divergence correction iterations
ipot0,ipotint,ipot_max ! check and run div. correction if needed every ipotmax solution updates, ipotmax = min(ipot0+ndivcorr*ipotint,ipot_max)

These parameters ensure that the divergence corrections are run often at first, when the solver is still unstable and prone to diverging, then less and 
less often at it converges. Giving the solution relaxations at least 60 iterations in between divergence corrections ensures that there is enough time 
to improve the solution (I found that previously the divergence corrections interfered with the convergence too often). Previously, the solver almost 
always reached the maximum number of iterations without convergence, and used the last 200 max relaxations to converge, without any divergence 
corrections. This resulted in a not so optimal solution and longer run times.

I have now increased the tolerance (used to be 1.E-7, in fact updated to 1.E-8 internally in the code for the first period using call_flag) so that 
this is now the primary convergence criterion. I have also increased the accuracy of divergence correction to 30 iterations (from 10): I find that this pays 
off in terms of total run time. Finally, I doubled the minimum number of solution relaxations between iterations (from 30) and increased the total 
number of divergence corrections (from 30 to 50). The solver now reaches the tolerance before the maximum number of divergence corrections is exceeded.
For now, I am making the adjoint tolerance even more relaxed, 1.E-5, but this hasn't been tested so not sure if this is appropriate.

------------------------------------------------------------------------
r352 | egbert | 2011-08-30 11:57:15 -0600 (Tue, 30 Aug 2011) | 3 lines

Fixed a few bugs in 3DMT inversion (and also in one of the input files in ioascii)
3D inversion works, at least for some cases!   Initial success at least ...

------------------------------------------------------------------------
r351 | anya | 2011-08-15 17:39:41 -0600 (Mon, 15 Aug 2011) | 1 line

Fixed a most painful and mysterious bug in the global code 1D solution: added one meter to the Earth radius to make sure that the fields at the surface are above (not below) the thinsheet. This made a huge difference for benchmark solutions with variable thinsheet conductivity. Now, the discrepancy with the 1D Matlab code is below the 5th or 6th significant digit throughout. Global code works with an internally computed 1D fields, so no files needed anymore.
------------------------------------------------------------------------
r350 | anya | 2011-08-03 18:06:15 -0600 (Wed, 03 Aug 2011) | 1 line

Added the spherical harmonic examples to global benchmark.
------------------------------------------------------------------------
r349 | anya | 2011-07-29 18:45:10 -0600 (Fri, 29 Jul 2011) | 17 lines

Major update to global code:
1. NEW STARTUP FILE FORMAT.
2. The 1D field for secondary field formulation
are now computed inside the Fortran code.
3. Minor changes and renames related to the startup
file, e.g. damping parameter now only included in
the inverse configuration, or if missing the default
value of 10 is used. Previously was encountered both
in the inverse config. file and in the startup.

Needs to be tested once again, and the fields
computed with SFF directly compared with those
computed without the new feature. Efficiency
(during an inversion) should be improved.
Otherwise, seems to compile, run and act
reasonably.

------------------------------------------------------------------------
r348 | anya | 2011-07-29 18:39:55 -0600 (Fri, 29 Jul 2011) | 8 lines

Updating global examples:
1. NEW STARTUP FILE FORMAT. Benchmark examples updated to the new format. 
2. Starting to build up an accurate benchmark example directory.
3. Removing all 1D full H-field files, produced by Jin's Matlab code:
no need for these anymore, since the 1D fields are being computed
within the Fortran code.


------------------------------------------------------------------------
r347 | anya | 2011-07-25 18:48:39 -0600 (Mon, 25 Jul 2011) | 20 lines

FWD1D is now timed. 

When compiled in a not so optimal configuration (g95 -O2) for one period 
(16 days) on a 360 x 180 x 104 grid, on a rather old Linux workstation:

 Done computing potentials:  0.0390625  secs
 Done mapping to grid:  17.644531  secs
 Done writing to file:  40.347656  secs
 Total time taken:  58.03125  secs

A more efficient compiler (ifort -O3) gives me these times:

 Done computing potentials:   2.7343750E-02  secs
 Done mapping to grid:    7.082031      secs
 Done writing to file:    41.94531      secs
 Total time taken:    49.05469      secs

Adding FWD1D example input files.


------------------------------------------------------------------------
r346 | anya | 2011-07-25 17:39:39 -0600 (Mon, 25 Jul 2011) | 16 lines

The 1D global forward solver is now reliable. It is carefully tested and cross-validated
versus Jin's Matlab code (bugs in both codes fixed). All field values are correct and accurate, 
including for non-dipole sources. 

Moreover, the Fortran code is now super-efficient: and effort has been made to only perform 
one Legenre polynomial computation for each latitude, making the minimum number of computations 
that are necessary to obtain the 1D fields.

Note: at this point, the Matlab code does not compute the vertical field at the South pole.
For P10, it is the negative of the North pole value; for non-dipole sources it can be anything,
so the quick fix currently used in Matlab is not correct. Therefore, at this point it is
preferable to use the Fortran code to obtain the 1D fields.

Will now make use of this functionality in my global SGFD code. Once implemented, will set up
several working (benchmark) examples.

------------------------------------------------------------------------
r345 | anya | 2011-07-22 18:48:17 -0600 (Fri, 22 Jul 2011) | 1 line

1D global forward solver correct. Found and corrected two final bugs in spherical harmonics computation; compared potentials, spherical harmonic coeff. and output fields, all good. Fixed a few bugs in the Matlab code in the meanwhile. Will also test with higher degree and order sources; then integrate with the global solver.
------------------------------------------------------------------------
r344 | anya | 2011-07-21 14:34:16 -0600 (Thu, 21 Jul 2011) | 1 line

1D global forward solver runs with model, grid and periods input files and produces correct potentials, but incorrect fields. Will now debug this.
------------------------------------------------------------------------
r343 | anya | 2011-07-20 16:03:57 -0600 (Wed, 20 Jul 2011) | 1 line

Global 1D code compiles and runs; the potentials are correct but the output fields not checked yet. Will now switch to using the grid and cvector types from the modular system, and make sure sourceField1d is called by the global forward solver instead of reading the fields from file. Need to check that this is only done once in an inversion.
------------------------------------------------------------------------
r342 | anya | 2011-07-19 17:55:39 -0600 (Tue, 19 Jul 2011) | 1 line

Now, 1D global forward solver coefficients very closely replicate those in the Matlab code (at least to the 4th significant digit). The reason there was an inaccuracy earlier is that I computed everything from l=0 as opposed to l=1, as in Matlab. Now, the code does not support degree 0, but that should be easily dealt with while mapping to the grid. Will now sort that out.
------------------------------------------------------------------------
r341 | anya | 2011-07-19 12:09:50 -0600 (Tue, 19 Jul 2011) | 1 line

1D global forward solver produces numbers that look like numbers, but strangely does not exactly reproduce the Matlab code; one or the other has numerical errors. Will now sort that out, and also debug the mapping to the grid.
------------------------------------------------------------------------
r340 | anya | 2011-07-19 10:35:41 -0600 (Tue, 19 Jul 2011) | 1 line

1D global forward solver compiles and runs to produce coefficients which are totally wrong, but better than not compiling... will now debug.
------------------------------------------------------------------------
r339 | anya | 2011-07-18 10:31:54 -0600 (Mon, 18 Jul 2011) | 1 line

A few minor changes, mostly in Global. Also, a small bug fixed in sg_boundary.f90 that caused compilation issues with the new gfortran (Marcelo Banik).
------------------------------------------------------------------------
r338 | anya | 2011-07-15 19:02:38 -0600 (Fri, 15 Jul 2011) | 1 line

Added the Fortran version of model1d - 1D analytic forward modelling copied from Jin Sun's Matlab code. Doesn't compile or even have the valid Fortran syntax yet.
------------------------------------------------------------------------
r337 | anya | 2011-05-26 15:01:59 -0600 (Thu, 26 May 2011) | 1 line

Fixes and changes to the Matlab model and data fit plotting scripts.
------------------------------------------------------------------------
r336 | anya | 2011-05-02 19:01:14 -0600 (Mon, 02 May 2011) | 20 lines

Two changes.

1. 3D MT: apparent resistivities and phases. In Kristina's implementation,
one has to supply the natural log of apparent resistivities in the file.
Instead, this version takes the apparent resistivities from the file
and internally converts them to log10 for inversion; outputs apparent
resistivities (no logs). This is to avoid ambiguity in the name of the
data functional. Will need to talk to Kristina before committing this
to the stable branch.

2. Global: changes in configuration file. Here is the idea. If we need to
run the forward solver for a synthetic model that can best be expressed
in terms of a model on a grid, we use the "grid" parameterisation or
a "mixed" parameterisation which supplies a harmonic prior model and
perturbations on a grid. To accommodate this feature, we need to add
an rscalar to the model parameter in the global code.
Also, added an additional field for inversion of raw magnetic field data
(divided by something like a Dst index). This is not implemented yet,
but will be soon.

------------------------------------------------------------------------
r335 | anya | 2011-04-28 18:44:09 -0600 (Thu, 28 Apr 2011) | 1 line

Fixed a few bugs in the data reading, writing and plotting Matlab scripts.
------------------------------------------------------------------------
r334 | anya | 2011-04-28 12:46:08 -0600 (Thu, 28 Apr 2011) | 1 line

Some cosmetic changes to the plotting programs. Corrections to the DataFit script.
------------------------------------------------------------------------
r333 | anya | 2011-04-21 14:47:32 -0600 (Thu, 21 Apr 2011) | 1 line

Fixed a typo introduced in the previous commit (and found by Marcelo Banik).
------------------------------------------------------------------------
r332 | anya | 2011-04-20 15:30:08 -0600 (Wed, 20 Apr 2011) | 24 lines

Updating to trunk revision 331:

2D MT BUG FIX.

In initSolver, solution and RHS vectors were only initialized
when the mode was changed. If 2D MT inversion was run with a single
mode (TE or TM) the vectors were initialized once for the forward
modelling, but never initialized again when sensitivity computations
were performed for the first time. So, the inversion mysteriously
crashed.

I fixed this, add added more error checking and debugging output 
throughout 2D MT (some 3D too). However, the 2D inversion still crashes 
on the test TM data from Brazil. Strangely, now sparse vector Le is not
initialized in Lrows for some receivers, starting from the second
sensitivity computation... I haven't figured out why.

3D MT BUG FIX.

Fixed the bug that caused incorrect misfit and gradient computations 
when selected components of a data type were omitted. It is now OK
to omit any component in a data type for any transmitter/receiver
configuration. Just delete the respective line in your data file.

------------------------------------------------------------------------
r331 | anya | 2011-04-20 15:20:33 -0600 (Wed, 20 Apr 2011) | 15 lines

FIXED a bug in 2D MT.

In initSolver, solution and RHS vectors were only initialized
when the mode was changed. If 2D MT inversion was run with a single
mode (TE or TM) the vectors were initialized once for the forward
modelling, but never initialized again when sensitivity computations
were performed for the first time. So, the inversion mysteriously
crashed.

I fixed this, add added more error checking and debugging output 
throughout 2D MT (some 3D too). However, the 2D inversion still crashes 
on the test TM data from Brazil. Strangely, now sparse vector Le is not
initialized in Lrows for some receivers, starting from the second
sensitivity computation... I haven't figured out why.

------------------------------------------------------------------------
r330 | anya | 2011-04-12 11:46:34 -0600 (Tue, 12 Apr 2011) | 9 lines

1. FIXED the bug that caused incorrect misfit and gradient computations 
   when selected components of a data type were omitted. It is now OK
   to omit any component in a data type for any transmitter/receiver
   configuration. Just delete the respective line in your data file.

2. CHANGED the normalized data attribute from logical to integer.
   This is a technical detail that allows additional programming
   capabilities.

------------------------------------------------------------------------
r329 | anya | 2011-04-06 14:05:39 -0600 (Wed, 06 Apr 2011) | 1 line

Updated the User Guide known bugs section.
------------------------------------------------------------------------
r328 | anya | 2011-04-06 13:12:27 -0600 (Wed, 06 Apr 2011) | 31 lines

Updating to trunk revision 327:

2D MT BUG FIX.

In 2D MT, the thickness of the air layers depends on the top Earth layer
in the model. The first air layer matches that, the next one gets multiplied
by the factor of 3, and so on for 10 layers total. Thus, the total thickness
of the air layers is proportional to the thickness of the top Earth layer.
This was a serious problem since the vertical site location in the data file
had to be defined using distance from the top of the air domain. Z coordinate
was therefore dependent on the thickness of the air layers. This is now fixed:
zero Z coordinate in the data file corresponds to the Earth's surface;
positive is down; negative is up. If we had topography, Earth's surface would
be defined by the highest point in the topography and some site Z coordinates
would be positive to reflect the topography.
Also fixed the Z coordinate in examples and Matlab scripts.


3D MT NEW FEATURE.

In 3D MT, added the code by Kristina Tietze (GFZ) that implements inversion
of log apparent resistivity and phases and of the phase tensor. This has been
somewhat tested but not thoroughly debugged. Her 3D MT example called ObliqueOne
is also added.

Inverse configuration scripts in 3D examples have also been updated. Not all
examples are tested to converge with these parameters; e.g. DSM1 doesn't seem
to converge: it stalls at rms of around 8.9. I don't remember whether it converged
before, I think so but I am not sure. In either case, need to figure out why,
but I don't have the time to spend on this. Perhaps later.

------------------------------------------------------------------------
r327 | anya | 2011-04-06 13:06:15 -0600 (Wed, 06 Apr 2011) | 29 lines

2D MT BUG FIX.

In 2D MT, the thickness of the air layers depends on the top Earth layer
in the model. The first air layer matches that, the next one gets multiplied
by the factor of 3, and so on for 10 layers total. Thus, the total thickness
of the air layers is proportional to the thickness of the top Earth layer.
This was a serious problem since the vertical site location in the data file
had to be defined using distance from the top of the air domain. Z coordinate
was therefore dependent on the thickness of the air layers. This is now fixed:
zero Z coordinate in the data file corresponds to the Earth's surface;
positive is down; negative is up. If we had topography, Earth's surface would
be defined by the highest point in the topography and some site Z coordinates
would be positive to reflect the topography.
Also fixed the Z coordinate in examples and Matlab scripts.


3D MT NEW FEATURE.

In 3D MT, added the code by Kristina Tietze (GFZ) that implements inversion
of log apparent resistivity and phases and of the phase tensor. This has been
somewhat tested but not thoroughly debugged. Her 3D MT example called ObliqueOne
is also added.

Inverse configuration scripts in 3D examples have also been updated. Not all
examples are tested to converge with these parameters; e.g. DSM1 doesn't seem
to converge: it stalls at rms of around 8.9. I don't remember whether it converged
before, I think so but I am not sure. In either case, need to figure out why,
but I don't have the time to spend on this. Perhaps later.

------------------------------------------------------------------------
r326 | anya | 2011-03-31 16:30:22 -0600 (Thu, 31 Mar 2011) | 35 lines

Updating to trunk revision 325.

FIXES:  2D and 3D MT should now work with gfortran compiler (segmentation faults fixed);

MAJOR CHANGES: The covariance has been rescaled, so that we no longer get unreasonable conductivity
variations when the covariance is applied several times. The covariance file means
the same thing as before, but the resultant model perturbations now have different magnitude
(the "rough" model has bigger magnitude variations than the "smooth" model).

With the new covariance, the default damping parameter and line search step had to
be adjusted. I used this opportunity to scale the penalty functional as follows:

P(m) = (d-f(m))^T C_d^{-1} (d-f(m)) / N_d + lambda * (m-m_{prior})^T C_m^{-1} (m-m_{prior}) / N_m

where N_d is the number of real data values and N_m is the number of model parameters.
Now, lambda = 1 means that we are giving equal weighting to the data misfit and the model norm,
so this weighting gives a more intuitive feel to NLCG algorithm; the parameters should now be
independent of the relative model and data set sizes.

I also added an additional line to the inverse configuration file to regulate the adjustment
of the damping parameter lambda; an example configuration file will now look like this.

Model and data output file name    : Example
Initial damping factor lambda      : 1.
To update lambda divide by         : 10.
Initial search step in model units : 100.
Restart when rms diff is less than : 2.0e-3
Exit search when rms is less than  : 1.05
Exit when lambda is less than      : 1.0e-4
Maximum number of iterations       : 120

All this affects the user significantly, since the starting values of the damping parameter lambda
and the initial line search step alpha need to be adjusted to match the new covariance and penalty
functional scaling. The examples will soon be updated to reflect these changes.

------------------------------------------------------------------------
r325 | anya | 2011-03-31 16:12:38 -0600 (Thu, 31 Mar 2011) | 23 lines

MINOR FIXES to enable using the code with gfortran.

Previously, the 2D and 3D codes produced segmentation faults at run time 
when compiled with gfortran. Two reasons:
1. gfortran is very peculiar about deallocation; it's not enough to check
that the array is associated to be able to deallocate. Fixed by using
the allocated logical variable whenever possible.
2. in a = b, gfortran complains if size(a) /= size(b); other compilers
just take the first few elements of b is a is smaller. Fixed.

Hopefully this shouldn't affect the program behaviour with other compilers.

Use the following Macro-Defs to compile with a newer version of gfortran:

# ------------------Macro-Defs--------------------- 
include Makefile.local 
OBJDIR = ./objs/3D_MT/GFortranDebug F90 = 
gfortran
FFLAGS = -g -fbacktrace -fbounds-check -ffree-line-length-none
MPIFLAGS = -cpp
MODULE = -fintrinsic-modules-path $(OBJDIR)
LIBS = -lblas -llapack

------------------------------------------------------------------------
r324 | anya | 2011-03-31 11:30:03 -0600 (Thu, 31 Mar 2011) | 1 line

Fixed a bug that caused 2D MT segmentation faults with gfortran: passing the grid as intent(out) caused memory issues when arrays were associated, but could not be deallocated. Fixed by replacing it with intent(inout). Should hopefully work with other compilers also.
------------------------------------------------------------------------
r323 | anya | 2011-03-31 11:06:43 -0600 (Thu, 31 Mar 2011) | 1 line

Fixed a bug that caused the sensitivities to crash when compiled with gfortran: in DataResp subroutine, sparse vectors are deallocated irrespective of whether they were allocated or not. Need to only deallocate if it has been allocated previously.
------------------------------------------------------------------------
r322 | egbert | 2011-03-25 13:12:44 -0600 (Fri, 25 Mar 2011) | 1 line

added TEST subdirectory to MT2D
------------------------------------------------------------------------
r321 | egbert | 2011-03-23 13:29:48 -0600 (Wed, 23 Mar 2011) | 1 line

Object oriented inversion directories INVclass, MT2D, MT3D added
------------------------------------------------------------------------
r320 | egbert | 2011-03-23 11:13:53 -0600 (Wed, 23 Mar 2011) | 1 line

Object oriented inversion directories INVclass, MT2D, MT3D added
------------------------------------------------------------------------
r319 | anya | 2011-03-22 19:15:17 -0600 (Tue, 22 Mar 2011) | 22 lines

MAJOR CHANGES. MAY NOT WORK AS EXPECTED.

First, I rescaled the covariance, so that we no longer get unreasonable conductivity
variations when the covariance is applied several times. The covariance file means
the same thing as before, but the resultant model perturbations now have different magnitude
(the "rough" model has bigger magnitude variations than the "smooth" model).

With the new covariance, the default damping parameter and line search step had to
be adjusted. I used this opportunity to change the penalty functional as follows:

P(m) = (d-f(m))^T C_d^{-1} (d-f(m)) / N_d + lambda * (m-m_{prior})^T C_m^{-1} (m-m_{prior}) / N_m

where N_d is the number of real data values and N_m is the number of model parameters.
Now, lambda = 1 means that we are giving equal weighting to the data misfit and the model norm,
so this weighting gives a more intuitive feel to NLCG algorithm; the parameters should now be
independent of the relative model and data set sizes.

Also, the inversion configuration file has an extra line added for the damping parameter:
the factor by which it should be updated. Type ./Mod3DMT -I to see where.

The inversion runs, but I don't know if it's better or worse than before. All this needs to be tested!!!

------------------------------------------------------------------------
r318 | naser | 2011-03-22 11:50:23 -0600 (Tue, 22 Mar 2011) | 1 line

Correcting the subroutines call arguments in EARTH/MPI_sub
------------------------------------------------------------------------
r317 | anya | 2011-03-16 10:41:54 -0600 (Wed, 16 Mar 2011) | 42 lines

Updating to trunk revision 316: new features and bug fixes.

1. The computation of the full J-matrix is now implemented in parallel. 
The parallelization is over periods, stations and data types. 
An optimal number of processors would be nTx* nStn *nDt.

Right now, the worker processors send blocks of J-matrix back to the master processors 
who sort out the blocks in the J-matrix and write it out in a file. This is done ONLY for test 
proposes.
In the near future, the worker will keep the blocks of J-matrix on their own memory. 
Any further mathematical operation with J-matrix (i.e. JJT, JTJ or JTd) will be done in parallel.

2. Added the inverse of the covariance operator, which may be applied using the -C option. 
The covariance is NOT YET RESCALED in this commit and works identically to the previous version. 

Usage: -C  [FWD|INV] rFile_Model wFile_Model [rFile_Cov rFile_Prior]

 -C FWD rFile_Model wFile_Model [rFile_Cov rFile_Prior]
  Applies the model covariance to produce a smooth model output
  Optionally, also specify the prior model to compute resistivities
  from model perturbation: m = C_m^{1/2} \tilde{m} + m_0

 -C INV rFile_Model wFile_Model [rFile_Cov rFile_Prior]
  Applies the inverse of model covariance (if implemented)
  Optionally, also specify the prior model to compute starting
  perturbation for the inversion: \tilde{m} = C_m^{-1/2} (m - m_0)
  WARNING: may be poorly conditioned if the smoothing is too strong;
  always check your model for white noise after using this option.

IMPORTANT:
The covariance is a poorly conditioned operator, essentially multiplying the
small scale features by zero; its inverse is therefore not well defined.
For example, if you apply alpha=0.1 covariance over 8 times, or alpha=0.3
covariance over 3 times, multiplication by the inverse covariance will produce
white noise of a large magnitude (3-4 orders of magnitude, comparable to that of
our models). It is safe to apply a strong covariance, but not to apply its inverse.
Until we find a way to regularize this, I am not making this part of the inversion,
but rather a separate option that may be used with care.

3. Fixed the 2D MT MPI.


------------------------------------------------------------------------
r316 | naser | 2011-03-15 18:39:28 -0600 (Tue, 15 Mar 2011) | 1 line

Correcting the subroutines call arguments in 2D_MT/MPI_sub
------------------------------------------------------------------------
r315 | naser | 2011-03-15 12:55:14 -0600 (Tue, 15 Mar 2011) | 8 lines

Major changes:
The computation of the J-matrix is now implemented in parallel. The parallelization is over periods, stations and data types. An optimal number of processors would be nTx* nStn *nDt.
Right now, the worker processors send blocks of J-matrix back to the master processors who sorts out the blocks in the J-matrix and write it out in a file. This is done ONLY for test proposes.
In the near feature, the worker will keep the blocks of J-matrix on their own memory. Any further mathematical operation with J-matrix (i.e. JJT, JTJ or JTd) will be done in parallel.
Bug fixing:
In SensComp.f90 (Jrows subroutine) we allocated L with number of functions but we didn't create the sparse vectors.
   
 
------------------------------------------------------------------------
r314 | anya | 2011-03-07 15:26:17 -0700 (Mon, 07 Mar 2011) | 31 lines

Added the inverse of the covariance operator. The covariance is NOT YET RESCALED
in this commit. This has the additional capabilities (see option -C) but works
identically to the previous version. I am currently debugging the effect of the
rescaled covariance on the inversion, before committing to the SVN.

Usage: -C  [FWD|INV] rFile_Model wFile_Model [rFile_Cov rFile_Prior]

 -C FWD rFile_Model wFile_Model [rFile_Cov rFile_Prior]
  Applies the model covariance to produce a smooth model output
  Optionally, also specify the prior model to compute resistivities
  from model perturbation: m = C_m^{1/2} \tilde{m} + m_0

 -C INV rFile_Model wFile_Model [rFile_Cov rFile_Prior]
  Applies the inverse of model covariance (if implemented)
  Optionally, also specify the prior model to compute starting
  perturbation for the inversion: \tilde{m} = C_m^{-1/2} (m - m_0)
  WARNING: may be poorly conditioned if the smoothing is too strong;
  always check your model for white noise after using this option.

NOTE: If you wish to use the inverse of the covariance to restart your inversion
with a different prior or covariance parameters, make sure that your starting
model does not contain significant white noise!!!!
The covariance is a poorly conditioned operator, essentially multiplying the
small scale features by zero; its inverse is therefore not well defined.
For example, if you apply alpha=0.1 covariance over 8 times, or alpha=0.3
covariance over 3 times, multiplication by the inverse covariance will produce
white noise of a large magnitude (3-4 orders of magnitude, comparable to that of
our models). It is safe to apply a strong covariance, but not to apply its inverse.
Until we find a way to regularize this, I am not making this part of the inversion,
but rather a separate option that may be used with care.

------------------------------------------------------------------------
r313 | anya | 2011-03-03 18:15:56 -0700 (Thu, 03 Mar 2011) | 1 line

Trivial fix that allows Matlab to plot uniform conductivity models rather than crashing with an annoying error report.
------------------------------------------------------------------------
r312 | anya | 2011-02-18 13:05:43 -0700 (Fri, 18 Feb 2011) | 10 lines

Updated STABLE branch with trunk revision 311.

NLCG updated:

1) corrected the behaviour of NLCG when the gradient is not accurate enough;
2) output to the log file is now more complete;
3) output of initial model and responses added for convenience.

Cosmetic changes to DataIO.

------------------------------------------------------------------------
r311 | anya | 2011-02-15 18:31:57 -0700 (Tue, 15 Feb 2011) | 1 line

Modified NLCG to also write the initial model and responses (it is convenient to have them for reference) .
------------------------------------------------------------------------
r310 | anya | 2011-02-14 14:08:52 -0700 (Mon, 14 Feb 2011) | 1 line

Corrected the behaviour of NLCG when the gradient is not accurate. Also made NLCG more verbose (line search status now written to log file).
------------------------------------------------------------------------
r309 | anya | 2011-02-08 12:16:47 -0700 (Tue, 08 Feb 2011) | 9 lines

Updated STABLE branch with trunk revision 308.

1. Fixed NLCG behaviour when the gradient is inaccurate (take initial guess and exit line search);
2. Made the covariance files in the examples more reasonable (now they apply the model covariance once).

Covariance scaling hasn't yet been implemented, so the magnitude of the smoothed model blows up
quickly if the model covariance is applied too many times. Once the scaling is implemented, worth
experimenting with different configurations of the covariance.

------------------------------------------------------------------------
r308 | anya | 2011-02-08 12:10:11 -0700 (Tue, 08 Feb 2011) | 1 line

Fixed NLCG behaviour in the case when a gradient computation is inaccurate and the quadratic line search minimum is bad; take the initial guess if that happens (previously just exited line search, which often caused the inversion to crash). Also, fixed the examples to have reasonable covariance files (now that applying the model covariance 8 times really means something!)
------------------------------------------------------------------------
r307 | anya | 2011-02-07 18:08:15 -0700 (Mon, 07 Feb 2011) | 1 line

Fixed a bug in the model covariance: it can now be applied multiple times. Note that the scale of the model blows up quickly if the model covariance is applied more than once, or if large values of the parameters are used. The scale of the smoothed model is not regulated at present; scaling is required.
------------------------------------------------------------------------
r306 | anya | 2011-02-07 13:41:10 -0700 (Mon, 07 Feb 2011) | 1 line

Updated STABLE branch with trunk revision 305: more improvements (and corrections) to Matlab read & write scripts.
------------------------------------------------------------------------
r305 | anya | 2011-02-07 13:36:54 -0700 (Mon, 07 Feb 2011) | 1 line

More improvements (and corrections) to Matlab read & write scripts.
------------------------------------------------------------------------
r304 | egbert | 2011-02-04 18:44:41 -0700 (Fri, 04 Feb 2011) | 1 line

rdExyz.m modified to allow for 8 byte fortran unformatted binary file record headers
------------------------------------------------------------------------
r303 | anya | 2011-02-03 17:17:36 -0700 (Thu, 03 Feb 2011) | 7 lines

Updated STABLE branch with trunk revision 302.

Fixed a few bugs of moderate importance in Matlab reading and writing scripts for the new data format:
1. The Matlab structure obtained by reading the file now has the correct lat & lon subset for each frequency;
2. Units and sign convention are now also stored in the Matlab structure, and used for output, if present.
These can be overwritten with the optional input arguments to the writing subroutine.

------------------------------------------------------------------------
r302 | anya | 2011-02-03 17:08:19 -0700 (Thu, 03 Feb 2011) | 4 lines

Fixed a few bugs of moderate importance in Matlab reading and writing scripts for the new data format:
1. The Matlab structure obtained by reading the file now has the correct lat & lon subset for each frequency;
2. Units and sign convention are now also stored in the Matlab structure, and used for output, if present.
These can be overwritten with the optional input arguments to the writing subroutine.
------------------------------------------------------------------------
r301 | anya | 2011-02-02 17:13:37 -0700 (Wed, 02 Feb 2011) | 8 lines

Updating STABLE branch with trunk revision 300.

Minor CLEAN UP:

1. Moved the notes on sign and units conventions to doc/misc/. They are obsolete by now and may be confusing. Instead, please refer to the User Guide.

2. Added some plots of the true model to examples/3D_MT/DSM1/. Removed the obsolete output files from this example.

------------------------------------------------------------------------
r300 | anya | 2011-02-02 15:36:27 -0700 (Wed, 02 Feb 2011) | 5 lines

Minor CLEAN UP:

1. Moved the notes on sign and units conventions to doc/misc/. They are obsolete by now and may be confusing. Instead, please refer to the User Guide.

2. Added some plots of the true model to examples/3D_MT/DSM1/. Removed the obsolete output files from this example.
------------------------------------------------------------------------
r299 | anya | 2011-02-02 15:24:20 -0700 (Wed, 02 Feb 2011) | 27 lines

Creating a STABLE branch from trunk revision 298: up to date 2D and 3D MT + MPI with relatively clean examples and a user guide. Also has the draft of the paper, as submitted.

Here is what you should know before updating your code to this release:

1. This is a STABLE and the most current version of ModEM. The examples have been cleaned up and tested, 
and a user guide has been added in doc/userguide/.

2. This is a MAJOR UPDATE from any previous version you had. Specifically, the format for the data file has been changed. 
This version is INCOMPATIBLE with all the previous versions. Only update if you wish to switch to the new data format.

3. The functionality of the code has NOT been changed substantially from the previous versions, except that
the capability for missing data has been added with this release. It has NOT been tested. See User Guide.

4. The old data format WILL NOT BE SUPPORTED anymore.

Your old data files can be easily converted to the new format with Matlab scripts provided in matlab/ioAscii/.
There are scripts (writeZ_old2list_2D.m and writeZ_old2list_3D.m) that will read your old format and convert it 
to the new list format. Since the old format didn't store the geographic site locations, in some cases it may
be advisable to recreate your files directly with the addition of this information.

The scripts readZ_3D.m and writeZ_3D.m will read and write the NEW data format from now on. They use the same 
Matlab data structure as before, so all your Matlab scripts that use them (if any) should still work. Same for 2D.

Old read and write scripts have been renamed to readZ_3D_old.m and writeZ_3D_old.m, and can still
be used (except writeZ_3D_old.m should no longer be needed!). Same for 2D.


------------------------------------------------------------------------
r298 | anya | 2011-01-31 18:59:23 -0700 (Mon, 31 Jan 2011) | 1 line

Cleaning up an old 3D MT example after THE MAJOR UPDATE on data file formats.
------------------------------------------------------------------------
r297 | anya | 2011-01-31 18:52:03 -0700 (Mon, 31 Jan 2011) | 22 lines

STABLE. ALL EXAMPLES TESTED.

This is a MAJOR UPDATE. The format for the data file has been changed. This version is 
INCOMPATIBLE with all previous versions. Only update if you wish to switch to the new data format.

Note: The old data format WILL NOT BE SUPPORTED anymore.

Your old data files can be easily converted with Matlab scripts provided in matlab/ioAscii/.
There are scripts (writeZ_old2list_2D.m and writeZ_old2list_3D.m) that will read your old format
and convert it to the new list format. Also, readZ_3D.m and writeZ_3D.m will read and write the
NEW data format from now on. They use the same Matlab data structure as before, so all your
Matlab scripts that use them should still work. Same for 2D.

Old read and write scripts have been renamed to readZ_3D_old.m and writeZ_3D_old.m, and can still
be used (except writeZ_3D_old.m should no longer be needed!). Same for 2D.

2D and 3D MT have been tested, including sensTest Matlab scripts, and simple inversions. All work.

The capability for missing data has been added with this release. It has NOT been tested.
A user guide has been added in doc/userguide/ that explains the new data format in detail.
Hope I haven't forgotten anything...

------------------------------------------------------------------------
r296 | naser | 2011-01-26 15:31:50 -0700 (Wed, 26 Jan 2011) | 1 line

Deallocating the working structures eAll_Larg and Grid_larg (and others) after preforming the interpolation. 
------------------------------------------------------------------------
r295 | anya | 2011-01-26 14:24:13 -0700 (Wed, 26 Jan 2011) | 1 line

This commit solves the minor problem of a file named n appearing after each inverse run; also updates the serial makefiles to work with the previous commit by Naser.
------------------------------------------------------------------------
r294 | naser | 2011-01-10 13:58:13 -0700 (Mon, 10 Jan 2011) | 4 lines

Implementing the option to read an E solution file (eAll_larg) and interpolating the BC from it.
To use this option, add new line in the FWD configuration file indicating the E solution file name you want to use for interpolation.
Adding nestedEM.f90:
This module contains  mainly subroutines used in Kush's code (Nested modelling). This subroutines take a slice (boundary slice) from the smaller grid, first finding its edges location and then interpolating the E field from the larger solution.
------------------------------------------------------------------------
r293 | anya | 2010-12-11 18:51:04 -0700 (Sat, 11 Dec 2010) | 1 line

Added some useful data plotting scripts (DataFit, allDataComparePlot, CondPlotDiff).
------------------------------------------------------------------------
r292 | naser | 2010-12-09 11:24:13 -0700 (Thu, 09 Dec 2010) | 2 lines

Calling the cleanUp subroutine in the main programs from MPI_Main for the parallel version.

------------------------------------------------------------------------
r291 | naser | 2010-12-08 15:55:43 -0700 (Wed, 08 Dec 2010) | 2 lines

Fixing the nPol bug in MPI_main.f90. As before, return nPol_MPI from a subroutine in MPI_sub.

------------------------------------------------------------------------
r290 | anya | 2010-12-07 14:32:43 -0700 (Tue, 07 Dec 2010) | 4 lines

To the best of my knowledge, this commit is STABLE. All codes work.

Global updated to work with the latest MPI version; added benchmark testing files to global examples.

------------------------------------------------------------------------
r289 | naser | 2010-12-06 16:51:00 -0700 (Mon, 06 Dec 2010) | 7 lines

Finding and fixing the memory leaks problem.
The reason was:
- In the new parallel version of the code (over pol.) I was setting number of polarization to 1 before passing the e0 to the solver. However, i forgot to reset it to 2 after calling the solver. This results that in initializing the solver ONLY 1 polarization is deallocated and other one is accumulated on the memory. 
I fixed that by adding a resetting subroutine inside MPI_sub.f90 (2D-MT, 3D-MT and EARTH). 
Changing the intent of eAll in NLCG (gradient) to overcome the deallocation problem in PGF90-10 version.


------------------------------------------------------------------------
r288 | naser | 2010-12-01 14:29:11 -0700 (Wed, 01 Dec 2010) | 8 lines

Revert the changes in Main.f90 files:
Don't get grid and AllData as outputs from initGlobalData

In the new main program files (2D-MT,3D-MT and Global3D):
After initializing the cluster, only the Master reads the command line arguments and creates sUserDef. Afterwards, the Master distributes sUserDef to all Workers. Before doing anything, the Master (as before) as well as the worker initialize the Global Data by calling initGlobalData in the main program.
Because now, we are not using SensComp.f90 and main.f90 in MPI_Main anymore, a new subroutine to set the grid in MPI_Main is required.

 
------------------------------------------------------------------------
r287 | anya | 2010-11-30 18:07:23 -0700 (Tue, 30 Nov 2010) | 10 lines

This fixes a conceptual problem: MPI main no longer uses global
variables such as grid, allData etc directly. This is a temporary
solution that is waiting for Naser's upgrade.
2D and 3D MT work (serial & MPI); global works in serial and
it also works correctly for the forward modelling with MPI,
but it hangs before the first gradient computation; needs
more debugging.
Also, restarting the inversion with known model perturbations
doesn't work in MPI at present. This is a high-priority problem.

------------------------------------------------------------------------
r286 | anya | 2010-11-30 14:46:00 -0700 (Tue, 30 Nov 2010) | 18 lines

Two major fixes.

1. The name of the output file Nodes_Status.info, that is used by
   the MPI modules, has been changed to include the run start time.
   The file name is now unique for each process, which makes it
   possible to run several instances of the program simultaneously
   in the same directory.
   Using process ID in MPI output file name would be a better option.
   Unfortunately, getpid is one of the portability routines that is 
   not universally supported.

2. Fixed the problem in the global code with Intel/GNU compilers.
   It was the grid pointer again. Turns out that there was a global
   grid floating around, so that pointers inside cvectors (eAll)
   got confused. I deleted the global grid; but now it turns out
   that the new MPI_Main uses it. This needs to be fixed. At this
   point, global serial code work; global MPI is broken. MT works. 

------------------------------------------------------------------------
r285 | naser | 2010-11-23 18:08:25 -0700 (Tue, 23 Nov 2010) | 1 line

Updating the main programs for both 2D and 3D MT
------------------------------------------------------------------------
r284 | naser | 2010-11-23 17:00:32 -0700 (Tue, 23 Nov 2010) | 1 line

Remove optional from eAll in Master_job_FwdPred. 
------------------------------------------------------------------------
r283 | naser | 2010-11-23 12:00:37 -0700 (Tue, 23 Nov 2010) | 25 lines

Major Changes:
Because now we are parallelizing over transmitters and modes for the 3D MT case (and other possible applications that require two source polarizations), major changes have been affected:
- MPI/MPI_main.f90:
    In the new version of this module, the Master sends one transmitter index and polarization index (if required) to each Worker. The worker call directly fwdsolve (for the forward modeling) and solveSens (for both JmultT and Jmult). However, before calling one of this subroutines in ForwardSolver.f90, the Workers change (if required) number of polarizations and the polarization index of e solution. This is done in MPI_sub, where two small subroutines are existing: one to return nPol_MPI and one to change e solution.
After editing e solution (if required) and calling i.e. fwdsolve the Worker send back to the Master one solution corresponds to one polarization (in case of two polarizations). The Master collects all solutions for all transmitters and possibly all polarizations in eAll. Afterwards, the Master computes the model responses (in case of Forward modeling). The same procedure is done for JmultT and jmult, however, while the Master sends the transmitter and mode indices, it must send also the the background solution for one transmitter (both modes) to the corresponding Worker.

- MPI/MPI_sub.f90:
     As described above, MPI_sub contains two new subroutine: one to read (from e solution) or to set nPol_MPI and one to edit e solution (if required). In case that we have only one polarization (i.e 2D MT), nPol_MPI is set to 1 and the two lines that edit e solution can be removed (but keeping the subroutine). In addition, two subroutines are required for packing/unpacking: one for e solution (one mode) and one for eAll solution (both modes). 

- 3D_MT/SolnSpace.f90 and 3D_MT/ForwardSolver.f90:
    In the 3D MT we are parallelizing over transmitters and polarizations. This why, these two modules are modified in the way that the solution structure contains now a vector (two integers) which contains the polarization index (1 or 2). In ForwardSolver.f90, I included the polarization index in the loop over nPol. The polarization index here is very important to set the correct boundary conditions.

- 3D_MT/modelParam/ModelParam_MPI.inc, 2D_MT/modelParam/ModelParam_MPI.inc:
  To make the MPI version of this code more convenient, ALL vectors, matrices or any structure are passed now among the processors using packing and unpacking method. In this case we avoid using an explicit MPI data type (i.e. MPI_REAL) in MPI_main, this is because the packed information is passed around as MPI_PACKED (what ever the original data type is).

- 2D_MT/MPI_sub.f90:
  Similar as for 3D MT, however, it contains the 2D version of e solution, nPol_MPI is set to 1 and editing e is removed.

Minor modifications:
- In the NLCG module, there is no need anymore to copy eAll from a previous solution in the MPI version. This is because the Master (who is inside the NLCG) contains eAll.
- 3D_MT/DataFunc.f90:
  I fixed the bug noticed by Kristina (GFZ). Now Z is defined as private in this module and can be used in Lrows without having to constructed from the real Resp numbers.

- 3D_MT/DataIO.f90:
  I modified the part of reading the data, when different reference sites are used for the magnetic inter-stations TF. Right now, I am using the dash '-' to split the SiteID: Before the dash is the site ID and after the dash is its reference site ID. Better suggestion is welcome.
------------------------------------------------------------------------
r282 | anya | 2010-11-19 18:44:44 -0700 (Fri, 19 Nov 2010) | 28 lines

The previous fix for the "Q business" hasn't resulted 
in a critical efficiency improvement. So I've added a
mandatory logical variable to Qrows which specifies
whether Q output vectors are zero or not. If zero, no
need to set them to zero - we just skip all steps that
use these vectors. This works and QmultT no longer takes
a significant amount of time (previously ~ 100 secs on
a large test problem).

In fact, code like this

    call reset_time(timer)
    call QmultT(e0,sigma0,d,Qcomb)
    write(0,*) node_info,'Time spent in QmultT: ',elapsed_time(timer),' secs'

Now gives me the results like this

 node[006]:  Time spent in LmultT:    0.5625000      secs
 node[006]:  Time spent in sensSolve:     1366.594      secs
 node[006]:  Time spent in PmultT:    0.1562500      secs
 node[006]:  Time spent in QmultT:    7.8125000E-03  secs

for the same test problem, so I think the problem is solved.
2D and 3D MT work in this commit. Global inversion should still
work with PGI and secondary field formulation, but there is still
a bug with Intel compiler which causes the gradient to be zero
with secondary field formulation, and a segmentation fault without it.

------------------------------------------------------------------------
r281 | naser | 2010-11-19 16:03:11 -0700 (Fri, 19 Nov 2010) | 1 line

Test files
------------------------------------------------------------------------
r280 | anya | 2010-11-19 13:17:21 -0700 (Fri, 19 Nov 2010) | 5 lines

Of course, in the previous commit I forgot about the ModelMap.
ANY routines that update the value of the model parameter have
to set zeroValued to FALSE! Else we have a problem.
2D and 3D MT should work now. Global not tested yet.

------------------------------------------------------------------------
r279 | anya | 2010-11-18 13:30:26 -0700 (Thu, 18 Nov 2010) | 10 lines

This is an efficiency update intended to speed up the programs
especially in Qmult/QmultT routines. I added a logical value
zeroValued to the model parameter that is set to true by calling
zero_modelParam routine. Thus, for problems that do not need any
Q computations (such as 3D MT) subroutine Qrows will set this
logical to true. No linear combinations will then be performed.
All programs compile but need to be tested; the changes affect
all code so it is conceivable that something is broken.
Efficiency improvement not tested yet.

------------------------------------------------------------------------
r278 | anya | 2010-11-17 18:58:12 -0700 (Wed, 17 Nov 2010) | 1 line

Added COPYRIGHT and README statements.
------------------------------------------------------------------------
r277 | anya | 2010-11-17 15:35:29 -0700 (Wed, 17 Nov 2010) | 5 lines

Deleting all branches.
Stable branch got messed up - too many changes since the last update.
Deleting the branch altogether. Will resurrect with the new code.
MPI branch is obsolete: all MPI code has now been merged into the trunk.

------------------------------------------------------------------------
r276 | anya | 2010-11-17 15:24:35 -0700 (Wed, 17 Nov 2010) | 1 line

Creating a stable branch from trunk revision 272.
------------------------------------------------------------------------
r275 | anya | 2010-11-17 13:18:01 -0700 (Wed, 17 Nov 2010) | 1 line

Creating a stable branch from trunk revision 272.
------------------------------------------------------------------------
r274 | anya | 2010-11-17 12:28:17 -0700 (Wed, 17 Nov 2010) | 1 line

Updated the doc directory for ModEM. Also added the PDFs of the modular paper.
------------------------------------------------------------------------
r273 | anya | 2010-11-17 11:30:59 -0700 (Wed, 17 Nov 2010) | 15 lines

Minor bugs corrected in global:
1) model parameter output corrected... previously it thought that 
   all models had been smoothed and didn't write the regularization
   parameters for mhat;
2) deleted MPI stop message from calc_derivative; now able to run
   test_derivative in parallel.
There is probably still some factor of two missing or extra in the 
derivative computation; the numbers in the test are not identical.
Still, JmultT is clearly correct and the inversion works.
Need to clean up the misfit computation in the dataMisfit module,
and the main program. Also, there is now some bug that causes the
forcing for JmultT to be computed incorrectly with Intel compiler.
Don't have time to fix this now; will do that after the AGU.
In the meanwhile, can run the program with PGI compiler in parallel.

------------------------------------------------------------------------
r272 | anya | 2010-11-11 12:39:19 -0700 (Thu, 11 Nov 2010) | 1 line

MPI output: minor change. Added a file unit for MPI log, called ioMPI. Deleted the file unit file_id, that was previously used for MPI output by the master node.
------------------------------------------------------------------------
r271 | anya | 2010-11-11 12:31:45 -0700 (Thu, 11 Nov 2010) | 1 line

Fixed the serial global. All good now.
------------------------------------------------------------------------
r270 | anya | 2010-11-11 12:23:50 -0700 (Thu, 11 Nov 2010) | 10 lines

Cleaned MPI output. Now, each worker outputs its id along with each message.
This is done by including a string variable called node_info into all lines
output from the forward modelling. The variable is stored in the file_units
module.

MPI now works with 3D MT and with global (all tested), incl. for NLCG.
The global fails to compile in serial with Intel: it wants MPI_Main. 
Need to figure out why and fix this.


------------------------------------------------------------------------
r269 | anya | 2010-11-10 17:00:59 -0700 (Wed, 10 Nov 2010) | 30 lines

Important change in MPI_Main. I now make sure that the solution
computed by fwdPred_TX (e0) is not initialized in MPI_Main.
We leave it to initSolver to initialize this. Then, we can always
use the previous solution as the starting solution, if we choose
to do so in initSolver routine.

To facilitate copying the multi-transmitter EM solution (eAll),
I now allow copying of non-allocated solution vectors in
copy_solnVectorMTX. I think this is more reasonable anyway.
There is no reason why they need to be allocated in order to
copy the multi-transmitter structure.

MPI problems solved in the global code:
1. all processors pointed to the global grid which was initialized
and stored on the master node, so grid wasn't accessible to the
forward solver;
2. global variables such as the array dimensions in InitGlobalArrays
were not initialized on the worker nodes. Worker nodes call the 
subroutine InitGlobalData to initialize everything they will need.
Including InitGlobalArrays inside of InitGlobalData solved this;
3. cUserDef is a global structure that is needed by the ForwardSolver
module even after the global data are initialized. This has to be
initialized as a global variable inside the InitGlobalData routine.

The global code now works with the MPI, both for the forward
modelling and the inversion. Naser will test the 3D MT, but
there is no reason why it should be broken - so hopefully this
will also work.


------------------------------------------------------------------------
r268 | naser | 2010-11-10 12:09:01 -0700 (Wed, 10 Nov 2010) | 2 lines

Sorry,
Now there is now need to pass cUserDef to MPI_constructor from the main program.
------------------------------------------------------------------------
r267 | naser | 2010-11-10 11:55:07 -0700 (Wed, 10 Nov 2010) | 9 lines

Major Changes:
Working completely with packing and unpacking of the passed derived data types. userCtrl and worker_job_task  derived data types are passed now as packages.
Because now there is no need to create an MPI_derived type from worker_job_task and userCtrl, I removed the call of create_worker_job_task_MPI and create_userdef_control_MPI from MPI_constructor subroutine.
Minor Changes:
It seems that gFortran compiler does not work with imag. This why I change it to dimag in DataFunc.f90 and DataSens.f90 files (PGI complier can work with this).
In UserCtrl.f90 I just sorted the parameters, so that all characters parameters come after each other. This to ensure that, while packing and unpacking the derived data type everything goes correct.
  

   
------------------------------------------------------------------------
r266 | anya | 2010-11-09 17:06:38 -0700 (Tue, 09 Nov 2010) | 1 line

Changed executable names in MPI makefiles; added MPI for forward modelling in global. Currently, compiled but crashes with PGI 10.
------------------------------------------------------------------------
r265 | anya | 2010-11-09 12:19:35 -0700 (Tue, 09 Nov 2010) | 6 lines

3D MT and Global compile with the MPI. Makefiles updated.

Naser says that 3D MT works with both MPI 1 and MPI 2.

Global not tested.

------------------------------------------------------------------------
r264 | naser | 2010-11-08 13:00:35 -0700 (Mon, 08 Nov 2010) | 4 lines

Minor modification:
Adding 1 byte extra to the total size of eAll package. This was required when running the code using MPI-2.
Now, the code runs using either MPI-1 or MPI-2
 
------------------------------------------------------------------------
r263 | naser | 2010-11-04 13:35:39 -0600 (Thu, 04 Nov 2010) | 16 lines

Here are some modifications:
Major Changes:
- First, I removed ALL MPI subroutines that use MPI_ADDRESS to create the MPI derived data types. This is because, I am trying to resolve the issues between MPI-1 and MPI-2.
- To be more efficient in sending and receiving the eAll derived data type, I packed the contents of cvector (using MPI_PACK) in  MPI_sub and dealing with this package in MPI_main as MPI_PACKED data type.
  The MPI_sub contains now 3 new subroutines regarding this modification: 
  -- create_eAll_param_place_holder: To allocate the package with the required number of bytes.
  -- get_eAll_para_vec             : Packed the contents of eAll (right now only the cvector) into eAll_para_vec.
  -- set_eAll_para_vec             : Unpacked  eAll_para_vec and put the result into eAll.
- Since the UserCtrl derived data type is application depended, I removed its details from MPI_main.f90 and created a subroutine in MPI_sub to write out the contents of UserCtrl. This subroutine is used ONLY to check if the UserCtrl is passed correctly from Master to the Workers.    
- Updating MPI_main to deal with these new modifications  

Minor Changes:
- I increased the number of Air layers in WS.INC
- In DataIO.f90 I added a new logic to extract the reference stations from the data file. For the modeling of the magnetic inter-stations transfer functions it is now possible to  assign  one reference site for each site. This can be done by adding the reference site ID to the site ID, however, separated by -, e.g: Site1-Site1, Site2-Site1, Site3-Site2, ...,etc.
    

------------------------------------------------------------------------
r262 | naser | 2010-11-03 16:03:32 -0600 (Wed, 03 Nov 2010) | 2 lines

Slightly modification in Mod3DMT.f90.

------------------------------------------------------------------------
r261 | naser | 2010-11-03 15:07:40 -0600 (Wed, 03 Nov 2010) | 3 lines

Using the is_letter function from UTILS/utilities.f90 in UserCtrl.f90.
This function is required when reading a file name from the command line.
 
------------------------------------------------------------------------
r260 | naser | 2010-11-03 14:54:17 -0600 (Wed, 03 Nov 2010) | 4 lines

Cleaning MPI/MPI_declaration.f90 from all unnecessary parameters.
Updating MPI/MPI_main.f90
Moving create_userdef_control_MPI from MPI/MPI_main.f90 to MPI_sub.f90, since the userdef_control data type is application depended.

------------------------------------------------------------------------
r259 | anya | 2010-10-29 18:40:00 -0600 (Fri, 29 Oct 2010) | 13 lines

Change in NLCG output: the residual will no longer be normalized by errors.

Also, for the global code, I changed the way the model output behaves.
We output both the final "smooth" model m = Cm^{1/2} mhat + m0,
and the "rough" model mhat, which is the result of the inverse search.
The smooth model m is best used to save and to plot the model; while
the rough model mhat is best used in conjunction with the prior to
restart the inversion, or compute the responses / derivatives.
Therefore, to avoid confusion we DO NOT write the regularization
parameters for a model if the smoothing has already been applied.
Regularization parameters are only needed to smooth a rough model,
so we leave them out for m (and leave them in for mhat).

------------------------------------------------------------------------
r258 | anya | 2010-10-29 13:00:44 -0600 (Fri, 29 Oct 2010) | 1 line

Failed to add ModelSpace to the global code... fixed.
------------------------------------------------------------------------
r257 | anya | 2010-10-28 18:17:57 -0600 (Thu, 28 Oct 2010) | 14 lines

FIXED a serious bug in the inversion, for all applications.
Deallocation of solnVectorMTX_t has been written sloppily,
and in some cases parts of the structure were deallocated
twice, causing an ugly segmentation fault in all compilers.
This happened any time the NLCG inversion decided to take
the starting guess rather than the result of the line search,
and copied the saved eAll structure to the current one
(NLCG.f90 line 1043). Basic copy statement crashed the program.
Don't know how the older versions worked.

The global code is fully functional. It passes the derivative
test and NLCG runs and seems to converge (at least for some
examples). Added the MPI stuff but that's not compiling yet.

------------------------------------------------------------------------
r256 | naser | 2010-10-25 14:32:27 -0600 (Mon, 25 Oct 2010) | 5 lines

Changing the subroutines and types name in MPI/MPI_main.f90 and DCG.f90.
In EMsolve3D.f90, adding an IF statement to use the same error level for solving both JmultT and Jmult.
Modifying Weerachai modelCov to fix the Ocean during the inversion.
DCG.f90: right now the DCG.f90 file contains several inversion schemes, which I want to separate them from each other and clean them in the near future.  
  
------------------------------------------------------------------------
r255 | anya | 2010-10-21 12:23:18 -0600 (Thu, 21 Oct 2010) | 13 lines

I attempted to add OpenMP to atimes subroutine in global - 
matrix vector multiplication that takes the bulk of the time.
Turns out this is not so easy. The various threads try to update
the same elements of the output array r simultaneously, which
results in data corruption. So, no OpenMP for now.
Also, tried saving the indices into temporary arrays to improve
on efficiency. That works, but doesn't provide an improvement.
Reverted to the old code (but saved the changes in case I want
to return to them in the future).
Overall, with Intel compiler and automatic multi-threading,
the code is already quite efficient. Accuracy, boundary conditions
and a working inversion are higher priorities.

------------------------------------------------------------------------
r254 | anya | 2010-10-20 13:59:04 -0600 (Wed, 20 Oct 2010) | 41 lines

Finally figured out why the global code compiled with Intel compiler
produced segmentation faults on 2x2 degree or finer grids. At the same time,
the code was working fine on coarser grids... and with PGI.

Turns out the segmentation fault occurs at the first rscalar linear
combination (line 120 in ForwardSolver.f90). The reason is that there
isn't enough stack storage to perform the addition of 2x2 degree arrays.
All allocatable arrays are always stored in heap, but the temporary
automatic arrays that are created during the summation are stored in stack.
The stack memory is exceeded, causing a silent segmentation fault with
no traceback.

Solutions are described here:
http://software.intel.com/en-us/articles/intel-fortran-compiler-increased-stack-usage-of-80-or-higher-compilers-causes-segmentation-fault/

The user has to increase the stack memory on the machine beforehand:

ulimit -s unlimited     for bash shell, or
limit stacksize unlimited     for csh shell

OR use the -heap-arrays [n] compiler option that stores any array
bigger than n kb in heap rather than stack. However, this is known
(for some reason) to be incompatible with OpenMP.
When the -heap-arrays option is specified, the -parallel option is
ignored, and the code runs in serial without the use of OpenMP.

For now, I am ignoring this incompatibility (the code still runs)
and adding the -heap-arrays option to the default MakefileG.
This is because I don't want to spend another full day debugging this,
when I encounter this problem again on a different machine.
However, I strongly recommend increasing the stack size instead
if you are to use this code repeatedly on fine sized grids.
This will result in greater efficiency: my 2x2 degree example
just run for 58.21 mins with -heap-arrays, vs 40.03 mins with
unlimited stack size (and without this compiler option).

Strange, but for some reason the global code only uses one CPU
for the forward computations, even though I compile it with -parallel
compiler and linker options. Need to check what is going on... it
might be worthwhile to quickly parallelize some loops with OpenMP.

------------------------------------------------------------------------
r253 | anya | 2010-09-12 19:32:52 -0600 (Sun, 12 Sep 2010) | 29 lines

This morning, I tried running the secondary field formulation (SFF) with a checkerboard model, and ascertained that the SFF is definitely working 
both with FD and Jin's 1D primary fields... Then I found (and fixed) one remaining bug that had something to do specifically with the way the 
thinsheet is defined in my code.

Now the good news is that both Jin's and my codes are both working and are very accurate (at least at the Earth's surface). I just compared 
Kuvshinov's C responses at 2.133 days with those computed on a 3x3 degree grid with SFF (using Jin's model as the primary), and also directly 
with the global code (no SFF).

For 1D, the C responses are

Kuvshinov: 7.6107e+002 +1.5587e+002i
SFF (Jin): 7.6192e+002 -1.5532e+002i
Global FD: 8.1153e+002 -1.5548e+002i away from the poles,
and up to 8.1465e+002 -1.5508e+002i near the poles.
... so, quite good, actually, especially with the SFF. With the thinsheet, the plots also match the Kuvshinov's responses very closely. I haven't 
compared the numbers yet.

The bad news is that in the process of rewriting the code completely I seem to have accidentally fixed the problem at the poles. It certainly 
doesn't seem to be very dramatic anymore, even without the SFF. Certainly, the SFF provides an improvement, but I don't know how major it is! I 
am currently running the code (with and without the SFF) at 1x1 degrees to check it out, and also to compare more directly with Kuvshinov's 
results. They may not complete in time, though!

So, we now finally have a working 3D global code. Having said that, there are still some caveats. First, even though Jmult / JmultT pass the 
symmetry test, the gradient test (based on the Taylor's series approximation) doesn't look too good, especially with the SFF; and my initial 
inversions all started producing unreasonable gradients at some point, and diverged. So looks like there is still some minor bug in the 
sensitivities floating around... shouldn't be a big problem, though, since I do have the old (working) inversion to compare with.
And finally, whenever I try to use the SFF (reading the primary model from file) on grids of 2x2 degrees or finer, Intel compiler gives me a 
segmentation fault even before entering the forward solver. PG compiler works, though! Something else to debug after Egypt. 

------------------------------------------------------------------------
r252 | anya | 2010-09-11 00:04:28 -0600 (Sat, 11 Sep 2010) | 7 lines

This version of global code is working and producing numbers, with
and without the secondary field formulation... but I am not yet
convinced that the secondary field formulation is correct.
It does produce the same numbers as the original forward solver for
simple test models, using the background 1D fields computed with
the same program as the primary fields.

------------------------------------------------------------------------
r251 | anya | 2010-09-10 10:06:15 -0600 (Fri, 10 Sep 2010) | 1 line

Global updated to work for multiple frequencies: had to set the correct tx in EM soln; this is done in ForwardSolver.
------------------------------------------------------------------------
r250 | anya | 2010-09-09 19:49:43 -0600 (Thu, 09 Sep 2010) | 5 lines

Secondary field formulation for global problem implemented 
within the modular system. Code not broken: it passes the J
symmetry test, for one. Secondary field formulation not really
tested yet.

------------------------------------------------------------------------
r249 | anya | 2010-09-09 13:48:49 -0600 (Thu, 09 Sep 2010) | 1 line

Completing previous accidental commit -r 248
------------------------------------------------------------------------
r248 | anya | 2010-09-09 13:34:43 -0600 (Thu, 09 Sep 2010) | 9 lines

Interface change to the global code:

1. added two lines to fwd_startup, to specify optionally
   a) additional interior source,
   b) grid resistivity instead of harmonic parametrization for FWD.

2. moved the model parameter input to model_operators.f90.


------------------------------------------------------------------------
r247 | anya | 2010-09-09 12:35:40 -0600 (Thu, 09 Sep 2010) | 26 lines

Now the global code is really working again. I was looking for a bug
in the wrong place... in fact, the interior part of my operator M,
M_{ii}, is exactly identical to Gary's operator Sm. So no additional
divisions / multiplications by unit elements are needed.
Might want to write separate code for M_{ii}, to have cleaner
interaction with boundary conditions.

The global code now passes the J symmetry test. The inversion seems
to behave strange: works for a while, then produces a weird gradient
and exits. There might still be something going on with the new data
structure... at least, the gradient test doesn't produce exactly
correct numbers, and the starting RMS value is different in manual 
computations in Global3D versus NLCG. Still, this is minor compared
to the fact that J / Jt seem to be correct.

Actually, found a bug in LmultT that resulted in incorrect computations
for multiple data types (just like the one in QmultT).
Please update 2D and 3D MT.

Also, the basic cvector types now behave differently when there is
an error: instead of calling stop, they output a warning and return
from the respective subroutine. The program will then hopefully later
exit in a much more meaningful way, which should simplify debugging.

Out of the symmetry tests, all but S test have now been debugged.

------------------------------------------------------------------------
r246 | anya | 2010-09-07 18:41:42 -0600 (Tue, 07 Sep 2010) | 17 lines

After a week (almost) of intensive development and debugging,
global code is fully part of the modular system and back to
working condition... sort of. Currently only computes the gradient,
all other capabilities broken for now, including all tests. Will fix.
Compiles and runs, computes the correct data misfit, and probably
an incorrect gradient. Need to check and debug the gradient;
then, will add the secondary field formulation to the ForwardSolver,
and also the option to specify additional interior forcing.
Compare the results to Jin's 1D code, with and without secondary
field formulation (SFF). If the SFF improves solution accuracy
around poles, run the global inversion with SFF on Gary's data set.

For MT people: this update corrects a bug in DataSens that caused
QmultT to not work with more than one data type, and adds some
additional capabilities to DataSpace. Otherwise, 2D and 3D MT not
affected. It is safe to update.

------------------------------------------------------------------------
r245 | anya | 2010-09-03 17:53:21 -0600 (Fri, 03 Sep 2010) | 77 lines

Added ForwardSolver to global code. Compiles; not used or tested.

Made a trivial cosmetic change to ForwardSolver globally, i.e. 
changed the order of input arguments to sensSolve. Was:

  subroutine sensSolve(iTx,FWDorADJ,comb,e)

Now:
  subroutine sensSolve(iTx,FWDorADJ,e,comb)

No change in functionaly, otherwise. This allows me to make comb
optional in the global code (less logic to change later, when we
merge fwdSolve and sensSolve routines).

Suggested logic for the ForwardSolver module (not implemented):

!**********************************************************************
  subroutine initSolver(iTx,m0,grid,e0)
!  Initializes FWD/ADJ solver for transmitter iTx.
!  If e0 is specified, assumes that we will run the forward solver.
!    Then, e0 stores the starting solution for the forward solver.
!    Also computes and stores the RHS b for the forward solver, using
!    the boundary conditions.
!  If e0 is not specified, assumes we are initializing for
!    sensitivities, in which case e0 = 0 and need not be computed.
!    Also, does not compute the RHS b,
!    as the FWD/ADJ solver will get it from comb.

   integer, intent(in)                         :: iTx
   type(modelParam_t),intent(in), target       :: m0
   type(grid_t), intent(in), target            :: grid
   type(solnVector_t), intent(inout), optional :: e0

   if (present(e0)) then
     sens = .false.
   endif

    ...

  end subroutine initSolver

!**********************************************************************
  subroutine fwdSolver(iTx,FWDorADJ,e,comb)
!  Generic forward solver; if comb is specified, it is used as forcing;
!  otherwise, assume that the RHS is already stored in b.
!  Use the input e for starting solution
!  (normally, e will be zero on input for sensitivities).

   integer, intent(in)                        :: iTx
   character (len=3), intent(in)                :: FWDorADJ
   type(solnVector_t), intent(inout)            :: e
   type(rhsVector_t), intent(inout), optional    :: comb

   if(.not. present(comb)) then
    ! use b as RHS
    adjoint = .false.
    sens = .false.
   else
    adjoint = (FWDorADJ .ne. FWD)
    sens = .true.
   endif

    ...

  end subroutine fwdSolver

  !**********************************************************************
  subroutine exitSolver()
   ! Cleans up after fwdSolver and deallocates all solver data. Call
   ! initSolver to update solver data; call this to exit completely.

        ...

  end subroutine exitSolver



------------------------------------------------------------------------
r244 | anya | 2010-09-01 16:53:01 -0600 (Wed, 01 Sep 2010) | 4 lines

Added SolverSens to the global code. Code still works.

Will now add the ForwardSolver... and update it everywhere in the modular system, as necessary.

------------------------------------------------------------------------
r243 | anya | 2010-08-31 19:10:31 -0600 (Tue, 31 Aug 2010) | 8 lines

Updated the global code to use SolnSpace and some version of DataSens.
The code is a complete mess right now, but at least it still works...
with Intel compiler :)
Will now make SolverSens and ForwardSolver.
The last step will be to replace DataSpace, then DataSens and SensComp 
with the modular versions, and rewrite the main program. Then debug
the secondary field formulation.....................

------------------------------------------------------------------------
r242 | anya | 2010-08-30 19:16:22 -0600 (Mon, 30 Aug 2010) | 9 lines

Global code updated to closely mimic the dictionary structures from the modular code.
Currently using different structures and names for everything, since Level I modules
don't use the dictionaries - so shouldn't be a problem (for now at least).
Also renamed DataFunc subroutines to the modular convention (Lrows,Lmult,LmultT),
and updated the dependencies.
Will now clean up the usage of SolnSpace; then DataSpace... this is the tricky part.
Then, will be in a position to replace the global Level I by the modular Level I.


------------------------------------------------------------------------
r241 | anya | 2010-08-30 15:23:49 -0600 (Mon, 30 Aug 2010) | 26 lines

FIXED the Q stuff: specifically,

deleted the routines Qmult and QmultT from SolverSens.
New generic routines with these names have been added to DataSens.
Routine called Qrows has been added to DataFunc. It computes the rows of Q, as necessary;
these are zero model parameters is no Q is required or implemented.
Routines Lrows,Lmult,LmultT no longer compute Q, and do exactly what the names suggest.
The logic in SensComp should now be straightforward.
Finally, calcQ indicator is now obsolete and has been deleted from the data type dictionaries.

Also, added the following additional functionality to 2D and 3D MT:

1) generic module SymmetryTest, useful for testing the symmetry of the Jacobian operators,
2) subroutine multBy_sensMatrixMTX in SensMatrix module, useful for testing calcJ,
3) rhsVectorMTX - currently needed for testing, but will be useful in the future,
4) copy_solnVrhsV - implements b = e (also needed for testing),
5) dotProd_rhsVsolnV - needed for testing and for the controlled source problem,
6) lots of tiny improvements here and there.

The new symmetry tests can be accessed using the command line arguments, e.g.,
./Mod2DMT -A J m0.cpr dm.cpr de_JT.cpr

to test the equality d^T J m == m^T J^T d. Currently only fully implemented for J and Q. 

Everything (including the full Jacobian) tested and (to the best of my knowledge) correct.

------------------------------------------------------------------------
r240 | anya | 2010-08-20 19:00:05 -0600 (Fri, 20 Aug 2010) | 29 lines

RENAMED the following subroutines to match Egbert, Kelbert & Meqbel (2010):

SensComp: calcSensMatrix -> calcJ
SensComp: calcSensValue -> Jrows
DataFunc: nonLinDataFunc -> dataResp
DataFunc: linDataFunc -> Lrows & Qrows (now two separate routines)
DataSens: linDataMeas -> Lmult
DataSens: linDataComb -> LmultT

Also in DataSens, dataMeas (which used to be a wrapper of dataResp) has been
completely removed. It is just as easy to loop over sites in fwdPred - the
only routine which ever uses this function. The wrapper only really existed to
convert the data from complex to real.

It is cleaner if the conversion from complex to real is done inside the DataFunc.
Then, fwdPred_TX can just save the computed data into the dataBlock structure without
any complications. I kept everything intact in DataFunc module, except at the output
of dataResp I convert the data from complex to real, and output real. Alternatively,
this conversion could be done in fwdPred_TX.

I will now delete the routines Qmult and QmultT from SolverSens, and add them to DataSens. 
The functionality of the Q-related routines (Qrows, Qmult & QmultT)
will then be updated. I will delete all of the Q stuff from the L routines :)
The Q routines will now compute & multiply by operator Q. 
If there is no Q, these routines will still be called;
in this case they will output empty data structures.
Finally, calcQ indicator will be removed from the data type dictionary.


------------------------------------------------------------------------
r239 | anya | 2010-08-20 15:03:24 -0600 (Fri, 20 Aug 2010) | 14 lines

RENAMED the data types to match Egbert, Kelbert & Meqbel (2010).

dataVec_t -> dataBlock_t
dataVecTX_t -> dataVector_t
dataVecMTX_t -> dataVectorMTX_t
EMsoln_t -> solnVector_t
EMsparse_t -> sparseVector_t
EMrhs_t -> rhsVector_t

Code still works!

Next step are the subroutines... and functionality in ForwardSolver.


------------------------------------------------------------------------
r238 | anya | 2010-08-20 13:46:37 -0600 (Fri, 20 Aug 2010) | 23 lines

BIG RENAMING of the Modular System modules.

ModelSens -> SolverSens
SolnRHS -> SolnSpace
EMsolver -> ForwardSolver
ModelParameter -> ModelSpace

Level II modules now have generic names which could be used 
for joint inversion and other developments.
The module names should now match the diagram in Egbert & Kelbert (2010).
The only exception is the ModelMap, which is not a module at present.
In the future, ModelMap will be a submodule, - as soon as
Fortran 2003 + TR 19767 (or Fortran 2008) become supported.
Then, we will also clean up the dependencies in the ModelSpace.

Now, will rename some important subroutines in SensComp, 
DataSens and SolverSens, to match the names in the paper.
Might also clean up some dependencies... for example, Level III modules
should not depend on SolnSpace. They do currently, for both 2D and 3D MT.
Finally, might update the dictionaries and I/O.



------------------------------------------------------------------------
r237 | anya | 2010-06-18 18:28:11 -0600 (Fri, 18 Jun 2010) | 1 line

MPI problem: the output of the master node (incl. all the critical NLCG output) is not flushed for long periods of time. This update is dealing with the problem by writing this output to a log file that is periodically closed and re-opened.
------------------------------------------------------------------------
r236 | anya | 2010-06-18 14:25:38 -0600 (Fri, 18 Jun 2010) | 1 line

Fixed a colormap bug in CondPlot; changed addNoise_3D to add unique error bars to each data point; added a script to interpolate data for Cascadia Slab.
------------------------------------------------------------------------
r235 | anya | 2010-06-18 14:02:45 -0600 (Fri, 18 Jun 2010) | 1 line

Added the arbitrary colormap option to CondPlot (forgot to update it in the SVN earlier!)
------------------------------------------------------------------------
r234 | anya | 2010-06-15 19:00:58 -0600 (Tue, 15 Jun 2010) | 1 line

1. Corrected the SI unit conversion bug in Matlab data reading: used to multiply T components by the same factor as the impedances; 2. Made the simple plotting the default for ImpPlot; 3. Changed the phase plotting in ImpPlot to unwrap phases with discontinuities; 4. Corrected the xy2latlon & latlon2xy scripts to match m_map.
------------------------------------------------------------------------
r233 | naser | 2010-06-14 18:45:00 -0600 (Mon, 14 Jun 2010) | 2 lines

Fixing the segmentation error while sending and receiving eALL from/to master.

------------------------------------------------------------------------
r232 | anya | 2010-06-11 19:07:31 -0600 (Fri, 11 Jun 2010) | 1 line

Some progress on the Cascadia Slab modelling for the MOCHA project.
------------------------------------------------------------------------
r231 | anya | 2010-05-28 12:24:22 -0600 (Fri, 28 May 2010) | 1 line

An update for CondPlot. No longer takes log10 inside the script; instead, the starting script CondPlot(WS) converts the conductivity to log10. This makes it possible to view other variables such as deviations from the prior or seismic wave velocity perturbations; the options structure now has a field to set the colorbar label.
------------------------------------------------------------------------
r230 | anya | 2010-05-25 11:32:38 -0600 (Tue, 25 May 2010) | 1 line

Added a script CondPlotSection, which uses a conductivity plot handle to select and plot a cross-section at any angle. Works with geographic and rectangular axes, alike, but needs to have a reference lat/lon for the plot to annotate the angles correctly.
------------------------------------------------------------------------
r229 | anya | 2010-05-24 12:38:30 -0600 (Mon, 24 May 2010) | 1 line

Added a script to interpolate conductivity parameter to new grid; corrected a minor bug in CondPlot for use with data locations.
------------------------------------------------------------------------
r228 | naser | 2010-05-17 17:02:51 -0600 (Mon, 17 May 2010) | 4 lines

To run the code one NCAR these changes were required:
3D_MT/SolnRHS.f90: nonzero_BC is set to a value (.false. or .true. ) in defining RHS_t data type.
MPI/MPI_main.f90 and MPI/MPI/MPI_declaration.f90: Creating a allocatable eAll_location vector. Otherwise, the master passes wrong eAll index to the worker while computing JmultT.
 
------------------------------------------------------------------------
r227 | anya | 2010-05-13 19:44:56 -0600 (Thu, 13 May 2010) | 1 line

Script that creates makefiles (fmkmf.pl) modified to create a Windows-style makefile (works with Compaq Visual Fortran, and possibly with its Intel successor, not tested) if the -win command is supplied.
------------------------------------------------------------------------
r226 | naser | 2010-05-05 09:13:37 -0600 (Wed, 05 May 2010) | 1 line

comment #include "modelCov/Diffusion.inc" which I was using to test the DCG
------------------------------------------------------------------------
r225 | naser | 2010-05-04 13:55:14 -0600 (Tue, 04 May 2010) | 6 lines

Minor changes:
3D_MT/DICT/receivers.f90: extending the station ID string from 20 charterers to 50.
INV/NLCG.f90: In the line search of the NLCG, there is a step where the eAll solution is copied to a temp. eAll solution. This step is OK in the serial run. However, in parallel run this step causes a problem on the Master, since eAll solution is not hosted on the Master. 
Major changes:
MPI/MPI_main.f90: To avoid using MPI_Address in MPI-1, which causes a problem to get the address which is larger that 32bit integer, I used another way to create an MPI derived data form Fortran derived data.
     
------------------------------------------------------------------------
r224 | anya | 2010-04-29 19:12:10 -0600 (Thu, 29 Apr 2010) | 12 lines

Global code back to working condition, after sorting out the I/O units - these
are all now stored in file_units.f90, including the output_level variable;
and adding the inverse configuration file.

Also, added -parallel switch to Intel compilation, to make use of automatic
multi-threading, if the resources are available. 
Similarly updated all configure scripts. To make use of -Mconcur with PGI compiler,
need to specify an environment variable NCPUS, e.g. setenv NCPUS 4.

Have not added any OpenMP to Global yet. Should try that soon (and don't forget
the -openmp switch for compilation with Intel!)

------------------------------------------------------------------------
r223 | anya | 2010-04-28 17:52:44 -0600 (Wed, 28 Apr 2010) | 29 lines

Added some careful OpenMP directives in modelOperator3D.f90.

Note that in an array A(i,j), i represents consequtive memory locations
(at least that was the standard in Fortran 77, and unlikely changed by
the compilers). So, loops like
do j = 1,N
  do i = 1,M
    A(i,j) = ...
  end do
end do
are most efficient.
Re-ordering of the loops in modelOperator3D.f90 gave another ~5% improvement.

Now, the following subroutines are parallelized (versus the time the program
used to spend on each of these before parallelization):

Maxwell  23% 
M1solve  8%
M2solve  9%
DivCgrad 5%

Have not profiled the updated (i.e., OpenMP) code yet. 

Note that automatic parallelization in Intel, PGI and XLF90_r compilers does
a good enough job that quick manual OpenMP in sg_vector.f90 actually decreases
performance, compared to automatic.

Intel compiler is by far the most impressive.

------------------------------------------------------------------------
r222 | anya | 2010-04-28 11:46:31 -0600 (Wed, 28 Apr 2010) | 1 line

Once again, updated to work on NCAR cluster. MPI still not debugged, and therefore not used. Added some obvious OPENMP directives to modelOperator3d.f90. Seems to improve performance approx. twice (4 processors) compared to serial, and a little bit further if more processors are used. Also improves performance significantly compared to automatic OPENMP on the cluster.
------------------------------------------------------------------------
r221 | anya | 2010-04-21 18:31:54 -0600 (Wed, 21 Apr 2010) | 1 line

Oops... forward solver control file only works for the inversion. Should also work for a single forward or Jacobian computation. Fixed.
------------------------------------------------------------------------
r220 | anya | 2010-04-20 11:20:32 -0600 (Tue, 20 Apr 2010) | 14 lines

Added the following options to the conductivity plot (CondPlotWS):
1. Read in and plot data locations;
2. Use lat & lon origin from file (or user defined) to plot on a map;
3. Switch to show / not show grid lines.

To use the new functionality (plot on map with coast lines),
install m_map from, e.g., here: http://www.eos.ubc.ca/~rich/map.html

To also plot the state lines, add a setenv line to startup, e.g.,
setenv('MAPPATH','/home/mt/anya/ModEM/matlab/MAP/data/');

This directory should contain the *.txt and *.mat data files, 
that I downloaded to ModEM/matlab/MAP/data.

------------------------------------------------------------------------
r219 | anya | 2010-04-16 16:19:05 -0600 (Fri, 16 Apr 2010) | 14 lines

Added an optional origin at the end of the data file, intended
for storing the latitude, longitude and elevation of the origin
(zero with respect to the data location coordinates).

Also added some helpful profiling output to EMsolve3D.

More generally, added a basic derived data type timer_t, and
a set of routines to use with it:

reset_time(timer) sets or resets the timer
t = elapsed_time(timer) computes the elapsed time since reset
t = saved_time(timer) outputs the elapsed time since clear
clear_time(timer) clears the timer incl. saved time

------------------------------------------------------------------------
r218 | anya | 2010-04-14 10:52:58 -0600 (Wed, 14 Apr 2010) | 1 line

Added an option to use Matlab Mapping Toolbox in ImpPlot to plot on a map. This is used when an origin (lat,lon,elev) is specified in the data file.
------------------------------------------------------------------------
r217 | anya | 2010-04-09 11:54:18 -0600 (Fri, 09 Apr 2010) | 31 lines

MORE MAJOR CHANGES in the user interface.

Added the forward solver configuration file option in the format

 Number of QMR iters per divergence correction : 40
 Maximum number of divergence correction calls : 20
 Maximum number of divergence correction iters : 100
 Misfit tolerance for EM forward solver        : 1.0e-7
 Misfit tolerance for EM adjoint solver        : 1.0e-7
 Misfit tolerance for divergence correction    : 1.0e-5

This configuration file works for 3D MT.

(There might be different configuration file formats for different
forward solvers; this option is supported, but the structure of the
UserCtrl documentation would have to depend on the program name...
an overkill until needed.)

New command line arguments to run the inversion:

  -I NLCG rFile_Model rFile_Data [lambda eps]
   Here, lambda = the initial damping parameter for inversion
            eps = misfit tolerance for the forward solver
 OR
  -I NLCG rFile_Model rFile_Data [rFile_invCtrl rFile_fwdCtrl]
   Optionally, may also supply
       the model covariance configuration file   [rFile_Cov]
       the starting model parameter perturbation [rFile_dModel]
   Runs an inverse search to yield an inverse model at every iteration


------------------------------------------------------------------------
r216 | anya | 2010-04-07 19:13:25 -0600 (Wed, 07 Apr 2010) | 54 lines

MAJOR CHANGES in the user interface.

1. The inversion now output the following files at every iteration:

*.rho - the output model m = Cm^{1/2} \hat{m} + m_0
*.prm - the output model parameter \hat{m} *before* smoothing 
*.imp - the output responses
*.res - the output weighted residuals

The user should be mostly interested in *.rho files (currently in WS format).
The files *.prm (also in WS format) could be used to restart the inversion
(see below).
The files *.imp and *.res are still in the legacy data format. The extensions
might change when the format is finally updated.

2. New command line arguments to run the inversion:

 Usage: -I NLCG rFile_Model rFile_Data [rFile_Cov lambda rFile_dModel]
 Here, lambda is the initial damping parameter
       rFile_dModel  is the starting rough model parameter perturbation
 OR
 Usage: -I NLCG rFile_Model rFile_Data [rFile_Cov rFile_invCtrl rFile_dModel]
 Here, rFile_invCtrl is the inversion control file in the format

 Model and data output file name    : Example
 Initial damping factor lambda      : 1.0
 Initial search step in model units : 1.0
 Restart when rms diff is less than : 2.0e-3
 Exit search when rms is less than  : 1.05
 Exit when lambda is less than      : 1.0e-4
 Maximum number of iterations       : 120

This implements a) the capability to restart with a *.prm model and b) the user
defined inverse solver configuration.

3. The output level of the program (i.e. how much output to screen and to files)
is set by the optional final argument -v [debug|full|regular|compact|result|none];
regular is of course the default.

4. The default file names in UserCtrl are now set to 'n' (rather than empty lines)
to avoid problems with inquire statements on IBM architecture. XLF compiler complains
if it encounters empty file names in inquire statements (checks for file existence).
Output file names should be longer than one character to be recognized... this could
be changed, but I think it's a reasonable expectation.

5. Changed the 3D MT forward solver output "finished solving etc" statements 
to standard output instead of standard error. Otherwise, these lines get lagged
or flushed out of order on clusters. Also, now output period instead of frequency...
makes it easier to look at.

The user documentation (that the user sees if he/she just types ./Mod3DMT) claims
that you can also specify a forward solver configuration file. This has not yet
been implemented in this commit. Will implement this option soon.

------------------------------------------------------------------------
r215 | meqbel | 2010-04-02 10:54:39 -0600 (Fri, 02 Apr 2010) | 11 lines

Avoid creating an MPI derived data type for the model parameter. 
This is because creating an MPI derived data type require using the MPI subroutine MPI_ADDRESS (MPI-1) or MPI_GET_ADDRESS (MPI-2). 
Since NOT all the clusters have MPI-2, we restrict our self to use the standard MPI-1. However, using the first subroutine causes the problem: 
'0- MPI_ADDRESS : Address of location given to MPI_ADDRESS does not fit in Fortran integer, see e.g. http://www.pgroup.com/resources/mpich/mpich126_pgi60.htm'.
The solution for now is:
- At the beginning of the program ALL processors initialize the model parameters (sigma0) and data (allData)
- During the inversion (or when distributing the model parameters), the ONLY processor who update the model parameters is the master (process ID 0).
- The master packs the updated model parameters values, which are as rscalar, in a global defined 1D vector, and distributes  ONLY this vector.
- The workers receive this vector and update the model parameter values in sigma0.
- The same situation is executed, however, visa versa, if a worker creates a model parameter and wants to send it to the master (e.g. JmultT).
     
------------------------------------------------------------------------
r214 | meqbel | 2010-03-26 13:53:27 -0600 (Fri, 26 Mar 2010) | 1 line

The last updates were compiled and tested (3DMT) on LENZ by running NLCG and DCG for both serial and parallel versions
------------------------------------------------------------------------
r213 | meqbel | 2010-03-26 12:33:16 -0600 (Fri, 26 Mar 2010) | 6 lines

Merging last changes made by Anna with my changes, which are:
3D_MT/DICT/dataTypes.f90: Adding new data type (Off_Diagonal_Rho_Phi) on behalf of Kristina Tietze from GFZ-Potsdam.
3D_MT/DataFunc.f90: Adding a new case corresponds to the new data type Off_Diagonal_Rho_Phi.
3D_MT/DataIO.f90: 
- Some modification in read_Z subroutine to allow for interstaion-TF implementation. NOTE: The new changes did not effect the old format.
- Modifying read_Z_list_format subroutine.  
------------------------------------------------------------------------
r212 | meqbel | 2010-03-26 12:09:59 -0600 (Fri, 26 Mar 2010) | 1 line


------------------------------------------------------------------------
r211 | meqbel | 2010-03-26 12:03:28 -0600 (Fri, 26 Mar 2010) | 6 lines

Note: Running the parallel version of the code on LENZ did not work previously because: 
- In the old version of the code, all processes read the command line arguments (e.g. -I NLCG). On LENZ, However, ONLY the master (process ID 0) could read the command line arguments passed to the program, while the worker could not read these arguments. This causes the problem that the worker were not be able to find out which job is required when executing the program. Maybe there are missing libraries on the processes- I modified the parallel version so that ONLY the master reads command line arguments, creates cUserDef and finally broadcasts it to all workers.  
- When running the  parallel version of th program on LENZ, additional HIDDEN flags are passed to the program to executed it in parallel way. These  HIDDEN flags which are required by (LENZ) cluster cause the problem that the program read them as passed arguments.  
To avoid these two issues: 
- I modified the parallel version so that ONLY the master reads command line arguments, creates cUserDef and finally broadcasts it to all workers. 
- For the second issue, I modified parseArgs in UserCtrl module so that ALL additional HIDDEN flags are truncated. I used the fact that these flags begin with '-'.
------------------------------------------------------------------------
r210 | anya | 2010-03-25 17:21:47 -0600 (Thu, 25 Mar 2010) | 1 line

Few minor changes that allowed the MPI version of the code to compile with mpxlf90 on NCAR machines. Still does not run for me on NCAR: produces segmentation fault after distributing the model.
------------------------------------------------------------------------
r209 | anya | 2010-03-17 11:33:59 -0600 (Wed, 17 Mar 2010) | 16 lines

FIXED A MAJOR BUG in create/copy EMsoln, that caused the NLCG in revisions after update 199 incl. to NOT WORK.
Rather, it would run, but never converge, since the transmitters were all mixed up... the bug was
completely mysterious, though. We should carefully deallocate everything in the create routine, if there
is any chance that any of the input parameters have changed between calls. Also added some interface
statements and some additional cleaning to the other create/copy routines in SolnRHS, to avoid these problems
in the future.

Temporarily reverted the changes in the EMsolver / 3D FWD related to saving the model parameter for boundary
conditions computations. Will need to spend some time and figure out why the standard NLCG tests don't converge
when these changes are applied!

This commit should be fully functional again. Works with the legacy data format (same as in revisions 100-198).
The new list format for the data has not been completed and debugged yet. 

Both 2D and 3D MT NLCG inversions are tested and work in this commit.

------------------------------------------------------------------------
r208 | anya | 2010-03-15 16:35:56 -0600 (Mon, 15 Mar 2010) | 7 lines

Added two BLOCK2 examples (based on Siripunvaraporn et al, 2005).
The model is provided in WS format, possibly modified (for natural
log). The data are in legacy modular format *.imp, which contains
formatted blocks of data. This example should work with the revisions
100-198 of the modular system. Before rev. 100, RM model format was
used. After rev. 198, new "list" data format will be introduced.

------------------------------------------------------------------------
r207 | anya | 2010-03-15 16:32:59 -0600 (Mon, 15 Mar 2010) | 1 line

Updated the BLOCK2 example. There are two examples now, with 3 and with 198 sites, both tested. Both use the original *.imp data format of the modular system, which will hopefully soon become deprecated, when the list format is introduced. These examples should work with revisions 100-198 of the modular system. Added some run scripts and README files.
------------------------------------------------------------------------
r206 | meqbel | 2010-03-12 11:24:48 -0700 (Fri, 12 Mar 2010) | 2 lines

The last update in /f90/SENS/SensComp.f90 is:
Moving the call of sensSolve in JmultT_TX outside the datatype loop. This is because the computation of comb is for each transmitter but ALL available data types.
------------------------------------------------------------------------
r205 | meqbel | 2010-03-12 11:16:17 -0700 (Fri, 12 Mar 2010) | 1 line


------------------------------------------------------------------------
r204 | meqbel | 2010-03-10 13:11:54 -0700 (Wed, 10 Mar 2010) | 1 line

Creating the EMsparse vectors Lz and Qz before passing them to linDataFunc in both linDataMeas and linDataComb.
------------------------------------------------------------------------
r203 | meqbel | 2010-03-09 14:47:12 -0700 (Tue, 09 Mar 2010) | 2 lines

Minor changes:
Deallocating temp vectors and adding the "Off_Diagonal_Impedance" case.
------------------------------------------------------------------------
r202 | meqbel | 2010-03-09 12:12:01 -0700 (Tue, 09 Mar 2010) | 1 line

Adding a new folder containing a 2 Blocks model file and a data file in list format. The data file contains the computed interstation TF at 5 sites.
------------------------------------------------------------------------
r201 | meqbel | 2010-03-09 11:58:14 -0700 (Tue, 09 Mar 2010) | 12 lines

Major modifications:
- f90/3D_MT/DataFunc.f90 : Adding a new data type "Full_Interstation_TF" and reorganizing the module so that each case contains the required computations for E, B  and B (at the reference site) fields.
- f90/3D_MT/DataIO.f90 : Adding a new subroutine to READ the data file in list format. NOTE: a WRITE subroutine is required. NO changes to the existing read and write subroutines.
- f90/3D_MT/DICT/dataTypes.f90 : Adding a new data type "Full_Interstation_TF" and modifying the name of the existing data types.
- f90/3D_MT/DICT/receivers.f90 : Modifying the receiver dictionary by adding additional information regarding the REFERANCE site(s). Modifying the output of the subroutine update_rxDict to determine if the input site is new in the dictionary or not and also the index of the site in the dictionary if it is already exist.
- f90/3D_MT/DICT/transmitters.f90: Modifying the output of the subroutine update_rxDict to determine if the input site is new in the dictionary or not and also the index of the site in the dictionary if it is already exist.
- f90/3D_MT/Main.f90: Switching between "read_dataVecMTX" (old format) and "read_dataVecMTX_list_format" (new format), to read the data file.
- f90/INV/NLCG.f90 and f90/INV/DCG.f90: Modifying the call of some MPI subroutines from MPI_Main. To be more consistence with the serial version and to reduce appearance of the MPI subroutine out side MPI_main.f90, I moved the MPI distribution subroutines to MPI_Main.       
- f90/Mod3DMT.f90: Adding a new Inversion case "DCG"
- f90/UTILS/utilities.f90: Adding some Fortran character string utilities.


------------------------------------------------------------------------
r200 | anya | 2010-02-25 17:33:06 -0700 (Thu, 25 Feb 2010) | 26 lines

The num. of polarization changes were even trickier than expected..
Fixed some bugs that were introduced in the previous commit (in some cases,
a shortcut was previously taken and EMrhs_t was not created explicitly...
this no longer works when an array of RHS_t values needs to be allocated).

Made some major changes to the internal structure of EMsolver, EMsolve3D
and modelOperator3D. There is now only one subroutine that initializes
model operators. It figures out what it needs to do from
1) a logical variable modelDataInitialized in modelOperator3D,
2) comparison between the saved and the new omega,
3) a logical variable "updated" in the model parameter (that gets set
to TRUE whenever the model parameter is changed in some way with a
routine from the model parameter module... we set it to FALSE when
the forward solver has been initialized). This is not the best solution!
The clarity of an honest comparison between 3D models is worth the extra
computations required to do that (I think). 
3D tested and works (inversion not tested).

EM solver should have a generic routine to create the boundary conditions
(in the form of EMrhs_t, NOT RHS_t).
Boundary conditions AND the model parameter should be passed as arguments
to EM solver routines, to avoid the current ambiguities. The forward modelling
in the EM solver SHOULD have the capability to work with a user-defined
forcing.
More work required before these changes are complete!!!

------------------------------------------------------------------------
r199 | anya | 2010-02-24 17:49:21 -0700 (Wed, 24 Feb 2010) | 22 lines

An organizational update, both for 2D and 3D.

1) Added the number of polarizations to the transmitter dictionary.
2) SolnRHS now uses the transmitter dictionary to create EMsoln,
   EMrhs, EMsparse. The interfaces to these are now generic.
3) In 3D, deleted the grid pointer from the sparse vector. 
   It was set inconsistently and not required by the create routine.
   It also wasn't used for anything. In fact, we can (and do) make
   full use of a sparse vector without access to the full grid.
   In some cases we don't even have the grid available while creating
   the sparse vector (e.g. recursive autoregression in 3D MT).
   If the full grid is needed to work with a sparse vector, we should
   pass it explicitly. Same should be true for 2D.

More changes (esp. for 2D) would be required if we were to parallelize
over polarizations. These could be very involved (would probably
have to make each EMsoln an array of abstract objects, one for each 
polarization). I am not attempting these yet.

The code compiles with g95, and the 2D works; otherwise not tested yet.
All makefiles are updated and should work.

------------------------------------------------------------------------
r198 | egbert | 2010-02-17 19:18:06 -0700 (Wed, 17 Feb 2010) | 15 lines

Three minor updates.

1. Reverted the order of libraries for the PGI compiler,
to reflect the fact that the older version 6.1 accepts -llapack -lblas
(in that order!), but not -lblas -llapack. The newer versions
don't care about the order of these libraries.

2. Removed the intent(in) attributes from the count and write routines
for sensitivity matrix. Caused PGI 6.1 to bomb! Otherwise was correct.

3. Changed the default covariance parameters from 0.1 to 0.3 in 3D_MT.
This seems to work better in most 3D cases (one should use a covariance
file, anyway!)


------------------------------------------------------------------------
r197 | egbert | 2010-02-17 18:12:11 -0700 (Wed, 17 Feb 2010) | 25 lines

IMPORTANT CHANGE

Merged Naser's MPI code to the trunk. I tried to do this is a way
that would allow us to propagate most of the changes to the stable
serial version.

I updated the Perl script fmkmf.pl with a quick & dirty fix:
if the module file name contains the string 'MPI', the use statement
is ignored, unless MPI is defined. This won't work for all cases,
but it will work as long as we name all MPI files consistently,
with an 'MPI' string included [unfortunately, couldn't concatenate
the lines such as #ifdef MPI; use MPI_main; #endif, since the use
statement can only follow a space in Fortran].

All of the configure scripts (and makefiles) are updated and work.
To allow for the #ifdef MPI statements, I had to use a preprocessor
with all compilers. This caused an issue with the include statements,
which was fixed by using #include statements instead (no spaces allowed).

This should work just like Naser's version in branches/MPI.
Having said that, Makefile3d.MPI still doesn't work for me on Lenz
(mpif.h not found). 
This is most likely a compiler flag / library problem. Would be nice
to figure out what is going on, to be able to test (and run) on Lenz.

------------------------------------------------------------------------
r196 | meqbel | 2010-02-16 19:02:36 -0700 (Tue, 16 Feb 2010) | 1 line

Delete MPI_decler.f90 form the branch. It is now MPI_declaration.f90
------------------------------------------------------------------------
r195 | meqbel | 2010-02-16 19:00:50 -0700 (Tue, 16 Feb 2010) | 23 lines

Propagating the changes made by Anna in SENS into MPI/MPI_main.f90. 
In particular affected were fwdPred, JmultT and Jmult. These three subroutines were previously implemented for multiply transmitters. These caused in the MPI-version of the code that each time we call one of these subroutine, a temporally data structure containing information of one transmitter is created (this is because, the parallelization is over transmitters). Moreover, a copy of eAll solution, containing the electric filed solution for one transmitter (both polarizations in 3D-MT), is also created temporarily and passed to the corresponding subroutines.  
With the new version of SENS, which contains now subroutines for only one transmitter (fwdPred_TX, JmultT_TX and Jmult_TX) the issues menchened above have been avioded and the MPI-version (in particular, MPI/MPI_main.f90) is now cleaner. 
Major changes in MPI/MPI_main.f90:
- Replacing fwdPred, JmultT and Jmult in  MPI/MPI_main.f90 (worker part) by fwdPred_TX, JmultT_TX and Jmult_TX.
- Removing all temporary data and eAll structures that have been used previouslly.
- Removing the corresponding part that computes Q for the 2D-MT case.

Minor changes in MPI/MPI_main.f90 and else where in the code:
- Renaming some general MPI subroutines (e.g. MPI-Initialization--> MPI-constructor) 
- Renaming MPI/MPI_decler.f90 to MPI/MPI_declaration.f90 to emphasize its meaning.
- Replacing the name of MPI_decler by MPI_declaration.f90  where is required in the code.

Some remarks to switch between the serial and parallel version of the code located in this branch (/ModEM/branches/MPI):
- The main idea is to use compiler directives inside the code at positions where a parallelization is required.
- Depending on the used complier, a PREPROCESSING flag must be used. For example -Mpreprocess when using pgf90 complier or the MPI version of it mpif90.
- To compile for a parallel version an additional information must be passed to the complier in the preprocessing stage. For example, -Mpreprocess -DMPI, where the -D flag defines what should be passed to the complier, in this case the word MPI is passed.

TODO:
- Update the parallel version of computing the full sensitivity matrix using the new structure and organization added by Anna.      


          
------------------------------------------------------------------------
r194 | egbert | 2010-02-15 12:56:14 -0700 (Mon, 15 Feb 2010) | 1 line

Removed the obsolete development branch f90Q. This has been created for sorting out the Q business, but has never been used. Will correct/update the Q business directly in the trunk, when there is time to sort it out.
------------------------------------------------------------------------
r193 | anya | 2010-02-12 18:12:20 -0700 (Fri, 12 Feb 2010) | 10 lines

svn merge -r 189:192 http://mt.coas.oregonstate.edu/svn/ModEM/trunk/f90

into branches/MPI. Resolved all conflicts.
Added configure scripts and makefiles for compiling with MPI. These are up-to-date.
You could edit Makefile3D.MPI and Makefile2D.MPI, as necessary.

With the -DMPI option, the 3D version complains that it cannot find the include file
mpif.h; the 2D version doesn't have the MPI_sub.f90. 
Without the -DMPI option, both compile.

------------------------------------------------------------------------
r192 | anya | 2010-02-12 16:46:34 -0700 (Fri, 12 Feb 2010) | 12 lines

IMPORTANT UPDATE

Completed the changes for the full sensitivity matrix.
Now, instead of computing a vector of model parameters, like before,
we compute an array of sensMatrix_t variables, one for each transmitter.
The structure in most ways mimics the data structure, so should be easy
to use.

Like usual, quick and dirty shortcut for the output, to keep Gary's old
Fortran binary format. Tested; all correct. All makefiles correct.


------------------------------------------------------------------------
r191 | anya | 2010-02-12 11:43:04 -0700 (Fri, 12 Feb 2010) | 1 line

Now, computing the full sensitivity matrix values for single transmitter, data type and receiver; tested and works just as before.
------------------------------------------------------------------------
r190 | anya | 2010-02-11 14:21:44 -0700 (Thu, 11 Feb 2010) | 15 lines

MAJOR UPDATE.

SensMatrix module renamed to SensComp (sensitivity computations).

New module called SensMatrix created, with sensitivity matrix data type
definitions, and create / deallocate subroutines.

This is not yet used by SensComp. In the next commit, SensComp will
use this structure for computing the full sensitivity matrix.

All makefiles updated and tested.

Will now propagate this to the MPI branch. Will NOT update the stable
branch until the modifications are completed and tested.

------------------------------------------------------------------------
r189 | anya | 2010-02-10 17:01:47 -0700 (Wed, 10 Feb 2010) | 17 lines

A major update to SensMatrix. Added subroutines fwdPred_TX, Jmult_TX and JmultT_TX,
that accomplish the respective tasks for a single transmitter. The subroutines
fwdPred, Jmult and JmultT now loop over their single-transmitter versions.
This is a necessary modification to facilitate the development of parallel code.
Had to include several saved variables in the SensMatrix module, to preserve Gary's
efficiency efforts.
Be very careful with initSolver & exitSolver routines! Note that initSolver only
initializes if it feels like it (e.g. new mode etc) On the other hand, exitSolver
always deallocates everything (including some saved private variables in EMsolver).
So, it is not intended to be used after fwdSolve or sensSolve are done, at every
frequency, or even after the fwdPred computation. Instead, only use it when you
want to completely restart the solver or to deallocate all memory.

Update propagated to Naser's MPI branch. Will propagate also to 'stable', when
fully tested. Passes all Matlab tests (sensTest2D & 3D, invTest2D)


------------------------------------------------------------------------
r188 | anya | 2010-01-21 17:43:00 -0700 (Thu, 21 Jan 2010) | 1 line

Updated grids to include more vertical layers. Most importantly, doubled the number of air layers, and made them grow logarithmically upwards. This has solved the main problem at the poles: the solutions are now much more accurate. 5x5 and 3x3 grids are now completely usable. 2x2 and (especially) 1x1 degree grids possibly require even further refinement. As is, 1x1 is completely unusable, and 2x2 breaks at around +/-70 degrees GM latitude. Also, there was a segmentation fault after the 1x1 solution completed (for one frequency). Might need debugging.
------------------------------------------------------------------------
r187 | anya | 2010-01-21 17:36:51 -0700 (Thu, 21 Jan 2010) | 1 line

Added the secondary field formulation capability to the global code. Currently, this can be envoked using the option *secondary* and uses an input file that contains the primary fields, computed for a 1D model. Added a line to fwd_startup to allow for the input field file name. This seems to work, but needs to be tested further with accurate 1D fields, to see whether this solves the poles problem completely. If so, will make this the default for forward computations. Also, will implement analytic 1D solution, internal to the global code.
------------------------------------------------------------------------
r186 | anya | 2009-12-08 17:04:14 -0700 (Tue, 08 Dec 2009) | 1 line

Propagated the last bug fix to the branches.
------------------------------------------------------------------------
r185 | anya | 2009-12-08 16:55:15 -0700 (Tue, 08 Dec 2009) | 10 lines

BUG FIX

propagated from Naser's MPI version.
1) Transmitter dictionary was set up in such a way that periods 
   had to be in increasing order for the code to work. Fixed.
2) Gary's modified version of DataFunc still had a bug that caused
   Hz_Only not to work. Fixed.



------------------------------------------------------------------------
r184 | meqbel | 2009-12-07 18:35:19 -0700 (Mon, 07 Dec 2009) | 1 line

Make file that I have used to compile the code using ifort, pgf90 and mpif90. The most important thing is to add a preprocessing flag (e.g. -Mpreprocess for both pgf90 and mpif90 and -cpp for ifort). For the parallel version add -DMPI after the preprocessing flag.  
------------------------------------------------------------------------
r183 | meqbel | 2009-12-07 18:30:00 -0700 (Mon, 07 Dec 2009) | 4 lines

Main program that include MPI calls in case that the code is complied and run for parallel computation.
I have tested (compelling and run)  this main program for both serial and parallel using the compliers:
ifort, pgf90 and its mpi version mpif90.
 
------------------------------------------------------------------------
r182 | meqbel | 2009-12-07 18:26:30 -0700 (Mon, 07 Dec 2009) | 1 line

I kept the JmultT_MTX, since I used this subroutine in the original version of the MPI. I will try to figure out later, how could I replaced by JmultT. But for now, I think it does not effect anything else in the modular.  
------------------------------------------------------------------------
r181 | meqbel | 2009-12-07 18:21:17 -0700 (Mon, 07 Dec 2009) | 1 line

This module contains a subroutine that create an MPI version of the eAll structure. 
------------------------------------------------------------------------
r180 | meqbel | 2009-12-07 18:19:14 -0700 (Mon, 07 Dec 2009) | 1 line

Implementing MPI calls into NLCG, in case that the code is complied and run for parallel computation. 
------------------------------------------------------------------------
r179 | meqbel | 2009-12-07 18:16:50 -0700 (Mon, 07 Dec 2009) | 1 line

Adding an MPI-subroutine to create an MPI structure from modelParam_t. This subroutine is added here, since modelParam_t is privet an cannot be accessed from outside.
------------------------------------------------------------------------
r178 | meqbel | 2009-12-07 18:11:59 -0700 (Mon, 07 Dec 2009) | 1 line

modifying the update_txDict subroutine to allow the data to start either from short or long periods. 
------------------------------------------------------------------------
r177 | meqbel | 2009-12-07 18:07:52 -0700 (Mon, 07 Dec 2009) | 5 lines

Adding two MPI modules:
- MPI_decler.f90 contains public parameters required by the MPI call.
- MPI_Main.f90 contains an MPI warp of the subroutines included in the SensMatrix.f90. In addition, basic subroutines are included to e.g. distribute model, data and eAll solution whenever that required.
The basic idea in MPI_Main is to have two main tasks: Master task and Worker task. The Master task (includes various subroutines) sends jobs to workers and receives results from worker.The actual computation is done on the workers which call the subroutines in the SensMatrix.f90, however, with data structure that contains only one transmitter. This is because the current MPI-version is parallelized over periods to solve the forward modelling and inversion problem, and over periods and stations when computing the sensitivity matrix.
      
------------------------------------------------------------------------
r176 | anya | 2009-12-07 17:55:31 -0700 (Mon, 07 Dec 2009) | 1 line

Created a *stable* copy of ModEM: 2D and 3D MT modelling and inversion.
------------------------------------------------------------------------
r175 | anya | 2009-12-07 17:47:15 -0700 (Mon, 07 Dec 2009) | 1 line

Made a placeholder ModEM branch called *stable*. This will be the only branch accessible to the users and outside developers of ModEM.
------------------------------------------------------------------------
r174 | anya | 2009-12-07 17:20:08 -0700 (Mon, 07 Dec 2009) | 1 line

Creating a new stable MPI branch for Naser Meqbel. Later, will merge this to trunk.
------------------------------------------------------------------------
r173 | anya | 2009-12-07 17:08:26 -0700 (Mon, 07 Dec 2009) | 1 line

Deleting an old branch; will replace with a clean branch for MPI development.
------------------------------------------------------------------------
r172 | meqbel | 2009-12-07 16:30:30 -0700 (Mon, 07 Dec 2009) | 1 line


------------------------------------------------------------------------
r171 | meqbel | 2009-12-07 16:22:45 -0700 (Mon, 07 Dec 2009) | 1 line

Test version included MPI commands
------------------------------------------------------------------------
r170 | anya | 2009-11-19 19:54:58 -0700 (Thu, 19 Nov 2009) | 14 lines

IMPORTANT BUG FIX

In the past revisions, ALL data were converted to SI units using a factor
computed from the information in the file. However, vertical transfer functions
are of course dimensionless and should NOT be affected by any units conversions.
Therefore, in the previous revisions the inversion was working correctly only if
the data were originally in the SI units [V/m]/[T], or if the vertical field
transfer functions were not used. This has now been corrected.
Thanks to Naser Meqbel for finding the bug.

Also, added the option of using the vertical field transfer functions alone
(Gary edited the DataFunc module). To the best of my knowledge, nothing has been
broken. The new capability should work, but has not been tested.

------------------------------------------------------------------------
r169 | anya | 2009-11-12 21:17:10 -0700 (Thu, 12 Nov 2009) | 1 line

Added a Matlab script to set an error floor for 3D impedances.
------------------------------------------------------------------------
r168 | anya | 2009-11-12 20:07:16 -0700 (Thu, 12 Nov 2009) | 1 line

Corrected the origin output in WS model format.
------------------------------------------------------------------------
r167 | anya | 2009-11-12 20:06:46 -0700 (Thu, 12 Nov 2009) | 10 lines

Improved ImpPlot script (and the impedance reading script) to understand
variable observatory lists across frequencies (e.g. missing data). 

Improved CondPlotWS to set the caxis limits, and to read the origin more
robustly.

Improved mkGrid3D script to create the padding more robustly.

Updated the 3D test to a bigger, regular data set.

------------------------------------------------------------------------
r166 | anya | 2009-10-30 18:39:44 -0600 (Fri, 30 Oct 2009) | 1 line

Updated ImpPlot to plot any configuration of data (not just regular grids).
------------------------------------------------------------------------
r165 | anya | 2009-10-20 14:58:32 -0600 (Tue, 20 Oct 2009) | 1 line

Updated the general purpose plotting script InterpPlot
------------------------------------------------------------------------
r164 | anya | 2009-10-01 23:01:31 -0600 (Thu, 01 Oct 2009) | 1 line

Added a generally useful script to interpolate and plot a set of values at e.g. EarthScope sites (InterpPlot).
------------------------------------------------------------------------
r163 | anya | 2009-09-16 19:16:46 -0600 (Wed, 16 Sep 2009) | 1 line

Updated *.grd files to be more easily readable with Matlab. This does not affect the Fortran reading routine.
------------------------------------------------------------------------
r162 | anya | 2009-09-16 19:15:02 -0600 (Wed, 16 Sep 2009) | 1 line

Added an optional full H-field output for debugging.
------------------------------------------------------------------------
r161 | anya | 2009-09-02 23:08:36 -0600 (Wed, 02 Sep 2009) | 1 line

Quickly added a model parametrization output to the global NLCG inversion... planning to run it with the new data overnight to write an invited AGU abstract tomorrow!
------------------------------------------------------------------------
r160 | anya | 2009-07-31 18:05:05 -0600 (Fri, 31 Jul 2009) | 1 line

Updated NLCG output to write the squared model norm in addition to everything else. Will make it significantly easier to find a suitable damping parameter. One of the reasons NLCG had problems converging, compared to my old algorithm, is that I am now inverting SS+lambda*|m|^2, not SS/nData+lambda*|m|^2. This new setup is sensitive to the size of the data space compared to the model space. However, in general this is more sensible, since both of these usually scale together. Sticking with this setup, but need to try different starting values of the damping parameter lambda to ensure convergence: both terms should be approximately equally weighted to start with (as soon as the model norm becomes more or less stable).
------------------------------------------------------------------------
r159 | anya | 2009-07-28 16:43:53 -0600 (Tue, 28 Jul 2009) | 1 line

An important update... by default, we now output the responses and residuals at every NLCG iteration. Also, the default output format for WS model is now LOGE.
------------------------------------------------------------------------
r158 | anya | 2009-07-24 13:53:02 -0600 (Fri, 24 Jul 2009) | 1 line

Updated NLCG to use DataIO; updated all makefiles. Now, need to write and debug the data write statements in NLCG. The makefiles will stay the same.
------------------------------------------------------------------------
r157 | anya | 2009-07-23 16:00:26 -0600 (Thu, 23 Jul 2009) | 1 line

New data I/O and dictionary set up are debugged and used in 3D_MT. Now, need to generalise 2D_MT and Global and add the write_dataVecMTX statements to NLCG.
------------------------------------------------------------------------
r156 | anya | 2009-07-23 12:03:00 -0600 (Thu, 23 Jul 2009) | 1 line

Added a DataIO module for 3D_MT with a more general I/O for impedances. Updated the dictionary modules respectively. Not using any of the new stuff yet.
------------------------------------------------------------------------
r155 | anya | 2009-07-17 18:43:42 -0600 (Fri, 17 Jul 2009) | 1 line

Ok, now AppResFromE plot is completely correct. Tested with the block model and the Cascadia Slab; all good. Now need to figure out why the Cascadia Slab impedances look different when plotted with ImpPlot!
------------------------------------------------------------------------
r154 | anya | 2009-07-17 16:03:45 -0600 (Fri, 17 Jul 2009) | 1 line

A conversion from H to B does not help... units still completely off!
------------------------------------------------------------------------
r153 | anya | 2009-07-17 15:36:03 -0600 (Fri, 17 Jul 2009) | 11 lines

Playing around with the impedances; trying to figure out why
the impedances for the CascadiaSlab model don't seem to display
the same features as the fields. Impedances are correct when
plotted for the 3D block model, though. Still a mystery at this
point.
Added a script AppResFromE.m, that computes and plots the
apparent resistivities directly from the EMsoln file.
Looks good except the numbers are completely off.
Even so, the CascadiaSlab impedances look more reasonable
when plotted this way (except for a scaling factor).

------------------------------------------------------------------------
r152 | anya | 2009-07-13 16:45:00 -0600 (Mon, 13 Jul 2009) | 1 line

Forgotten to commit the script that inserts the blocks into the model... here it is!
------------------------------------------------------------------------
r151 | anya | 2009-07-13 16:43:37 -0600 (Mon, 13 Jul 2009) | 1 line

Added a script to create a 64x66x56 model of Oregon slab... mkData updated to place a site at every second cell
------------------------------------------------------------------------
r150 | anya | 2009-07-13 12:51:10 -0600 (Mon, 13 Jul 2009) | 1 line

Corrected the units related bugs in the CascadiaSlab scripts and rerun the forward modelling
------------------------------------------------------------------------
r149 | anya | 2009-07-13 12:49:45 -0600 (Mon, 13 Jul 2009) | 5 lines

Added the units fields for both model and data.
Wrote a script ImpUnits to compute the conversion factor
for the impedances, and added an optional argument to
readZ_3D to output in any units.

------------------------------------------------------------------------
r148 | egbert | 2009-07-10 16:07:23 -0600 (Fri, 10 Jul 2009) | 1 line

who cares
------------------------------------------------------------------------
r147 | anya | 2009-07-08 13:24:25 -0600 (Wed, 08 Jul 2009) | 1 line

Adding an output data file for CascadiaSlab model
------------------------------------------------------------------------
r146 | anya | 2009-07-08 12:09:55 -0600 (Wed, 08 Jul 2009) | 1 line

Added Matlab scripts to read/write covariance; updated the makefiles and the read_data routine to allow large size data files as in CascadiaSlab
------------------------------------------------------------------------
r145 | anya | 2009-07-07 11:33:31 -0600 (Tue, 07 Jul 2009) | 1 line

Added a script to create the data file for CascadiaSlab model. Unfortunately, the program does not like the inputs. Debugging...
------------------------------------------------------------------------
r144 | anya | 2009-06-26 17:36:04 -0600 (Fri, 26 Jun 2009) | 1 line

Added Matlab scripts to insert a slab into a model & covariance arrays
------------------------------------------------------------------------
r143 | anya | 2009-06-18 18:32:21 -0600 (Thu, 18 Jun 2009) | 4 lines

Added my script to create the grid, prior model and covariance for the 
Cascadia Subducted Slab experiment; also, Gary's scripts to add a slab 
image for forward modelling. Also, some initial files.

------------------------------------------------------------------------
r142 | anya | 2009-06-18 18:28:11 -0600 (Thu, 18 Jun 2009) | 1 line

mkGrid3D updated to create covariance at cell centers instead
------------------------------------------------------------------------
r141 | anya | 2009-06-18 14:26:54 -0600 (Thu, 18 Jun 2009) | 1 line

Added a function mkGrid3D to create a grid and covariance, taking topography into account
------------------------------------------------------------------------
r140 | anya | 2009-06-18 14:25:10 -0600 (Thu, 18 Jun 2009) | 1 line

A commit to get rid of global dir variables
------------------------------------------------------------------------
r139 | anya | 2009-06-11 13:39:57 -0600 (Thu, 11 Jun 2009) | 1 line

Added a variation of the release makefile that uses ifort and a local version of lapack library. This is needed for Prasanta Patro who doesn't have lapack installed on his server. Unlikely to support this in the future.
------------------------------------------------------------------------
r138 | anya | 2009-06-10 13:51:25 -0600 (Wed, 10 Jun 2009) | 1 line

Updated the scheme for the modular system.
------------------------------------------------------------------------
r137 | anya | 2009-06-04 17:18:13 -0600 (Thu, 04 Jun 2009) | 1 line

Updated makefiles
------------------------------------------------------------------------
r136 | anya | 2009-06-04 17:15:10 -0600 (Thu, 04 Jun 2009) | 24 lines

Used MemoryScape to find the remaining memory leaks. No leaks remaining!
Figured out how to deal with the temporary arrays created by functions.
It is now completely clear where the leaks come from. Wrote documentation.
If certain rules are observed in any new code, as described in the documentation
(avoiding_memleak.pdf) we shouldn't encounter memory leaks again.
Anyone working on this code should read this before writing basic modules!!!

2D and 3D MT are now clean of memory leaks (except for a minor bug
in the input subroutine for 3D data, where the compids are allocated
for every frequency... not fixed since this subroutine will be
rewritten to use the dictionaries anyway). Global code is also clean
of memory leaks, but requires a lot of rewriting. Check for any newly
appearing memory leaks once in a while! 
The inversion runs, but need to fiddle with the options and synthetic tests 
to ensure convergence for the global problem. Currently, it stalls by eventually 
making alpha too small... never exits the cubic line search.

Next: 1) debug the poles problem and the boundary values for the global;
2) play with the settings for the global and 3D MT to ensure convergence
on realistic problems (set up a configuration file for the inverse solver!);
3) then, finish setting up the model and data output for the inversion -
write_data subroutines for MT and write_model for the global code.
Then use the code!

------------------------------------------------------------------------
r135 | anya | 2009-06-01 17:23:01 -0600 (Mon, 01 Jun 2009) | 1 line

Oops. Minor error in the previous commit, sorry! Fixed.
------------------------------------------------------------------------
r134 | anya | 2009-06-01 17:18:52 -0600 (Mon, 01 Jun 2009) | 29 lines

Many updates resulting from a painful week of debugging the memory leaks.
Found two serious memory leaks in 3D MT & Global:
1) dotProd routines for cvector and rvector didn't deallocate the temporary
vector they created (this vector is in fact needed for the global dot product);
2) sparse vectors were deallocating more memory then necessary, by using a long
deallocate(x,y,z...) statement that included one of the variables twice.

These were difficult to find, but otherwise obvious (here, MemoryScape helped!)
A bunch of memory leaks are still there. These are much more mysterious.

It looks like a memory leak occurs every time when
1) I use an intent(out) specification for a vector, then allocate that vector
inside a subroutine, or deallocate and then allocate;
2) I allocate a vector which is a function output.

I have already encountered problems with functions, when a call like m = c*m
and an attempt to (de)allocate the output inside the function leads to tricky
mysterious errors. Now it looks like functions create memory problems, even
if you use them correctly! The problem is, Fortran doesn't know anything about
the function output (or an intent(out) variable, it seems) inside the function
(or, respectively, subroutine). Strangely, any attempt to memory manage such 
a variable leads to memory issues.

For now, I've given up: zero is back to being a subroutine; deleted all operators 
that were overloaded with functions; making all derived type variables with
pointer (vector) contents intent(inout). This should solve the problems.
However, all this seems to disable the nicer features of Fortran, making me
love it more than ever...

------------------------------------------------------------------------
r133 | anya | 2009-05-22 12:09:45 -0600 (Fri, 22 May 2009) | 6 lines

Ok, nothing is broken (any longer). It is safe to update.
However, there is an evident memory leak in NLCG! It takes
progressively more and more memory until it hangs the machine.
I will be debugging that soon (right after I look at the global
code issues).

------------------------------------------------------------------------
r132 | anya | 2009-05-21 18:22:58 -0600 (Thu, 21 May 2009) | 43 lines

Ok, so the global NLCG works. 2D AND 3D MT NOT TESTED YET!

I don't think I've broken something, but please do not update until I test.

Bugs in the global code that need to be debugged asap:

1. I've lost a sign somewhere in the gradient computations. NLCG didn't
converge because the gradient was negative of what it should be. This
error (just like the other bugs) is inherited from the old version of the
code. Previously I dealt with this by multiplying the gradient by -2
instead of +2. Here, I also inserted an extra minus sign in JmultT to 
get NLCG (and the derivative test) to work.

   When fixing this, please note that all the symmetry tests are passed
at the moment; so the error must clearly be duplicated in both the adjoint
and the direct computations.

2. The weird behaviour at the poles when the resolution is increased.

3. The boundary conditions should not include the vertical components.

4. A memory leak in NLCG: it seems to require progressively more memory
when it runs. This problem may make it unpractical to run full-size
inversions, both for 3D MT and the global problem. The memory leak may
also be in the forward solver and/or gradient computations in both codes.

5. Sometimes the NLCG doesn't exit gracefully. This happens when the search
step alpha is too close to zero, but the sufficient decrease condition for
some reason isn't satisfied. The models and gradients become crazy and we
end up with NaNs for f, RMS and alpha. Need to track down why and when
that happens and to make sure it exits nicely in this case.


Features in the global code that need to be added soon:

6. write_modelParam (doesn't yet exist, instead prints info to screen)

7. write_data & read_data (need to be generic - we want to use them in NLCG!)

8. write_sensMatrix & read_sensMatrix

9. calcSensMatrix & Jmult (don't exist as separate routines for the global code).

------------------------------------------------------------------------
r131 | anya | 2009-05-21 16:05:32 -0600 (Thu, 21 May 2009) | 33 lines

Following Gary's rules for the linear combinations now:
we can overwrite input with output, but output has to be
allocated before calling such a routine.

This works quite safely, but that however ruins the interface
operators such as +,-,*,/ - these are overloaded with functions,
and a function output is undefined. It can easily overwrite
the input, but it is not recognized as (un)allocated before using.
So avoiding the interface operators now, and replacing them all
with linComb and scMult subroutines.

The global code passes all tests; most mysteriously, it also
seems to pass the derivative test, even through the derivative
seems to have to opposite sign to what it should be. In my code,
I defined the data residuals as res=dat-psi, hence the derivative
should (I think!) be multiplied by +2 (not -2, as in Gary's code,
which uses res=psi-dat). I multiply by -2, and still the old
inversion works and the derivative tests are passed.

The new inversion produces correct numbers now (the RMS misfit 
is different from what I previously got because it is a sqrt
of my normalized sum of squares misfit). Still, it does not
converge! The misfit does not seem to decrease at all
(or significantly) as it runs (as if the gradient still has the
opposite sign somewhere...) DEBUGGING...

Need to check that nothing in broken in 2D and 3D MT, now that
I've made some changes to NLCG to ensure that the output of linComb
is always allocated. I haven't checked yet! So don't update the code
to this revision, if you want the MT codes to work.



------------------------------------------------------------------------
r130 | anya | 2009-05-19 19:14:33 -0600 (Tue, 19 May 2009) | 5 lines

Corrected another bug of the same nature as before in the global code.
The symmetry test for the operators now runs; all tests are passed except
for the operator M (forward solver) symmetry test: the results look like
complex conjugates of each other.

------------------------------------------------------------------------
r129 | anya | 2009-05-19 17:17:20 -0600 (Tue, 19 May 2009) | 5 lines

Gotten rid of the remaining segmentation faults with Intel compiler:
there was a bug in the global code (dataMisfit), where the output responses
were intent(out), while in fact they were only updated by the subroutines
for a single frequency. Corrected. Still doesn't pass the derivative test.

------------------------------------------------------------------------
r128 | anya | 2009-05-18 20:35:03 -0600 (Mon, 18 May 2009) | 26 lines

Added some careful safeguarding in the global model parameter module.

Here's the comment for the linear combination routine:

  ! * New rules of the game (HIGHLY RECOMMENDED):
  ! * demand that the output isn't allocated when we call this and similar
  ! * routines. This prevents overwriting an input with a call such as
  ! * m1 = a1*m1 + a2*m2.
  ! * Calls like this cause errors that are extremely hard to debug.
  ! * The reason is that all function arguments are passed by reference
  ! * in Fortran. Setting P = zero(P1) set P1 to zero too, if these are
  ! * the same variable in the calling subroutine.
  ! * This can be avoided by creating temporary variables (inefficient)
  ! * or by copying the variable instead of setting it to zero;
  ! * but the only truly safe practice is the disallow allocated outputs.

This may be a temporary measure (can later replace zero with copy in these
routines, if this turns out a significant drawback in terms of efficiency).
At least, this way we don't have to deal with mysterious segmentation faults.
Derivative testing now runs, but illustrates that there is still something
wrong with the new derivative computations. This needs to be debugged asap.

Also, be very careful to NEVER FORGET to set the allocated attribute to
.FALSE. when it is defined in a data type. Otherwise, the compiler may set
it to .TRUE. on compilation, and that will certainly cause nasty bugs!

------------------------------------------------------------------------
r127 | anya | 2009-05-15 19:36:08 -0600 (Fri, 15 May 2009) | 16 lines

Added a structure to store the full sensitivity matrix to SensMatrix module.
This is a cross between a data vector and a model parameter. 

Ideal to store the full matrix J = df/dm
 OR
the gradient of the data misfit, component-wise, i.e. (J^T)_i r_i.
In this case, one column of J^T is a model parameter, so that J^T acts
on a single data residual to produce the misfit gradient for that data
point with respect to the model parameter; these can be summed up to
obtain the full gradient. Can be useful as another measure of sensitivity.

These matrices will be huge. We don't create them unless they are needed.

(Currently the sensitivity matrix in 2D & 3D MT is stored as a vector of
model parameters; taking up just as much space but not easy to make use of!)

------------------------------------------------------------------------
r126 | anya | 2009-05-15 18:08:44 -0600 (Fri, 15 May 2009) | 26 lines

So, the modular NLCG now runs for the global problem...
It doesn't seem to converge to below the RMS=2 for the example
that I just tried, so something is still wrong; need to compare
with the old code to debug this. Also need to test the derivative etc.

When compiled with the Intel compiler & optimization, the global code
crashes at deallocation of something in test_derivative and NLCG.
Need to figure out why!!!

Also should test that I haven't broken anything in 2D & 3D MT.
Probably not... but a good idea to test.

I have just spent a few hours debugging the following problem:
linComb(a1,m1,a2,m2,m1) where the output overwrites the input
doesn't work unless you create a temporary variable inside the
subroutine; Fortran passes both variables by pointer, so that
if you do something to the output inside the subroutine, that
also changes the first input. To make the code full proof, don't
run it like that!

Next need to finish up a few little things like making a global
write_modelParam subroutine, fixing the write_data etc. Also,
complete coding of the global SensMatrix (Jmult and makeSensMatrix).
Clean up the global variables and use statements a little.
Then start debugging the boundary conditions & poles and profiling.

------------------------------------------------------------------------
r125 | anya | 2009-05-14 12:44:23 -0600 (Thu, 14 May 2009) | 9 lines

The global code compiles with the new SolnRHS, DataSpace & SensMatrix;
but these are not used or debugged yet (in fact, most of SensMatrix
doesn't yet exist).

Also,
1) overloaded the '=' assignment for grid in 2D MT (wasn't done before);
2) overloaded linComb and dotProd for modelParam to make NLCG readable;
3) zero_modelParam and multBy_CmSqrt in fact make more sense as functions.

------------------------------------------------------------------------
r124 | anya | 2009-05-13 18:32:25 -0600 (Wed, 13 May 2009) | 20 lines

Global spherical code updated to match the modular system more closely.
The model parameter now includes the crust (modeldef), and the operators 
have been renamed and are ready to use (model_operators).

Fixed a bug that was there for a while but was never a problem since
I've only used the responses & derivative computations lately. This came
up in calc_symmetry (i.e. Jmult) computations... The layer pointer 
in vectorPj (jacobian) was never set, resulting in a segmentation
fault. Note: takes too much memory with a degree 9 parametrization
to run this on MT!!! DON'T DO THAT!!! 

The path of minimum resistance is to set up its own upper level modules
for the time being (DataSpace and SensMatrix). An immediate goal is to
start using the modular system inversion algorithms. Also, to continue
development in the modular framework, e.g. be specific about the EMsoln
business (currently called SolnRHS). Should make it easier once we start 
working on the boundary conditions.

Some of this is already written, but hasn't been used or debugged yet.

------------------------------------------------------------------------
r123 | anya | 2009-05-08 21:43:53 -0600 (Fri, 08 May 2009) | 34 lines

Major cleanup. Everything seems to still work.
1. EMsoln is now initialized with an iTx (i.e. index to the transmitter dictionary).
   Previously, the index wasn't set until an fwdSolve or sensSolve routine exited
   in EMsolver. EMsoln no longer duplicates the mode/omega/period information;
   instead, these are all accessed through the transmitter dictionary, when needed.
2. EMsolnMTX initialization routines are now in SolnRHS.
   Previously, they were in EMsolver, since they needed access to the transmitter
   dictionary. In fact, there is no need for this routine to know anything except
   the number of transmitters. It is only used to allocate space.
3. Level I modules DataSens and SensMatrix no longer use any of the dictionaries,
   except for the calcQ logical variable in typeDict. This needs to be fixed;
   i.e. the distinction should be made in ModelSens, which is a Level II module.

SolnRHS currently does not use the transmitter dictionary. In general, I see no reason
to hide it from this module.

Things to fix next:
1. Now that the dictionaries are readily available to the I/O modules, need to make
   the read_data and write_data routines generic. Then they may be called in Level I.
   This is especially important for data output during an inversion.
   The same may be true of EM solution.
2. Get rid of the typeDict%calcQ in Level I. Instead, use this variable in ModelSens.
   Complete the 2D MT versions of Qmult/QmultT, and test them. Everything to do with
   the Q business should be in ModelSens.
3. Get rid of the SolnRHS dependency in FWD. Instead, extend the EMfield to include
   the use cases in the forward solvers. The forward solver is a Level III module;
   SolnRHS is Level II (and intended to define general input/output for the respective
   linearized systems of Maxwell's equations in the form A x = b). EM solver uses both
   FWD and SolnRHS, but they shouldn't depend on each other.

The last two fixes are not urgent. We can make use of the full functionality of the
modular system even before these are fixed. They will need to be implemented before
we start working on any major updates to 2D MT or 3D MT.

------------------------------------------------------------------------
r122 | anya | 2009-05-08 18:54:22 -0600 (Fri, 08 May 2009) | 9 lines

The numerical grid is now stored in SensMatrix. All EM solutions
point to that grid; however, the grid pointer in the model parameters
may well be different. The grid has to be set before using any of the
other subroutines in SensMatrix. It can also be set from a Level I
routine, which enables us to write an inversion algorithm that updates
the grid interactively.

Note: previously the grid was stored as SolnRHS_grid in EMsolver.

------------------------------------------------------------------------
r121 | anya | 2009-05-07 18:02:52 -0600 (Thu, 07 May 2009) | 19 lines

Dictionaries are now in separate modules.

NOTE: 

Makefiles should be quite stable from this point on (for a while, at least).

typeDict is still used by DataSens and SensMatrix; this will be fixed soon.
EMsoln_t still duplicates some of the info from the transmitter dictionaries;
this also needs to be fixed.

Then, we can declare the dictionaries private, after including them in the
respective modules:

DataFunc uses txDict, rxDict & typeDict
ModelSens uses txDict & typeDict
EMsolver uses txDict

No other modules (except for I/O) should need to use the dictionaries.

------------------------------------------------------------------------
r120 | anya | 2009-05-07 12:41:59 -0600 (Thu, 07 May 2009) | 15 lines

Another temporary commit. Now officially renamed

MeasComb -> DataSens
PQmult -> ModelSens

& InterpEB -> EMfieldInterp.

Considering SolnRHS -> EMvectors (the point being
that it defines the data types for input & output
vectors in A x = b linearized system of Maxwell's
equations).

Deleted ModelSpace modules (ModelParameter modules
are the upper level modules in ModelSpace group).

------------------------------------------------------------------------
r119 | anya | 2009-05-07 12:21:02 -0600 (Thu, 07 May 2009) | 1 line

A temporary commit; ModelSpace is still present, but it is no longer used (will be deleted in the following commit). Note that both DataSens and ModelSens now use the DataSpace (even though ModelSens is a Level II module, i.e. not generic). DataFunc does not have to use the DataSpace, but there is no reason to prevent it from using it.
------------------------------------------------------------------------
r118 | anya | 2009-05-04 12:18:40 -0600 (Mon, 04 May 2009) | 1 line

Added the initial version of the modular paper to the SVN. These files have been received from Gary on March 19th, 2009
------------------------------------------------------------------------
r117 | anya | 2009-04-09 18:23:48 -0600 (Thu, 09 Apr 2009) | 39 lines

A major update of modelParam naming and functionality. Everything works.

Implements:

Moving the Q stuff to PQmult, and making dummy routines for Qmult / QmultT.

It turns out that QaddT is in fact the closest replacement to the existing 
EMsparseQtoModelParam... it basically adds a column vector Qj to a model parameter. 
This is needed for the full sensitivity matrix... rather, a makeQj routine is needed, 
but QaddT also works.

For now, I basically renamed EMsparseQtoModelParam to QaddT. It should stay as it is
in SensMatrix (it is used for the full Jacobian there). QaddT in DataSens (MeasComb)
should be replaced with QmultT. This has to be done carefully and correctly.
QmultT has not yet been fully implemented for the TM mode in 2D MT.

The parameter calcQ stored in dataType dictionary should not be used in Level I.
Instead, use it in DataFunc and ModelSens to figure out whether Q should be used,
or a dummy routine should be run.

I also created a file_units utility module which contains the I/O file unit numbers 
that can be used globally, so that there is no longer any need to pass the fid 
into the I/O routines.

Cleaned up the model parameter I/O. Make sure a read_modelParam routine always has
    type(grid_t), target, intent(inout)  :: grid
as an argument. This could be used to set up the global grid, but it is critical
in order to specify a valid pointer to the grid in the output modelParam variable.
Otherwise, get mysterious runtime errors when the code tries to access a grid
pointer that points to nowhere!!!

The dependencies have changed: now, DataSens (currently MeasComb) depends on ModelSens.
This is needed because it uses the Q routines.

Also, added the most current version of generic ModelSpace to the SVN. This will be
deleted in the next revision. This way, it will be archived and could be accessed
by restoring it from this revision, if we decide to go ahead and implement this.
Unless it is generic, it doesn't seem worth the effort (and the extra layer of
complication in the code!)
------------------------------------------------------------------------
r116 | anya | 2009-03-30 19:03:14 -0600 (Mon, 30 Mar 2009) | 1 line

Renamed grid3d_t and grid2d_t to grid_t throughout (except, of course, in 3D_MT/FWD, where an explicit 2D grid is required). This had to be done in preparation to adding the upper-level ModelSpace module, since that refers to a generic *grid* which could be any grid. As a result, Grid2D and Grid3D modules had to be renamed to something that could be referred to by ModelSpace module. Calling them Grid would require renaming all of the variables called grid, so instead called them GridDef. Could be renamed later if we come up with a better name.
------------------------------------------------------------------------
r115 | anya | 2009-03-30 18:15:10 -0600 (Mon, 30 Mar 2009) | 1 line

Renamed EMsoln, EMrhs, EMsparse (SolnRHS module) and EMsolnMTX (EMsolver module) types in accordance with out _t convention
------------------------------------------------------------------------
r114 | anya | 2009-03-30 16:59:43 -0600 (Mon, 30 Mar 2009) | 66 lines

Major changes to the organization of the code. Both 2D and 3D work. 

Implemented changes in DataSpace.

1) Added an extra layer in the data vector; now, dataVecMTX_t contains one component
   of type dataVecTX_t for each transmitter, and dataVecTX_t contains one component
   of type dataVec_t for each data type. So that, dataVec_t corresponds to exactly
   one data type and exactly one transmitter, and multiple data types can now be easily
   stored for a single transmitter. Should also be easier to parallelize over transmitters.
   Obviously, updated the basic operators in DataSpace to reflect this change.
   Note that now the nTx in the EMsolnMTX_t finally means the same thing as the nTx
   in dataVecMTX_t, i.e., the number of transmitters (NOT the number of data vectors).
   
2) Deleted the component nData from dataVecMTX_t. It was only duplicating existing
   information, and it wasn't very transparent. Instead, in the few occasions when it
   is needed (e.g., to allocate the sensitivity matrix) it is computed with a function.
   
3) Added the component isComplex to dataVec_t. I think that the sole purpose of 
   the dataType should be to identify the mapping from the EM solution to the data vector.
   The isComplex attribute is just as much an attribute of the data vector itself, and is
   completely general (i.e. makes sense for any possible instance of a data vector). so I
   think storing this information in the dataType instead is rather redundant. When
   isComplex is an attribute of the data vector, and as soon as we sort out the calcQ business, 
   MeasComb and SensMatrix should not need to use the type dictionary to a greater extend 
   than the transmitter or receiver dictionaries.
   Besides, this approach also allows us to do the dot products correctly in the DataSpace.
   
4) Updated SensMatrix to loop over transmitters, then over data types, where necessary.

5) Deleted Jmult_MTX and JmultT_MTX, which previously multiplied each section of J
   corresponding to one transmitter by a separate model parameter (similarly, the
   transpose computed a bunch of model parameters, one for each transmitter).
   These routines were not used by anything. We can always implement them if they are
   ever needed.
   
There are two potential causes for error:
a) accessing error in dataVec before checking the errorBar == .true.; can be avoided by
   allocating space for error even when the error bars are not defined.
b) setting the indices e.g. tx in dataVecTX before the data vector is created (the create
   subroutines initialize all indices to zero to enforce careful treatment of these indices).
Both points can be made more user-friendly (but that would allow sloppier coding!)


Changes to come involve the dictionaries and ModelSpace.

1) A cleaner way to deal with the data I/O is to place it in a module which has access
   to all dictionaries. Currently, the receiver dictionary rxDict is private to DataFunc,
   and the transmitter dictionary txDict is private to EMsolver. Instead, each dictionary
   will be placed in a separate module, and each module will only be used by the modules
   that need it. These should all be the same, except for the additional module which deals
   with the I/O and gathers all of the information together. [In the future, we might want
   to replace the integers in the EMsolver etc routines with variables of transmitter_t,
   receiver_t and dataType_t. That would make the code less error-prone, since the compiler
   would then check for any calling mistakes; and more flexible, since all the dictionary
   business would be completely transparent to the user. However, it might have undesirable
   implications in the hypothetical case of multiple dictionaries. Needs to be thought through.]
   
2) There will be an upper-level module ModelSpace that binds together the model parameter
   and the computational grid in a public data type modelVec_t. The contents of that data
   type will be private, but the grid would be accessible through a subroutine (in F2003,
   could make the model parameter private, the grid public). Then, there is no longer any
   need to hide the modelParam_t attributes and to stick everything to do with the model
   parameters in a single module. As long as the modelParam_t is never used outside of the
   modelParam set of modules, the modularity would be preserved. Instead, modelVec_t should
   be used in all of the upper-level code. The module ModelSpace shall contain the general
   purpose wrappers for all of the necessary model parameter subroutines.
------------------------------------------------------------------------
r113 | anya | 2009-03-13 12:19:15 -0600 (Fri, 13 Mar 2009) | 1 line

Ported the last change from the trunk to the f90Q branch using: svn merge -r 111:112 http://mt.coas.oregonstate.edu/svn/ModEM/trunk/f90
------------------------------------------------------------------------
r112 | anya | 2009-03-13 12:14:46 -0600 (Fri, 13 Mar 2009) | 1 line

Minor change in preparation for adding Qmult/QmultT subroutines to modelParamSens module: grid would not be available to Qmult expect through the modelParam
------------------------------------------------------------------------
r111 | anya | 2009-03-13 12:04:02 -0600 (Fri, 13 Mar 2009) | 1 line

Creating a private branch of trunk/f90 to sort out the Q business and other organizational issues in the code
------------------------------------------------------------------------
r110 | anya | 2009-03-12 17:35:42 -0600 (Thu, 12 Mar 2009) | 1 line

Renamed SensPDEcoeff module to modelParamSens. Gary suggested PQmult, but this seems more self-explanatory: it contains the sensitivities with respect to the model parameter. Would be easy to rename again if necessary
------------------------------------------------------------------------
r109 | anya | 2009-03-06 18:22:09 -0700 (Fri, 06 Mar 2009) | 14 lines

a) Moved the EMfield to FIELDS/FiniteDiff3D; they are now used by both 3D_MT and global;
b) Added the global code to the repository. The code has been exported from the Earth3D
repository, then I renamed files and moved them around to loosely match the ModEM structure;
merged the SG_Basics from global with EMfield in 3D_MT, and renamed a bunch of subroutines
throughout the code to make sure the global code works with the new naming conventions
(for one, renamed grid_info to grid3d_t to merge the EMfield codes!).

All three (2D_MT, 3D_MT and EARTH) now compile and run (and I think all three work correctly).
There are no known bugs in the functionality of the codes, but
 - 3D_MT has a memory leak: NLCG requires more memory as it runs, which shouldn't happen;
 - 3D_MT needs to be profiled and/or parallelized soon to achieve faster computations;
 - EARTH does not yet work with NLCG from the modular system - further changes are required;
 - all need the boundary conditions corrected & updated & cleaned up.  

------------------------------------------------------------------------
r108 | anya | 2009-03-05 18:54:05 -0700 (Thu, 05 Mar 2009) | 13 lines

Finally, merged the EMfield routines between 3D_MT and global.
The version currently in 3D_MT works for both... although sg_boundary
has never been used in global, and sg_diff_oper might not work as is.
Besides, it is not clear how useful these operators are (usually,
would want the operator C without pre-multiplication by unit lengths,
instead of Curl, and also would want the transpose!)
Anyway, currently these operators are implemented separately for global;
would need to think about this to make sure they are general.
Otherwise, only the dot products required a modification from the
cartesian case.
Now planning to move EMfield to a common directory for both, and then
import the global to the SVN repository.

------------------------------------------------------------------------
r107 | anya | 2009-03-05 18:08:16 -0700 (Thu, 05 Mar 2009) | 1 line

Oops... forgot to svn add GridCalc module
------------------------------------------------------------------------
r106 | anya | 2009-03-05 15:02:06 -0700 (Thu, 05 Mar 2009) | 1 line

Moved derived grid computations to GridCalc; now EMfield can be reused for the global problem
------------------------------------------------------------------------
r105 | anya | 2009-03-05 10:23:11 -0700 (Thu, 05 Mar 2009) | 1 line

Updated a few subroutines in sg_vector: overloaded cmplx, conjg, real and imag for cvectors; the global code was also updated to use the new routines, but that is not part of this project yet
------------------------------------------------------------------------
r104 | anya | 2009-03-03 19:15:41 -0700 (Tue, 03 Mar 2009) | 1 line

Cleaned up math_constants; replaced selectedPrec -> prec
------------------------------------------------------------------------
r103 | anya | 2009-03-03 17:13:49 -0700 (Tue, 03 Mar 2009) | 1 line

Cleaned up the module files path business in the makefiles, and made sure they account for include files correctly - fmkmf.pl is up to date
------------------------------------------------------------------------
r102 | anya | 2009-03-02 20:11:12 -0700 (Mon, 02 Mar 2009) | 6 lines

Updated makefile and the script that generates them.
Now there are separate makefiles for debug and release
configurations, making it convenient to use both
interchangeably.


------------------------------------------------------------------------
r101 | anya | 2009-02-27 20:41:54 -0700 (Fri, 27 Feb 2009) | 1 line

Run the sensTest3D and invTest3D for the BLOCK2 model in WS format; everything works.
------------------------------------------------------------------------
r100 | anya | 2009-02-27 19:46:26 -0700 (Fri, 27 Feb 2009) | 1 line

Fixed a really mysterious model reading bug in WS.inc; added some scripts to regrid Cascadia and move sites inland, resulting in cascad3a.imp
------------------------------------------------------------------------
r99 | anya | 2009-02-19 18:27:27 -0700 (Thu, 19 Feb 2009) | 1 line

Added some Cascadia files with zero origin and 3% error floor for testing
------------------------------------------------------------------------
r98 | anya | 2009-02-18 16:52:48 -0700 (Wed, 18 Feb 2009) | 1 line

A few minor corrections to the origin in Matlab scripts, and to Cascadia input files
------------------------------------------------------------------------
r97 | anya | 2009-02-17 15:02:04 -0700 (Tue, 17 Feb 2009) | 17 lines

Cleaned up the input/output model format. ModEM now supports both WS and RM 
(basic) model formats, and this version is configured to use WS. Also, it is
configured to convert the linear conductivities from WS format internally into
LOGE, so that the original WS files can be used for the inversion.
Both formats are in fact illogical (WS format 0, which is supported, does not
conform with the usual geographic convention used by his block formats... why?
God only knows). The read and write routines in sg_scalar.f90 have now been
tested and work; however, they are not used for the model inputs and outputs,
because they in fact *do* support the geographic convention (x is North, from
the bottom up; y is East, left to right). These are the best routines to use
for ASCII output and input, whenever either RM or WS formats are not required.
Matlab scripts also now support both formats (Mackie's is the default).
The model and data files in the Cascadia example should now all be correct,
but I have not tried running the inversion yet... might find that something
is still misbehaving. Rewriting the previous data file with mine (although
that too could still be wrong! - looks right, though).

------------------------------------------------------------------------
r96 | meqbel | 2008-12-19 12:16:20 -0700 (Fri, 19 Dec 2008) | 1 line

corrected data and model files
------------------------------------------------------------------------
r95 | anya | 2008-12-12 14:07:17 -0700 (Fri, 12 Dec 2008) | 1 line

There are some issues with the model axes orientation that need to be clarified... for now, committing the results of a DSM1 inversion with a (possibly) wrong grid orientation. That should not matter, since the prior and the mesh are symmetric.
------------------------------------------------------------------------
r94 | anya | 2008-12-11 22:35:25 -0700 (Thu, 11 Dec 2008) | 1 line

Fixed a mysterios bug. While setting the new OCEAN index (which is 9) in the autoregression covariance, I forgot that was the default! That got fixed, but the fix was accidentally deleted before it was committed to the SVN. Trying to find what it was after a week of not looking at the program was a lot of fun!
------------------------------------------------------------------------
r93 | anya | 2008-12-11 17:57:21 -0700 (Thu, 11 Dec 2008) | 29 lines

Reverted Naser Meqbel SEQUENCE statements commit (sorry Naser!)

These statements were causing warnings with the Intel compiler, like this:

fortcom: Warning: SENS/DataSpace.f90, line 62: The structure length is not a multiple of its 
largest element; could create misalignments for arrays of this type.   [DVECMTX]
  type :: dvecMTX
----------^
ifort -c -O3 3D_MT/Grid3D.f90
fortcom: Warning: 3D_MT/Grid3D.f90, line 34: The structure contains one or more misaligned 
fields. [GRID3D_T]
  type :: grid3d_t
----------^ 

Here is what I read about the SEQUENCES statement in the Fortran 
reference: "When a Fortran compiler allocates memory for a variable of a derived data type, the 
compiler is *not* required to allocate the elements in successive memory locations. This 
freedom was deliberately built into Fortran 95 and Fortran 2003 standards to allow compilers on 
massively parallel computers to optimize memory allocations for the fastest possible 
performance. However, there are times when a strict order of memory allocations is important. 
For example, if you want to pass a variable of a derived data type to a procedure written in 
another language..." 

I believe we should think and discuss this first. For now, I did
svn merge -r 91:90 http://mt.coas.oregonstate.edu/svn/ModEM/trunk/f90

I have left the isnan function in utilities.f90, after correcting the bug that caused compiler 
errors.

------------------------------------------------------------------------
r92 | anya | 2008-12-09 11:39:55 -0700 (Tue, 09 Dec 2008) | 1 line

Converted the inverse solution to the traditional Randie Mackie format
------------------------------------------------------------------------
r91 | meqbel | 2008-12-07 04:27:13 -0700 (Sun, 07 Dec 2008) | 5 lines

Following modifications:
1- Adding SEQUENCE Fortran statement at the top of each Fortran derived data Type in the modular code (2D,3D) to ensure sequential order of the elements inside the data type. This statement is very important to map the Fortran derived data Type to MPI derived data Type in the parallelized version of the modular code.
NOTICE: This statement is a Fortran one and NOT an MPI one, so it has no effect to the serial version of the code.
2- Adding "isnan" function to utilities module, since this function is not provided in all compliers (at least in pgf90)
   
------------------------------------------------------------------------
r90 | anya | 2008-12-05 17:57:26 -0700 (Fri, 05 Dec 2008) | 1 line

Converted the Cascadia files from Prasanta (in WS format) to ModEM input
------------------------------------------------------------------------
r89 | anya | 2008-12-04 19:03:40 -0700 (Thu, 04 Dec 2008) | 1 line

Adding more test files and results for DSM1
------------------------------------------------------------------------
r88 | anya | 2008-12-03 19:29:39 -0700 (Wed, 03 Dec 2008) | 1 line

Corrected a bug in the data output; set OCEAN code to 9
------------------------------------------------------------------------
r87 | anya | 2008-12-03 18:58:44 -0700 (Wed, 03 Dec 2008) | 22 lines

Couple of important bug fixes and temporary patches to do with the user interface in 3D MT only. Details below.

Bug fixed in Grid3D that enables correct usage of the origin in 3D MT. For some reason, in Randie Mackie's model format the origin is supposedly in km, while the other grid definitions are in metres (at least that's what Gary's comment implies). For now, we stick with this arrangement: the origin has to be specified in km.

I have also corrected the units of the transfer functions, which were previously *wrong*. Here is the story. There are three kinds of units that are commonly used for the impedances:

(1) Ohm == [V/m]/[A/m]   SI units for E/H
(2) [V/m]/[T]            SI units for E/B
(3) [mV/km][nT]          practical units for E/B

Now, the modular code uses (2) internally (that is, SI units, and B rather than H). The conversion is like this:

1 Ohm = 104/(4*pi) [mV/km][nT] ~ 796 [mV/km][nT]
1 [mV/km][nT] = 103 [V/m]/[T]

So if the input is in Ohms, we need to multiply it by 107/(4*pi) in the modular code. If it is in [mV/km][nT], we should multiply it by 103.

If we are going to support all these options for the input, we should also support them for the output (so that the output has the same units as the input), - that would make it easier to compare the two. So the output routine should divide by these factors to get the units that the user has specified. This is how I implemented it for now.

Also, I have patched everything together to include the meta data in the data files: the headers that describe the data components and the site IDs. This should work for now. The generality of this program should make simple things like that even simpler; currently the poor interaction between the dictionaries and the data vectors in DataSpace makes even a simple modification like that exceedingly painful.  For example, if you wanted to gather all this information together to e.g. print out an intermediate solution (transfer functions) during an inversion, how would you go about that? 

I have a strong opinion about all this. I believe the whole dictionary / data structures and their interactions have to be completely re-thought. And re-done. The DataSpace module could only contain the data array, with no references to the transmitter or receiver. But in this case there should be an intermediate data structure that contains the data vector and the full transmitter and receiver information. This data structure should be used as the main source of transmitter / receiver information; and should also be used to set up the dictionaries, if they are ever needed. It needs thought and discussion, of course. But what is currently implemented in illogical, impractical and almost impossible to untangle! This is what makes this program so unnecessarily complicated and so difficult to debug. Structural independence of modules could (and should!) be implemented without such an overhead.
------------------------------------------------------------------------
r86 | anya | 2008-12-03 16:35:07 -0700 (Wed, 03 Dec 2008) | 1 line

Updated the test files for 3D MT: BLOCK2 is the WS test model with two blocks; DSM1 is the Dublin Institute model from 2008; Cascadia contains the files that Prasanta Patro used for the first USArray inversion
------------------------------------------------------------------------
r85 | anya | 2008-12-01 18:00:54 -0700 (Mon, 01 Dec 2008) | 1 line

Implemented optional relaxation in the line search routines; it is triggered by the optional parameter gamma. It is useless for NLCG and is probably never going to be needed. The idea behind this was to implement the RSD (Renormalised Steepest Descent). But NLCG seems to be working well enough that no other gradient-based algorithms are required at this point.
------------------------------------------------------------------------
r84 | anya | 2008-12-01 17:17:36 -0700 (Mon, 01 Dec 2008) | 5 lines

Major change in the user interface of the inversion. Now instead of calling NLCG through 
` -I rFile_Model rFile_Data wFile_Model ... ` 
the user has to specify the algorithm after the -I option in the command line. Therefore, the same NLCG call now looks like 
` -I NLCG rFile_Model rFile_Data wFile_Model ... ` 
No other inverse algorithms are implemented at the moment. However, this usage will make it easy to call new algorithms once they are developed.
------------------------------------------------------------------------
r83 | anya | 2008-11-25 17:46:06 -0700 (Tue, 25 Nov 2008) | 1 line

Corrected the conjugation in read_Z in the case of a different sign convention: might be the reason why the DSM1 (Dublin) test data inversion stalled!
------------------------------------------------------------------------
r82 | anya | 2008-11-25 12:51:25 -0700 (Tue, 25 Nov 2008) | 4 lines

Two major updates.
1) Implemented an automatic adjustment for the value of alpha (initial line search step size) in NLCG. Replaced the input with a new parameter delta, which I define to be the initial search step in the intuitive model norm units. In conjunction with the first value of the gradient it is used to adjust the initial value of alpha to a reasonable value. The default (delta = 1) is usually reasonable in the log model space, and on the safe side.
2) Updated the input and output model routines to have universal names and format; they can now be used safely from within the upper level modules such as NLCG.
Note: NLCG still stalls if it encounters a large valley in the model domain space. Need to try alternative algorithms.
------------------------------------------------------------------------
r81 | anya | 2008-10-19 18:23:40 -0600 (Sun, 19 Oct 2008) | 1 line

Oops, the header in the covariance files is now 16 lines long
------------------------------------------------------------------------
r80 | anya | 2008-10-19 18:18:12 -0600 (Sun, 19 Oct 2008) | 1 line

Made the recursive autoregression model covariance symmetric; updated the covariance file format to include the number of times to apply the smoothing operator. Also corrected a minor bug in Matlab script that reads the data files, and added a new test case of 30 sites to mkCond3D.
------------------------------------------------------------------------
r79 | egbert | 2008-10-19 14:46:22 -0600 (Sun, 19 Oct 2008) | 1 line

added covariance test to Mod3DMT
------------------------------------------------------------------------
r78 | anya | 2008-10-18 18:43:43 -0600 (Sat, 18 Oct 2008) | 1 line

Corrected a tiny bug in NLCG that caused it to write all models to one file
------------------------------------------------------------------------
r77 | anya | 2008-10-18 15:36:30 -0600 (Sat, 18 Oct 2008) | 53 lines

Fixed the error that caused the segmentation fault for NLCG.
The problem was that the cvector Dilu was deallocated through
a deallocate() statement in Deallocate_Dilu(), rather than
using a deall_cvector (which unsets Dilu%allocated too).

Here's an extract from my e-mail to Gary:

"I only get a segmentation fault with the Intel compiler (the executable compiled with g95 
just runs... but obviously the problem is still there). I started working on the 3D 
inversion in August (revision 72), and found out that the inversion exits after the first 
computation of the functional with a message

 Ccond or Econd in EdgeCond not allocated yet

I now remember that it took me some time to figure out what was going on. But adding this 
line

   modelDataInitialized = .false.

to exitSolver seemed to solve the problem. Indeed, we called ModelDataCleanUp and 
ModelOperatorCleanUp, but we didn't unset modelDataInitialized (and that had to cause 
problems). So I added the line (among lots of other things) and forgot about it, even 
though the inversion did act weird the first few iterations. I never had time to debug 
that.

Now, this is exactly the line that causes the segmentation fault with the Intel compiler. 
If I comment it out, I get the old EdgeCond message. This is something to do with the fact 
that we don't want to clear the model operators before computing the gradient, but we do 
want to clear them before the next iteration of NLCG. The logical thing to do would be to 
move these lines into the if(initForSens) loop (i.e. only run the deallocation subroutines 
if initFotSens == .true.). I tried that; the first gradient computation runs just fine in 
this case, but that causes a segmentation fault just before the following forward 
computation.

There either has to be an obvious solution to this, or this whole initForSens and 
modelDataInitialized business doesn't work in the context of an inversion! This is all a 
little different in 2D, so it's not easy to compare. I'll certainly try to debug this 
myself, but somehow I think it would be much more efficient if you could help, assuming you 
get this tomorrow morning (since we still need time to run the inversion!). Other than 
this, I have everything pretty much ready for both the synthetic inversion and the Dublin 
test.

The version that's in the SVN right now works just fine except for this problem that I 
described, so you could update it and try running it. All the input files should be in 
examples/ascii, and you could test it with

./Mod3DMT -I pr.cpr de.imp mi.cpr di.imp

Also, I should probably warn you that the 2D won't compile right now because of the few 
lines I inserted in NLCG to output a model every iteration (I have not restructured the 2D 
to have the I/O inside the ModelParameter yet, and it lacks the use statement). You could 
comment these lines out to compile the 2D if you wish."

------------------------------------------------------------------------
r76 | anya | 2008-10-17 19:29:27 -0600 (Fri, 17 Oct 2008) | 15 lines

1) Corrected an obvious bug in create_CmSqrt for recursive autoregression.
   This bug caused the program to stop if run without a model covariance.
   NOTE: currently applying some sort of covariance by default; probably
   not a good idea.
2) Added a write_Cond3D statement to NLCG.
3) Updated the screen message in UserCtrl.

So you see, no significant changes here. Unfortunately, the NLCG program
DOES NOT RUN right now on the examples that I tried. It bombs with a
segmentation fault even if I comment out the covariance (and replace
it with m_out = m_in). It is unhappy about something in initSolver
the first time it tries to compute the gradient. This is an unpleasant
surprise: I seem to remember that everything at least run when I stopped
working on this couple of weeks ago. Will try to debug this asap.

------------------------------------------------------------------------
r75 | anya | 2008-10-16 18:02:58 -0600 (Thu, 16 Oct 2008) | 1 line

Resolved incompatibilities between sensTest3D and 3D_MT (e.g. CondPlot)
------------------------------------------------------------------------
r74 | anya | 2008-08-28 16:46:19 -0600 (Thu, 28 Aug 2008) | 2 lines

OK, the recursive autoregression model covariance compiles and works - in the sense that the test inversion runs just and converges just fine. Now, how do we test it?
Also, corrected the write routines for sg_scalar types and added a reallocation routine for sg_sparse_vector.
------------------------------------------------------------------------
r73 | anya | 2008-08-28 16:42:06 -0600 (Thu, 28 Aug 2008) | 1 line

added an example of model covariance for recursive autoregression
------------------------------------------------------------------------
r72 | anya | 2008-08-26 16:33:45 -0600 (Tue, 26 Aug 2008) | 7 lines

A working commit, that implements most of the building blocks required for the model covariance. 

In 2D, Weerachai's model covariance is used. It has been renamed to Diffusion (since he is solving the diffusion eqn), and stored in 2D_MT/modelParam/modelCov/. It works.

In 3D, currently implementing our recursive autoregression scheme (RecursiveAR, stored in 3D_MT/modelParam/modelCov/). Neither that nor Weerachai's covariance are not yet ready to use, but the respective model covariance structures already exist, along with most of the other pieces. In particular, I've added an iscalar type to implement the mask that defines scaling and smoothing surfaces. In the process of doing so, I've added adequate read and write routines for all scalar types in EMfield/sg_scalar (not all of them tested yet). Moreover, a covariance input file can now be specified and read, to initialize the covariance. I'll provide an example in the next commit.

Other than the 3D covariance, everything (including 3D NLCG) compiles and runs. 
------------------------------------------------------------------------
r71 | meqbel | 2008-08-19 16:02:05 -0600 (Tue, 19 Aug 2008) | 1 line

First parallelized version of the Forward modeling part in the Modular system.The new module called MPI includes all required subroutine to compute the predicted data. The full description is in the PDF file i send in the Email.   
------------------------------------------------------------------------
r70 | meqbel | 2008-08-19 14:29:12 -0600 (Tue, 19 Aug 2008) | 1 line

Changed the version number in Makefile.local. Testing svn commit.
------------------------------------------------------------------------
r69 | anya | 2008-08-18 19:06:08 -0600 (Mon, 18 Aug 2008) | 1 line

Finished the general interface for model covariance (tested on 2D_MT; 3D_MT covariance isn't developed yet).
------------------------------------------------------------------------
r68 | anya | 2008-08-18 16:52:40 -0600 (Mon, 18 Aug 2008) | 1 line

Reorganizing 2D_MT modelParam module. Cleaning up the model covariance.
------------------------------------------------------------------------
r67 | anya | 2008-08-12 16:56:40 -0600 (Tue, 12 Aug 2008) | 1 line

Creating a private branch for Naser Meqbel. It will be used for the development of the parallel MPI version of the modular system
------------------------------------------------------------------------
r66 | anya | 2008-08-08 16:33:29 -0600 (Fri, 08 Aug 2008) | 1 line

Started reorganizing the model parameter module
------------------------------------------------------------------------
r65 | anya | 2008-07-29 12:25:48 -0600 (Tue, 29 Jul 2008) | 1 line

Fixed the bug in writing the 2D Jacobian to a binary file
------------------------------------------------------------------------
r64 | anya | 2008-07-28 12:50:19 -0600 (Mon, 28 Jul 2008) | 2 lines

Index to the dataType dictionary no longer passed to the routines
in the EMsolver: only the transmitter is required by the solver.
------------------------------------------------------------------------
r63 | anya | 2008-07-28 12:34:57 -0600 (Mon, 28 Jul 2008) | 2 lines

Made the mode part of the transmitter dictionary in 2D_MT
(previously it was part of the dataType)
------------------------------------------------------------------------
r62 | anya | 2008-07-24 19:51:16 -0600 (Thu, 24 Jul 2008) | 6 lines

Removed the obsolete DataGridInfo module: txDict and the global grid (SolnRHS_grid)
are now in EMsolver; typeDict is in the DataFunc. Need to make sure that the mode
is part of the transmitter dictionary (index to the type dictionary is not really
needed in the solver). Then, deal with the modelParameter module (covariance etc)
and with the I/O. 

------------------------------------------------------------------------
r61 | anya | 2008-07-22 19:43:01 -0600 (Tue, 22 Jul 2008) | 7 lines

Memory deallocation implemented. Mostly. There is still an extraneous
grid3d floating around after a MULT_BY_J, and a sparsevecc after a
COMPUTE_J in Mod3DMT. And there is still something in modelCov_WS,
EMfield and DataSpace in Mod2DMT (try NLCG!)
But mostly the memory has now been cleaned up. Next we'll deal with
the famous DataGridInfo module.

------------------------------------------------------------------------
r60 | anya | 2008-07-22 16:42:59 -0600 (Tue, 22 Jul 2008) | 1 line

Cleaned up Mod3DMT arguments and memory allocation
------------------------------------------------------------------------
r59 | anya | 2008-07-21 19:30:56 -0600 (Mon, 21 Jul 2008) | 1 line

Calls to the Fortran programs in Test2D/Test3D are updated
------------------------------------------------------------------------
r58 | anya | 2008-07-18 16:37:17 -0600 (Fri, 18 Jul 2008) | 7 lines

Cleaned up some of the memory deallocation in 2D_MT. 
In order to use the warnings of g95 as a debugging tool, 
we need to clean up the memory after the global arrays too. 
Some sparse vectors are still lying around after the
programs exits, but only when the sensitivity calculations
are performed (probably something to do with the linearized
data functionals).
------------------------------------------------------------------------
r57 | anya | 2008-07-16 16:52:41 -0600 (Wed, 16 Jul 2008) | 1 line

Renamed Test2D/Test3D driver programs to Mod2DMT/Mod3DMT (later we'll add ModGlobal to the list! :) )
------------------------------------------------------------------------
r56 | anya | 2008-07-16 16:30:58 -0600 (Wed, 16 Jul 2008) | 7 lines

Set up a slightly cleaner user interface and main program for 2D_MT.
Implemented a UserCtrl.f90 module to parse the command line arguments
and/or to set up major user options (e.g. by reading them from a file).
Also, added a Main.f90 module for 2D_MT with the purpose of initializing
and deallocating global data (meaning the data that used to be defined
in the Test2D program). Test2D will be renamed to... mt2d.

------------------------------------------------------------------------
r55 | anya | 2008-07-11 17:58:13 -0600 (Fri, 11 Jul 2008) | 3 lines

Corrected a bug in reading the data file: the header line
was ignored. Currently, not parsing it, but will need to do
so in the future.
------------------------------------------------------------------------
r54 | anya | 2008-07-09 18:59:58 -0600 (Wed, 09 Jul 2008) | 1 line

Corrected a syntax error in ioAscii.f90 for 3D_MT, that caused gfortran compiler to fail
------------------------------------------------------------------------
r53 | anya | 2008-07-06 16:13:02 -0600 (Sun, 06 Jul 2008) | 7 lines

Commiting the working ASCII version of 3D_MT. The example sensTest3D also works,
and the example files are in examples/3D_MT/ascii.

Need to write a general purpose subroutine that would parse the input to figure
out the data type from the dictionary based on the comment line in the input data.


------------------------------------------------------------------------
r52 | anya | 2008-07-02 13:56:31 -0600 (Wed, 02 Jul 2008) | 9 lines

Corrected a bug in FWDsolve3D subroutine, that caused the inversion to crash 
with a segmentation fault if the maximum number of divergence corrections
was exceeded (this caused the maximum number of iterations to exceed the limit
in EMrelErr the following iteration of QMR).

Also corrected a few bugs in the ASCII version of 3D I/O in Matlab.

This revision is still binary.

------------------------------------------------------------------------
r51 | anya | 2008-06-20 13:08:09 -0600 (Fri, 20 Jun 2008) | 1 line

Corrected a misprint in Matlab tests... invTest3D works perfectly well with binary files. Next step is to make sure 3D_MT works with ASCII
------------------------------------------------------------------------
r50 | anya | 2008-06-19 21:58:03 -0600 (Thu, 19 Jun 2008) | 28 lines

Cleaned up gridType and paramType throughout the Fortran code.
Made sure Matlab scripts match. Now there are two model parameter
types: LOGE and LINEAR. Both refer to conductivity (rather than
resistivity). Note, however, that the ASCII input and output files
contain resistivity, to maintain compatibility with Randie Mackie's
format. Might want more flexibility in the future.

In particular, might want to include at least the following information 
into this particular model parameter type description:

a) RHO / SIGMA
b) LINEAR / LOGE / LOG10
c) CELL / EDGE / FACE ...  SPECTRAL?
(or, even E-CELL / H-FACE etc - i.e. mapping to the grid)
d) EARTH / EARTH+AIR

In conjunction with the grid, the combination of these four would 
provide the full identification for the model parameter. I suggest 
that we specify them all, either as separate variables or as 
a paramType string, e.g. "SIGMA LOGE EARTH H-CELL" (and use the index 
function in Fortran to fish out the necessary bits of information). 
Or, we could break this into two variables: "SIGMA LOGE", "EARTH H-CELL"... 

Anyway, here we are for now. 
2D_MT (both binary and ascii) and 3D_MT (binary) still compile and work
(i.e. pass the sensitivity tests in Matlab).


------------------------------------------------------------------------
r49 | anya | 2008-06-18 21:31:47 -0600 (Wed, 18 Jun 2008) | 20 lines

Finally, 2D_MT works perfectly nicely with ASCII I/O.
Both sensTest2D (linear and log) and invTest2D (log) run and produce
reasonable results. "Randie Mackie's format" now supports LOGE: add
this string at the end of the first line to enforce natural log of
resistivity. Matlab scripts will also understand this.

AIR LAYERS ARE STILL HARD CODED IN FORTRAN AND MATLAB I/O ROUTINES.

This is a major problem, since currently the origin is at the top of
the air layers. Which means that the vertical components of the
site locations have to be FIXED at 295240 meters (given the way
the air layers are currently computed in mkCond2D.m, in readCond_2D.m
and in the Fortran ioAscii.f90 module). Otherwise, the sites are
deep in the Earth or up in the air, which results in weird responses
and is extremely hard to debug - until you figure this out.

This will need to be updated, but everything currently works as it is,
as long as the site locations are correct. This is good enough for
our testing purposes at the moment.

------------------------------------------------------------------------
r48 | anya | 2008-06-18 10:54:51 -0600 (Wed, 18 Jun 2008) | 1 line

An update on 2D_MT ascii IO. Still in a debugging stage.
------------------------------------------------------------------------
r47 | egbert | 2008-06-11 10:19:33 -0600 (Wed, 11 Jun 2008) | 6 lines

matlab/Test2D/mkCond2D.m modified to make air layers
in a simple way: first is same as top Earth layer, then
each subsequent layer increases in thickness by a factor of 3.
Number of layers now hardcoded to 10.


------------------------------------------------------------------------
r46 | anya | 2008-06-09 17:05:20 -0600 (Mon, 09 Jun 2008) | 1 line

Added an ASCII 2D_MT example, which needs to be corrected when it works...
------------------------------------------------------------------------
r45 | anya | 2008-06-09 17:04:36 -0600 (Mon, 09 Jun 2008) | 1 line

Minor changes to 2D_MT sensitivity tests
------------------------------------------------------------------------
r44 | anya | 2008-06-09 17:03:35 -0600 (Mon, 09 Jun 2008) | 3 lines

Everything is ASCII now for 2D_MT, but it is not working!
There is something wrong with the set up of the model parameter,
which needs to be debugged...
------------------------------------------------------------------------
r43 | anya | 2008-05-21 18:49:13 -0600 (Wed, 21 May 2008) | 1 line

Binary 2D_MT examples for Linux added
------------------------------------------------------------------------
r42 | anya | 2008-05-21 18:42:07 -0600 (Wed, 21 May 2008) | 20 lines

HUGE changes that involve renaming all reading and writing routines for consistency.

The Test2D sensitivity and inversion tests in Matlab work perfectly nicely. Although
conf.BINARY switch exists, it is currently ignored. Instead, Matlab uses binary/ascii
routines depending on whether ioBinary or ioAscii is higher in the Matlab path.
There might be a much nicer solution with classes etc; or with driver routines that
use the conf.BINARY switch.

Anyway, I renamed all input and output routines throughout the Matlab directory, but I
could have missed something. Also, for some convenience and consistency issues that
I cannot even recall any longer, it seemed a good idea at the time to transpose 
siteLoc, Z and Zerr in all data structures, so that they are now [nSites,nComp].
I've made sure all binary files work, and any routines that I tested work, but there,
again, might be something that wouldn't. Sorry!!!!! I probably shouldn't have started
making this change. Apparently, need to be *extremely* careful with transposes in
Matlab! A regular transpose also conjugates everything for you nicely, leaving you
wondering what is going on for hours.



------------------------------------------------------------------------
r41 | anya | 2008-05-21 18:29:42 -0600 (Wed, 21 May 2008) | 1 line

Working binary version of 2D_MT. From this point on, using ascii instead.
------------------------------------------------------------------------
r40 | anya | 2008-05-20 15:26:31 -0600 (Tue, 20 May 2008) | 4 lines

Reorganized GENDATA directory into PLOT, Test2D and Test3D. Moved all reading and writing routines to ioBinary.

I'll now rename a few subroutines for consistency, and then I'll make sure that ioAscii and ioBinary have identical driver functions.

------------------------------------------------------------------------
r39 | anya | 2008-05-19 20:41:21 -0600 (Mon, 19 May 2008) | 5 lines

sensTest2D and invTest2D work perfectly nicely with Config2D script and the Test2D Fortran program, using binary 
files. Will now do some renaming and come up with two directories with identical IO functionality: ioBinary and 
ioAscii. Just don't add one of them to the Matlab path. This is not a perfect solution, but it should work for 
now; later we could do the Matlab classes thing.

------------------------------------------------------------------------
r38 | egbert | 2008-04-09 10:15:00 -0600 (Wed, 09 Apr 2008) | 2 lines

Added some documentation finally!

------------------------------------------------------------------------
r37 | anya | 2008-03-24 13:02:04 -0600 (Mon, 24 Mar 2008) | 18 lines

The reason why sensTest3D didn't quite work in the last commit
lay in two book keeping errors: dealing with the Jacobian with
multiple data components in sensTest3D.m and writing the binary
model file in ioBinary.f90. Both have now been corrected, so
sensTest3D works for the logarithmic case in the example I've
tried. However, the fact that book keeping is totally mixed up 
with the paramType variable shows when I run the non-log case:
the paramType in Matlab doesn't match that in Fortran somewhere,
and the programs don't run because of that. This is something
that needs to be fixed asap. I will now try NLCG, and then I'll
insert Weerachai's covariance into the code and try it again. 
Once that works, will need to
1) fix paramType
2) get rid of the memory leaks
3) start using ascii IO
Once that is done, we could start testing the program on the
more realistic cases, and hopefully using it for something.

------------------------------------------------------------------------
r36 | anya | 2008-03-21 16:26:14 -0600 (Fri, 21 Mar 2008) | 27 lines

Corrected few major errors found in the previous revision:
1) scMultAdd was not overloaded correctly in sg_scalar.f90;
   that caused the PCG (solver.f90) called from the divergence 
   correction SdivCorr (EMsolve3D.f90) to mysteriously diverge.
2) Cond3D was deleted after completing the BC_x0_WS in
   SetBound (modelOperator3D.f90). That didn't work because
   it is later required for imode=2.
3) '=' sign was not overloaded for grid3d_t (Grid3D.f90).
   That didn't seem to cause any problems, but it could.
4) deall_grid3d routine (Grid3D.f90) had a misprint which
   caused it to deallocate an array twice in a row and exit
   with a segmentation fault. This has been corrected, but
   it is also a very good idea to include a status check
   in all these basic allocation/deallocation statements.
Also, slightly changed the notation in PCG to make it easier
for me to follow. In Matlab, sensTest3D.m now works.

Here are the first observations: sensTest3D works, but the
full Jacobian in Matlab is wrong for the first 3 components
of the first site of the second frequency. This is most likely
a weird book keeping bug which needs to be fixed.

Otherwise, the sensitivity test works. Have not tried NLCG yet.
Once the Jacobian and NLCG work, the first priority is
1) to get rid of all the memory leaks;
2) to start using ascii IO.

------------------------------------------------------------------------
r35 | anya | 2008-03-20 16:39:36 -0600 (Thu, 20 Mar 2008) | 1 line

Updated Matlab ascii IO routines
------------------------------------------------------------------------
r34 | anya | 2008-03-19 13:41:50 -0600 (Wed, 19 Mar 2008) | 7 lines

The cause of the previous mysterious error was in the IO.
The grid air layers were not set while reading from a binary input.
This has now been corrected. Also, now using Intel compiler (ifort),
hence all the changes in the Makefiles.
Something is still not working: after the first iteration of QMR
in the fwdSolve3D, the QMRiter%rerr goes all over the place,
and no convergence occurs.
------------------------------------------------------------------------
r33 | anya | 2008-02-28 12:44:33 -0700 (Thu, 28 Feb 2008) | 14 lines

There is a bug in the 3D boundary conditions, and I cannot find it!
Test3D compiles but even with a simplest model (such as halfspace)
it says 
 !!! ATTENTION, ERROR WHILE DECOMPOSING MATRIX !!!
 !!! Please, check your model and restart !!!
in SetBound -> BC_x0_WS -> UpdateFreqTE -> FormAII
(see boundary_ws.f90 and FwdTEmod.f90).
It is not happy with the input argument ATE, which is computed
in SetBound -> BC_x0_WS -> UpdateCondTE -> SetupA_TE
using Cond3D -> Cond2D -> CCon. In turn, Cond3D is created
in modelOperator3D.f90 using modelParamToCellCond in UpdateCond.
I do not see anything wrong with Cond3D... need to find it.
Otherwise, ascii IO and Matlab scripts are almost ready to use.

------------------------------------------------------------------------
r32 | anya | 2008-02-27 17:12:39 -0700 (Wed, 27 Feb 2008) | 1 line

Ok, now all Matlab scripts are there for 3D. Need to correct paramType issues in Fortran.
------------------------------------------------------------------------
r31 | anya | 2008-02-27 15:21:58 -0700 (Wed, 27 Feb 2008) | 14 lines

Added a nice Matlab feature that Gary will like ;)
Matlab scripts Config2D and Config3D define a structure
called conf, which contains a bunch of settings used
to generate the model. In mkCond2D, conf is an input
argument. Other input arguments are file names.
Output arguments are model and data structures, and
the prior model. Script cpCond2D has been renamed
to dCond2D (it is no longer needed to create the prior,
just the perturbation in the model, and hence can be
simplified). Matlab script Test3D has been created.
The structure conf is written into a config.mat file
by sensTest2D, which is read if present. So, any
modifications to the model will be saved there.

------------------------------------------------------------------------
r30 | anya | 2008-02-26 17:10:08 -0700 (Tue, 26 Feb 2008) | 23 lines

Test3D now compiles. It should work just like Test2D, 
except for the obvious: readAll_Cond3D does not yet
exist, so MULT_BY_J_MTX will not work; the RM model
format writing routine does not yet exist; paramType
is a mess and might create problems. The matlab should
be all set up to work with the ioBinary (but not the
ascii versions of the files yet). Nothing has been
tested in the 3D! I'll now put together a test in Matlab.
Also need to clear up the memory leaks and carefully
override the = signs for all types to avoid mysterious
trouble in the future.
The only differences between Test2D and Test3D:
1) names of read/write subroutines - they do not have
   to be different;
2) grid is passed to write routines in Test2D - no
   need for this any longer;
3) paramType is passed to read routines in Test3D -
   should be the same in 2D;
4) solverParams are defined and initialized in Test3D
   - this also should be adopted for the 2D;
5) there are no modes in 3D - the only real difference.


------------------------------------------------------------------------
r29 | anya | 2008-02-25 19:49:21 -0700 (Mon, 25 Feb 2008) | 6 lines

Moved (most) IO routines from ModelParameter.f90 to ioBinary.f90 
and ioAscii.f90. Changed the routine set_modelParam significantly.
In general, I don't like how the paramType is being handled.
It needs cleaning up.
The routine writeRMgridModel does not yet exist. The new version
of Test3D has not yet been committed. It needs more work still.
------------------------------------------------------------------------
r28 | anya | 2008-02-22 12:51:40 -0700 (Fri, 22 Feb 2008) | 6 lines

Test2D corrected to compute predicted data on output from NLCG.
Note that there is another mystical issue coming out: if we make
NLCG input parameter inout, and try to pass back the predicted
data, the binary output for the predicted data is corrupted
(smaller size and not readable by Matlab). I will need to look
into this issue once we have ascii output.
------------------------------------------------------------------------
r27 | anya | 2008-02-21 14:41:38 -0700 (Thu, 21 Feb 2008) | 2 lines

Reorganized the ioMod structure for 3D_MT similarly to 2D_MT:
created a subdirectory for I/O modules. Currently using binary.
------------------------------------------------------------------------
r26 | anya | 2008-02-21 13:00:49 -0700 (Thu, 21 Feb 2008) | 7 lines

svn propset -R svn:eol-style LF doc
svn propset -R svn:eol-style LF f90
svn propset -R svn:eol-style LF matlab
svn propset -R svn:eol-style native examples

Also, mkFiles.m now runs the inversion and reads the output files.

------------------------------------------------------------------------
r25 | anya | 2008-02-20 13:36:53 -0700 (Wed, 20 Feb 2008) | 14 lines

Modified the boundary conditions in 3D_MT. There is now a wrapper
in modelOperator3D.f90 that runs BC_x0_WS from boundary_ws.f90.
It uses cell conductivity Cond3D, set by updateCond along with 
the edge conductivities condE.
2D_MT compiles and works.
3D_MT compiles, but I haven't tested it yet. To do that, I now
need to devise a Test3D driver program similar to Test2D, and
the matlab utilities to create test files. I will now do that.
Next:
1) carefully overload all '=' signs for data types
2) make sure that NLCG outputs predicted data
3) make sure that NLCG has access to IO tools
4) transition to ascii IO format
5) get rid of all the memory leaks
------------------------------------------------------------------------
r24 | anya | 2008-02-19 19:08:21 -0700 (Tue, 19 Feb 2008) | 7 lines

Important change: reference to sigma deleted from EMsoln!
2D compiles and works, that is, the inversion runs and converges
and the program passes sensTest2D.
However, there is still a reference to sigma in fwdSolve in 3D
which will cause it to not work, until the subroutine which
sets the boundary conditions is changed to use the Econd variable
in modelOperator3D module (the edge conductivity).
------------------------------------------------------------------------
r23 | anya | 2008-02-19 16:12:30 -0700 (Tue, 19 Feb 2008) | 12 lines

Hard to believe, but we have finally figured out what caused
NLCG to bomb when eAll argument is passed to JmultT. Here it is:
the pointer to modelParam in EMsoln (eAll%solns(j)%sigma) is set
(inside fwdPred(m,dHat,eAll)) to the input argument m. That input
argument in NLCG is local, and obviously gets deallocated before
we call the gradient computation. Gary's idea was that the model
input argument to fwdPred should always be floating around, but
who knew ;)
Everything is cleaned up in this commit. The next commit will
have no pointer to the model parameter in EMsoln; instead, it
will be explicitly passed to the subroutines that use it (modules
SensPDEcoeff and DataFunc).
------------------------------------------------------------------------
r22 | anya | 2008-02-18 17:33:09 -0700 (Mon, 18 Feb 2008) | 1 line

Create script mkFiles to create files for inversion tests; deleted Archive dir with old scripts
------------------------------------------------------------------------
r21 | anya | 2008-02-18 16:25:16 -0700 (Mon, 18 Feb 2008) | 1 line

Cleaned up mkCond2D.m a little (SENS_MATRIX=0 means run the test without the full sensitivity matrix).
------------------------------------------------------------------------
r20 | anya | 2008-02-15 18:25:08 -0700 (Fri, 15 Feb 2008) | 5 lines

Implements reading grid from a model parameter file (Matlab).
Should have very minimal effect on everything Gary has implemented:
grid is a new field in the model parameter structure; if it is not
found, writeCond2D.m asks for a third input argument. If grid is
an input argument, it overrides the grid stored in the model structure.
------------------------------------------------------------------------
r19 | anya | 2008-02-15 18:21:34 -0700 (Fri, 15 Feb 2008) | 1 line

Implements reading grid from a model parameter file (Fortran)
------------------------------------------------------------------------
r18 | anya | 2008-02-15 17:06:03 -0700 (Fri, 15 Feb 2008) | 1 line

Includes new versions of sensitivity test code sensTest2D.m replacing sensTest.m and mkCond2D.m replacing mkCond.m. Note that although CondDataMaps program has now been replaced by Test2D, the system calls had not been corrected yet. To use Gary's set of utilities rename Test2D to CondDataMaps. This will be corrected in the next commit.
------------------------------------------------------------------------
r17 | anya | 2008-02-15 16:23:43 -0700 (Fri, 15 Feb 2008) | 16 lines

Slightly corrected and updated Test2D.f90. It now works with
the Matlab scripts (next commit) in place of both CondDataMaps
and TETMtest.
This code version passes the sensitivity test. However, 
worrying news: I just tried NLCG on a small *2D* example,
and again it crashes on JmultT if eAll argument is specified!
I am very concerned since I don't remember changing anything
in EMsolver.f90 or in SensMatrix.f90 since we corrected this.

However, the next thing I am doing is deleting the explicit
reading of the grid file, which is currently required and
hardcoded. To do this, I will include a reference to this
file name into the binary model files both in Fortran and
in Matlab IO. This will next also allow to painlessly switch
to ascii IO. Next I will write a cleaner Matlab sensitivity test (i.e. I'll clean up sensTest2D.m) and make nice 3D versions of Test2D.f90 and seneTest2D.m. Only then I'll try
to figure out what happened to JmultT in NLCG context.
------------------------------------------------------------------------
r16 | anya | 2008-02-08 18:27:00 -0700 (Fri, 08 Feb 2008) | 9 lines

No major changes, except in the driver program Test2D,
which is now all set up to use command line arguments,
except for the grid file name (which needs specific
discussion, since it should probably be referenced in
the model parameter file).
The changes in all other files are attempts to clean up
the errStop statement a little bit and to get rid of
the unnecessary msg character variables. The 3D EMfield
modules are still quite a mess in this respect.
------------------------------------------------------------------------
r15 | anya | 2008-02-08 18:22:36 -0700 (Fri, 08 Feb 2008) | 18 lines

Here is the main issue: all Gary's functions in Matlab operate with Matlab variables
running the Fortran program through writing and reading intermediate files, the names
of which are all hard coded in Matlab. This is nice since it makes the Matlab code
look simple and readable, but the user has no control of anything going on in the file
system. I suggest transitioning to running a Matlab version of Test2D, that calls
the Fortran program with command line arguments. The following modifications are intended
to assist in this transition:
1) Moved ascii I/O routines to ioAscii and left them alone for now;
2) Created Test2D.m that runs the Fortran program Test2D with command line arguments
   (currently, only the name of the grid file is hardcoded to Test1.grd, the rest
    could be passed as command line arguments);
3) Created two functions out of mkCond.m and named them mkCond2D.m and setCond2D.m;
4) Created a test driver program sensTest2D.m that could be run as a replacement
   to condDataMapsTest.m, that automatically creates grid and model files and the
   scratch subdirectory. Uses a symbolic link CondDataMaps that points to Test2D program.
I will next replace the calls to the Fortran program in sensTest2D.m with Test2D calls
and transparent command line arguments, using file names instead of Matlab structures;
then reading the files into Matlab structures and plotting them.
------------------------------------------------------------------------
r14 | anya | 2008-02-04 14:58:09 -0700 (Mon, 04 Feb 2008) | 1 line

Corrected the two most obvious bugs in NLCG.m and lineSearchNA.m and set the svn:eol-style = LF property value recursively on all files
------------------------------------------------------------------------
r13 | anya | 2008-02-04 14:40:41 -0700 (Mon, 04 Feb 2008) | 1 line

Resolved a conflict created by two identical (except the case) file names under Windows
------------------------------------------------------------------------
r12 | anya | 2008-02-04 14:26:54 -0700 (Mon, 04 Feb 2008) | 1 line

Importing Garys Matlab code from Modular2d and from 3DMT directories; 2D_MT and 3D_MT code is all mixed up at present
------------------------------------------------------------------------
r11 | anya | 2008-02-03 23:16:59 -0700 (Sun, 03 Feb 2008) | 5 lines

Replaced the driver program Test2D.f90 with something more usable 
(that could also replace the CondDataMaps.f90 that was previously
needed to run jobs from Matlab). Both binary and ascii versions
of the code should work, but it's possible that there were bugs
introduced since I haven't really tested anything yet.
------------------------------------------------------------------------
r10 | anya | 2008-01-31 16:49:16 -0700 (Thu, 31 Jan 2008) | 17 lines

Reorganized input/output (just for the 2D_MT for now). 
Instead of a single IoMod.f90, created a subdirectory 2D_MT/ioMod
with a binary and an ascii version of IO subroutines. This means
that now Makefile has to be recreated if you want to change from
binary to ascii input or vice versa. This is probably the first
example of the usage of the "modularity" of this program.
Thus, to change from ascii to binary need to
1) replace 'use ioascii' with 'use iobinary' in Test2D,
2) run 'sh Configure.2D_MT; make'

Also, IO routines for modelParam are now in the ioMod. Before
Gary goes: 'Arh! NO! How could she do that?!', note that the
contents of the modelParam_t still have their private attribute,
but I have modified the subroutine create_modelParam and created
getValue_modelParam to extract the data for output. Added input
and output for Randie Mackie's ascii 2D model format. Will now
modify the data format slightly and create a nicer driver program.
------------------------------------------------------------------------
r9 | anya | 2008-01-29 13:52:07 -0700 (Tue, 29 Jan 2008) | 1 line

Created subdirectories for the input files and Eclipse settings (using General -> Project menu)
------------------------------------------------------------------------
r8 | anya | 2008-01-29 13:50:27 -0700 (Tue, 29 Jan 2008) | 1 line

Recreated Eclipse settings to something that works on Linux; will now attempt to make them general enough to work in Cygwin. Described how I did this in the README file.
------------------------------------------------------------------------
r7 | anya | 2008-01-29 13:11:45 -0700 (Tue, 29 Jan 2008) | 1 line

Undoing commit 5: accidentally commited corrupted Eclipse preferences
------------------------------------------------------------------------
r6 | egbert | 2008-01-28 17:35:54 -0700 (Mon, 28 Jan 2008) | 1 line

bug in EMsolver fixed
------------------------------------------------------------------------
r5 | anya | 2008-01-28 12:59:20 -0700 (Mon, 28 Jan 2008) | 1 line

Adding Eclipse preferences to trunk/f90: this is meant to be checked out as a separate Eclipse/Photran project
------------------------------------------------------------------------
r4 | meqbel | 2008-01-25 14:56:04 -0700 (Fri, 25 Jan 2008) | 1 line

Testing Naser's ability to commit
------------------------------------------------------------------------
r3 | anya | 2008-01-25 13:44:41 -0700 (Fri, 25 Jan 2008) | 1 line

Initial import of the source code; 2D_MT should work
------------------------------------------------------------------------
r2 | anya | 2008-01-25 11:42:47 -0700 (Fri, 25 Jan 2008) | 1 line

Creating directories for source, documentation and examples
------------------------------------------------------------------------
r1 | root | 2008-01-24 18:25:45 -0700 (Thu, 24 Jan 2008) | 1 line

Creating initial branch structure
------------------------------------------------------------------------
